<?xml version="1.0"?>
<!--<!DOCTYPE metadata SYSTEM "http://www.esri.com/metadata/esriprof80.dtd">-->
<metadata xml:lang="es"><Esri><CreaDate>20100522</CreaDate><CreaTime>15183700</CreaTime><SyncOnce>FALSE</SyncOnce><SyncDate>20090224</SyncDate><SyncTime>13363100</SyncTime><ModDate>20090224</ModDate><ModTime>13363100</ModTime><DataProperties><lineage><Process Name="FeatureClassToFeatureClass_1" ToolSource="C:\Archivos de programa\ArcGIS\ArcToolbox\Toolboxes\Conversion Tools.tbx\FeatureClassToFeatureClass" Date="20090129" Time="093734">FeatureClassToFeatureClass "C:\Documents and Settings\master\Escritorio\vias urbanas 1\VIA_URBANA.shp" C:\SIG_TOCANCIPA\SIG_TOCANCIPA.mdb\_General G_Vias_Urbana # "OBJECTID OBJECTID true false false 9 Long 0 9 ,First,#,C:\Documents and Settings\master\Escritorio\vias urbanas 1\VIA_URBANA.shp,OBJECTID,-1,-1;FNODE_ FNODE_ true false false 9 Long 0 9 ,First,#,C:\Documents and Settings\master\Escritorio\vias urbanas 1\VIA_URBANA.shp,FNODE_,-1,-1;TNODE_ TNODE_ true false false 9 Long 0 9 ,First,#,C:\Documents and Settings\master\Escritorio\vias urbanas 1\VIA_URBANA.shp,TNODE_,-1,-1;LPOLY_ LPOLY_ true false false 9 Long 0 9 ,First,#,C:\Documents and Settings\master\Escritorio\vias urbanas 1\VIA_URBANA.shp,LPOLY_,-1,-1;RPOLY_ RPOLY_ true false false 9 Long 0 9 ,First,#,C:\Documents and Settings\master\Escritorio\vias urbanas 1\VIA_URBANA.shp,RPOLY_,-1,-1;LENGTH LENGTH true false false 19 Double 0 0 ,First,#,C:\Documents and Settings\master\Escritorio\vias urbanas 1\VIA_URBANA.shp,LENGTH,-1,-1;VIAS_URB_ VIAS_URB_ true false false 9 Long 0 9 ,First,#,C:\Documents and Settings\master\Escritorio\vias urbanas 1\VIA_URBANA.shp,VIAS_URB_,-1,-1;VIAS_URB_I VIAS_URB_I true false false 9 Long 0 9 ,First,#,C:\Documents and Settings\master\Escritorio\vias urbanas 1\VIA_URBANA.shp,VIAS_URB_I,-1,-1;DEPTO_ID DEPTO_ID true false false 50 Text 0 0 ,First,#,C:\Documents and Settings\master\Escritorio\vias urbanas 1\VIA_URBANA.shp,DEPTO_ID,-1,-1;MPIO_ID MPIO_ID true false false 50 Text 0 0 ,First,#,C:\Documents and Settings\master\Escritorio\vias urbanas 1\VIA_URBANA.shp,MPIO_ID,-1,-1;ZURB_ID ZURB_ID true false false 20 Text 0 0 ,First,#,C:\Documents and Settings\master\Escritorio\vias urbanas 1\VIA_URBANA.shp,ZURB_ID,-1,-1;SEC_ID SEC_ID true false false 20 Text 0 0 ,First,#,C:\Documents and Settings\master\Escritorio\vias urbanas 1\VIA_URBANA.shp,SEC_ID,-1,-1;VIA_ID VIA_ID true false false 20 Text 0 0 ,First,#,C:\Documents and Settings\master\Escritorio\vias urbanas 1\VIA_URBANA.shp,VIA_ID,-1,-1;VIA_TIPO VIA_TIPO true false false 50 Text 0 0 ,First,#,C:\Documents and Settings\master\Escritorio\vias urbanas 1\VIA_URBANA.shp,VIA_TIPO,-1,-1;VIA_LONGI VIA_LONGI true false false 19 Double 0 0 ,First,#,C:\Documents and Settings\master\Escritorio\vias urbanas 1\VIA_URBANA.shp,VIA_LONGI,-1,-1;VIA_NOMBRE VIA_NOMBRE true false false 100 Text 0 0 ,First,#,C:\Documents and Settings\master\Escritorio\vias urbanas 1\VIA_URBANA.shp,VIA_NOMBRE,-1,-1;VIA_NOMENC VIA_NOMENC true false false 50 Text 0 0 ,First,#,C:\Documents and Settings\master\Escritorio\vias urbanas 1\VIA_URBANA.shp,VIA_NOMENC,-1,-1;VIA_NUM_SE VIA_NUM_SE true false false 1 Text 0 0 ,First,#,C:\Documents and Settings\master\Escritorio\vias urbanas 1\VIA_URBANA.shp,VIA_NUM_SE,-1,-1;VIA_COD_SE VIA_COD_SE true false false 19 Double 0 0 ,First,#,C:\Documents and Settings\master\Escritorio\vias urbanas 1\VIA_URBANA.shp,VIA_COD_SE,-1,-1;VIA_DESCRI VIA_DESCRI true false false 50 Text 0 0 ,First,#,C:\Documents and Settings\master\Escritorio\vias urbanas 1\VIA_URBANA.shp,VIA_DESCRI,-1,-1;Shape_Leng Shape_Leng true false false 19 Double 0 0 ,First,#,C:\Documents and Settings\master\Escritorio\vias urbanas 1\VIA_URBANA.shp,Shape_Leng,-1,-1" # C:\SIG_TOCANCIPA\SIG_TOCANCIPA.mdb\_General\G_Vias_Urbana</Process><Process ToolSource="C:\Archivos de programa\ArcGIS\ArcToolbox\Toolboxes\Data Management Tools.tbx\CopyFeatures" Date="20090216" Time="100906">CopyFeatures C:\SIG_TOCANCIPA\SIG_TOCANCIPA.mdb\_General\G_Via_Urbana_Eje C:\gis\G_Via_Urbana_Eje.shp # 0 0 0</Process><Process Name="FeatureClassToFeatureClass_1" ToolSource="C:\Archivos de programa\ArcGIS\ArcToolbox\Toolboxes\Conversion Tools.tbx\FeatureClassToFeatureClass" Date="20090216" Time="103137">FeatureClassToFeatureClass C:\gis\G_Via_Urbana_Eje.shp C:\SIG_TOCANCIPA\SIG_TOCANCIPA.mdb\_General G_Via_Urbana_Eje_Ale # "DEPTO_ID DEPTO_ID true false false 2 Text 0 0 ,First,#,C:\gis\G_Via_Urbana_Eje.shp,DEPTO_ID,-1,-1;MPIO_ID MPIO_ID true false false 5 Text 0 0 ,First,#,C:\gis\G_Via_Urbana_Eje.shp,MPIO_ID,-1,-1;TPO_ID TPO_ID true false false 7 Text 0 0 ,First,#,C:\gis\G_Via_Urbana_Eje.shp,TPO_ID,-1,-1;VIA_ID VIA_ID true false false 5 Text 0 0 ,First,#,C:\gis\G_Via_Urbana_Eje.shp,VIA_ID,-1,-1;VIA_TIPO VIA_TIPO true false false 20 Text 0 0 ,First,#,C:\gis\G_Via_Urbana_Eje.shp,VIA_TIPO,-1,-1;VIA_NOMBRE VIA_NOMBRE true false false 100 Text 0 0 ,First,#,C:\gis\G_Via_Urbana_Eje.shp,VIA_NOMBRE,-1,-1;VIA_DESCRI VIA_DESCRI true false false 100 Text 0 0 ,First,#,C:\gis\G_Via_Urbana_Eje.shp,VIA_DESCRI,-1,-1;VIA_NOMENC VIA_NOMENC true false false 50 Text 0 0 ,First,#,C:\gis\G_Via_Urbana_Eje.shp,VIA_NOMENC,-1,-1;VIA_RODADU VIA_RODADU true false false 50 Text 0 0 ,First,#,C:\gis\G_Via_Urbana_Eje.shp,VIA_RODADU,-1,-1;Shape_Leng Shape_Leng true false false 19 Double 0 0 ,First,#,C:\gis\G_Via_Urbana_Eje.shp,Shape_Leng,-1,-1" # C:\SIG_TOCANCIPA\SIG_TOCANCIPA.mdb\_General\G_Via_Urbana_Eje_Ale</Process><Process ToolSource="C:\Archivos de programa\ArcGIS\ArcToolbox\Toolboxes\Data Management Tools.tbx\CopyFeatures" Date="20090224" Time="110630">CopyFeatures C:\SIG_TOCANCIPA\SIG_TOCANCIPA.mdb\_GENERAL\G_Via_Urbana_Eje C:\gis\G_Via_Urbana_Eje.shp # 0 0 0</Process><Process Name="FeatureClassToFeatureClass_3" ToolSource="C:\Archivos de programa\ArcGIS\ArcToolbox\Toolboxes\Conversion Tools.tbx\FeatureClassToFeatureClass" Date="20090224" Time="133632">FeatureClassToFeatureClass C:\gis\G_Via_Urbana_Eje.shp C:\SIG_TOCANCIPA\SIG_TOCANCIPA.mdb\_GENERAL G_Via_Urbana_Eje1 # "DEPTO_ID DEPTO_ID true false false 2 Text 0 0 ,First,#,C:\gis\G_Via_Urbana_Eje.shp,DEPTO_ID,-1,-1;MPIO_ID MPIO_ID true false false 5 Text 0 0 ,First,#,C:\gis\G_Via_Urbana_Eje.shp,MPIO_ID,-1,-1;TPO_ID TPO_ID true false false 7 Text 0 0 ,First,#,C:\gis\G_Via_Urbana_Eje.shp,TPO_ID,-1,-1;VIA_ID VIA_ID true false false 5 Text 0 0 ,First,#,C:\gis\G_Via_Urbana_Eje.shp,VIA_ID,-1,-1;VIA_TIPO VIA_TIPO true false false 20 Text 0 0 ,First,#,C:\gis\G_Via_Urbana_Eje.shp,VIA_TIPO,-1,-1;VIA_NOMBRE VIA_NOMBRE true false false 100 Text 0 0 ,First,#,C:\gis\G_Via_Urbana_Eje.shp,VIA_NOMBRE,-1,-1;VIA_DESCRI VIA_DESCRI true false false 100 Text 0 0 ,First,#,C:\gis\G_Via_Urbana_Eje.shp,VIA_DESCRI,-1,-1;VIA_NOMENC VIA_NOMENC true false false 50 Text 0 0 ,First,#,C:\gis\G_Via_Urbana_Eje.shp,VIA_NOMENC,-1,-1;VIA_RODADU VIA_RODADU true false false 50 Text 0 0 ,First,#,C:\gis\G_Via_Urbana_Eje.shp,VIA_RODADU,-1,-1;SIGIT_NOME SIGIT_NOME true false false 50 Text 0 0 ,First,#,C:\gis\G_Via_Urbana_Eje.shp,SIGIT_NOME,-1,-1;Shape_Leng Shape_Leng true false false 19 Double 0 0 ,First,#,C:\gis\G_Via_Urbana_Eje.shp,Shape_Leng,-1,-1;Shape_Le_1 Shape_Le_1 true false false 19 Double 0 0 ,First,#,C:\gis\G_Via_Urbana_Eje.shp,Shape_Le_1,-1,-1" # C:\SIG_TOCANCIPA\SIG_TOCANCIPA.mdb\_GENERAL\G_Via_Urbana_Eje1</Process></lineage></DataProperties><MetaID>{C8F7FE5F-F6A5-41F2-95CF-696A42B81F3C}</MetaID></Esri><idinfo><native Sync="TRUE">Microsoft Windows XP Version 5.1 (Build 2600) Service Pack 3; ESRI ArcCatalog 9.2.6.1500</native><descript><langdata Sync="TRUE">es</langdata><abstract>REQUIRED: A brief narrative summary of the data set.</abstract><purpose>REQUIRED: A summary of the intentions with which the data set was developed.</purpose></descript><citation><citeinfo><origin>REQUIRED: The name of an organization or individual that developed the data set.</origin><pubdate>REQUIRED: The date when the data set is published or otherwise made available for release.</pubdate><title Sync="TRUE">G_Via_Urbana_Eje1</title><ftname Sync="TRUE">G_Via_Urbana_Eje1</ftname><geoform Sync="TRUE">vector digital data</geoform><onlink Sync="TRUE"></onlink></citeinfo></citation><timeperd><current>REQUIRED: The basis on which the time period of content information is determined.</current><timeinfo><sngdate><caldate>REQUIRED: The year (and optionally month, or month and day) for which the data set corresponds to the ground.</caldate></sngdate></timeinfo></timeperd><status><progress>REQUIRED: The state of the data set.</progress><update>REQUIRED: The frequency with which changes and additions are made to the data set after the initial data set is completed.</update></status><spdom><bounding><westbc Sync="TRUE">REQUIRED: Western-most coordinate of the limit of coverage expressed in longitude.</westbc><eastbc Sync="TRUE">REQUIRED: Eastern-most coordinate of the limit of coverage expressed in longitude.</eastbc><northbc Sync="TRUE">REQUIRED: Northern-most coordinate of the limit of coverage expressed in latitude.</northbc><southbc Sync="TRUE">REQUIRED: Southern-most coordinate of the limit of coverage expressed in latitude.</southbc></bounding></spdom><keywords><theme><themekt>REQUIRED: Reference to a formally registered thesaurus or a similar authoritative source of theme keywords.</themekt><themekey>REQUIRED: Common-use word or phrase used to describe the subject of the data set.</themekey></theme></keywords><accconst>REQUIRED: Restrictions and legal prerequisites for accessing the data set.</accconst><useconst>REQUIRED: Restrictions and legal prerequisites for using the data set after access is granted.</useconst><natvform Sync="TRUE">Personal GeoDatabase Feature Class</natvform></idinfo><dataIdInfo><envirDesc Sync="TRUE">Microsoft Windows XP Version 5.1 (Build 2600) Service Pack 3; ESRI ArcCatalog 9.2.6.1500</envirDesc><dataLang><languageCode Sync="TRUE" value="es"></languageCode></dataLang><idCitation><resTitle Sync="TRUE">G_Via_Urbana_Eje1</resTitle><presForm><PresFormCd Sync="TRUE" value="005"></PresFormCd></presForm></idCitation><spatRpType><SpatRepTypCd Sync="TRUE" value="001"></SpatRepTypCd></spatRpType></dataIdInfo><metainfo><langmeta Sync="TRUE">es</langmeta><metstdn Sync="TRUE">FGDC Content Standards for Digital Geospatial Metadata</metstdn><metstdv Sync="TRUE">FGDC-STD-001-1998</metstdv><mettc Sync="TRUE">local time</mettc><metc><cntinfo><cntorgp><cntper>REQUIRED: The person responsible for the metadata information.</cntper><cntorg>REQUIRED: The organization responsible for the metadata information.</cntorg></cntorgp><cntaddr><addrtype>REQUIRED: The mailing and/or physical address for the organization or individual.</addrtype><city>REQUIRED: The city of the address.</city><state>REQUIRED: The state or province of the address.</state><postal>REQUIRED: The ZIP or other postal code of the address.</postal></cntaddr><cntvoice>REQUIRED: The telephone number by which individuals can speak to the organization or individual.</cntvoice></cntinfo></metc><metd Sync="TRUE">20090224</metd><metextns><onlink Sync="TRUE">http://www.esri.com/metadata/esriprof80.html</onlink><metprof Sync="TRUE">ESRI Metadata Profile</metprof></metextns></metainfo><mdLang><languageCode Sync="TRUE" value="es"></languageCode></mdLang><mdStanName Sync="TRUE">ISO 19115 Geographic Information - Metadata</mdStanName><mdStanVer Sync="TRUE">DIS_ESRI1.0</mdStanVer><mdChar><CharSetCd Sync="TRUE" value="004"></CharSetCd></mdChar><mdHrLv><ScopeCd Sync="TRUE" value="005"></ScopeCd></mdHrLv><mdHrLvName Sync="TRUE">dataset</mdHrLvName><distinfo><resdesc Sync="TRUE">Downloadable Data</resdesc><stdorder><digform><digtinfo><transize Sync="TRUE">0,000</transize><dssize Sync="TRUE">0,000</dssize></digtinfo></digform></stdorder></distinfo><distInfo><distributor><distorTran><onLineSrc><orDesc Sync="TRUE">002</orDesc><linkage Sync="TRUE">file://</linkage><protocol Sync="TRUE">Local Area Network</protocol></onLineSrc><transSize Sync="TRUE">0,000</transSize></distorTran><distorFormat><formatName Sync="TRUE">Personal GeoDatabase Feature Class</formatName></distorFormat></distributor></distInfo><spdoinfo><direct Sync="TRUE">Vector</direct><ptvctinf><esriterm Name="G_Via_Urbana_Eje1"><efeatyp Sync="TRUE">Simple</efeatyp><efeageom Sync="TRUE">Polyline</efeageom><esritopo Sync="TRUE">FALSE</esritopo><efeacnt Sync="TRUE">0</efeacnt><spindex Sync="TRUE">TRUE</spindex><linrefer Sync="TRUE">FALSE</linrefer></esriterm><sdtsterm Name="G_Via_Urbana_Eje1"><sdtstype Sync="TRUE">String</sdtstype><ptvctcnt Sync="TRUE">0</ptvctcnt></sdtsterm></ptvctinf></spdoinfo><spref><horizsys><cordsysn><geogcsn Sync="TRUE">GCS_Bogota</geogcsn><projcsn Sync="TRUE">Bogota_Transverse_Mercator</projcsn></cordsysn><planar><planci><plance Sync="TRUE">coordinate pair</plance><plandu Sync="TRUE">meters</plandu><coordrep><absres Sync="TRUE">0.001000</absres><ordres Sync="TRUE">0.001000</ordres></coordrep></planci><mapproj><mapprojn Sync="TRUE">Transverse Mercator</mapprojn><transmer><sfctrmer Sync="TRUE">1.000000</sfctrmer><longcm Sync="TRUE">-74.080917</longcm><latprjo Sync="TRUE">4.599047</latprjo><feast Sync="TRUE">1000000.000000</feast><fnorth Sync="TRUE">1000000.000000</fnorth></transmer></mapproj></planar><geodetic><horizdn Sync="TRUE">D_Bogota</horizdn><ellips Sync="TRUE">International_1924</ellips><semiaxis Sync="TRUE">6378388.000000</semiaxis><denflat Sync="TRUE">297.000000</denflat></geodetic></horizsys><vertdef><altsys><altenc Sync="TRUE">Explicit elevation coordinate included with horizontal coordinates</altenc><altres Sync="TRUE">0.001000</altres></altsys></vertdef></spref><refSysInfo><RefSystem><refSysID><identCode Sync="TRUE">Bogota_Transverse_Mercator</identCode></refSysID></RefSystem></refSysInfo><spatRepInfo><VectSpatRep><topLvl><TopoLevCd Sync="TRUE" value="001"></TopoLevCd></topLvl><geometObjs Name="G_Via_Urbana_Eje1"><geoObjTyp><GeoObjTypCd Sync="TRUE" value="001"></GeoObjTypCd></geoObjTyp><geoObjCnt Sync="TRUE">0</geoObjCnt></geometObjs></VectSpatRep></spatRepInfo><eainfo><detailed Name="G_Via_Urbana_Eje1"><attr><attrlabl Sync="TRUE">Shape_Le_1</attrlabl><attalias Sync="TRUE">Shape_Le_1</attalias><attrtype Sync="TRUE">Float</attrtype><attwidth Sync="TRUE">19</attwidth><atnumdec Sync="TRUE">11</atnumdec></attr><attr><attrlabl Sync="TRUE">VIA_RODADU</attrlabl><attalias Sync="TRUE">VIA_RODADU</attalias><attrtype Sync="TRUE">Float</attrtype><attwidth Sync="TRUE">19</attwidth><atnumdec Sync="TRUE">11</atnumdec></attr><enttyp><enttypl Sync="TRUE">G_Via_Urbana_Eje1</enttypl><enttypt Sync="TRUE">Feature Class</enttypt><enttypc Sync="TRUE">0</enttypc></enttyp><attr><attrlabl Sync="TRUE">Shape</attrlabl><attalias Sync="TRUE">Shape</attalias><attrtype Sync="TRUE">Geometry</attrtype><attwidth Sync="TRUE">0</attwidth><atprecis Sync="TRUE">0</atprecis><attscale Sync="TRUE">0</attscale><attrdef Sync="TRUE">Feature geometry.</attrdef><attrdefs Sync="TRUE">ESRI</attrdefs><attrdomv><udom Sync="TRUE">Coordinates defining the features.</udom></attrdomv></attr><attr><attrlabl Sync="TRUE">DEPTO_ID</attrlabl><attalias Sync="TRUE">DEPTO_ID</attalias><attrtype Sync="TRUE">String</attrtype><attwidth Sync="TRUE">2</attwidth></attr><attr><attrlabl Sync="TRUE">MPIO_ID</attrlabl><attalias Sync="TRUE">MPIO_ID</attalias><attrtype Sync="TRUE">String</attrtype><attwidth Sync="TRUE">5</attwidth></attr><attr><attrlabl Sync="TRUE">VIA_ID</attrlabl><attalias Sync="TRUE">VIA_ID</attalias><attrtype Sync="TRUE">String</attrtype><attwidth Sync="TRUE">7</attwidth></attr><attr><attrlabl Sync="TRUE">VIA_TIPO</attrlabl><attalias Sync="TRUE">VIA_TIPO</attalias><attrtype Sync="TRUE">String</attrtype><attwidth Sync="TRUE">5</attwidth></attr><attr><attrlabl Sync="TRUE">VIA_NOMBRE</attrlabl><attalias Sync="TRUE">VIA_NOMBRE</attalias><attrtype Sync="TRUE">String</attrtype><attwidth Sync="TRUE">20</attwidth></attr><attr><attrlabl Sync="TRUE">VIA_NOMENC</attrlabl><attalias Sync="TRUE">VIA_NOMENC</attalias><attrtype Sync="TRUE">String</attrtype><attwidth Sync="TRUE">100</attwidth></attr><attr><attrlabl Sync="TRUE">VIA_DESCRI</attrlabl><attalias Sync="TRUE">VIA_DESCRI</attalias><attrtype Sync="TRUE">String</attrtype><attwidth Sync="TRUE">100</attwidth></attr><attr><attrlabl Sync="TRUE">TPO_ID</attrlabl><attalias Sync="TRUE">TPO_ID</attalias><attrtype Sync="TRUE">String</attrtype><attwidth Sync="TRUE">50</attwidth></attr><attr><attrlabl Sync="TRUE">Shape_Leng</attrlabl><attalias Sync="TRUE">Shape_Leng</attalias><attrtype Sync="TRUE">String</attrtype><attwidth Sync="TRUE">50</attwidth></attr><attr><attrlabl Sync="TRUE">SIGIT_NOME</attrlabl><attalias Sync="TRUE">SIGIT_NOME</attalias><attrtype Sync="TRUE">Float</attrtype><attwidth Sync="TRUE">19</attwidth><atnumdec Sync="TRUE">11</atnumdec></attr><attr><attrlabl Sync="TRUE">OBJECTID</attrlabl><attalias Sync="TRUE">OBJECTID</attalias><attrtype Sync="TRUE">OID</attrtype><attwidth Sync="TRUE">4</attwidth><atprecis Sync="TRUE">0</atprecis><attscale Sync="TRUE">0</attscale><attrdef Sync="TRUE">Internal feature number.</attrdef><attrdefs Sync="TRUE">ESRI</attrdefs><attrdomv><udom Sync="TRUE">Sequential unique whole numbers that are automatically generated.</udom></attrdomv></attr><attr><attrlabl Sync="TRUE">Shape_Length</attrlabl><attalias Sync="TRUE">Shape_Length</attalias><attrtype Sync="TRUE">Double</attrtype><attwidth Sync="TRUE">8</attwidth><atprecis Sync="TRUE">0</atprecis><attscale Sync="TRUE">0</attscale><attrdef Sync="TRUE">Length of feature in internal units.</attrdef><attrdefs Sync="TRUE">ESRI</attrdefs><attrdomv><udom Sync="TRUE">Positive real numbers that are automatically generated.</udom></attrdomv></attr></detailed></eainfo><mdDateSt Sync="TRUE">20090224</mdDateSt><dataqual><lineage><procstep><procdesc Sync="TRUE">Dataset copied.</procdesc><srcused Sync="TRUE">\\MASTER-PC\SIG_TOCANCIPA\SIG_TOCANCIPA.mdb</srcused><procdate Sync="TRUE">20100522</procdate><proctime Sync="TRUE">15183700</proctime></procstep></lineage></dataqual></metadata>
