<metadata xml:lang="es"><Esri><CreaDate>20160205</CreaDate><CreaTime>15354500</CreaTime><ArcGISFormat>1.0</ArcGISFormat><SyncOnce>FALSE</SyncOnce><DataProperties><itemProps><itemName Sync="TRUE">CompensacionBiodiversidad</itemName><imsContentType Sync="TRUE">002</imsContentType><itemLocation><linkage Sync="TRUE">file://\\FPENA\D$\fpena\Desktop\TMP\BD_ANLA_3115\T_34_COMPENSACION\CompensacionBiodiversidad.shp</linkage><protocol Sync="TRUE">Local Area Network</protocol></itemLocation><itemSize Sync="TRUE">0.000</itemSize></itemProps><coordRef><type Sync="TRUE">Projected</type><geogcsn Sync="TRUE">GCS_MAGNA</geogcsn><csUnits Sync="TRUE">Linear Unit: Meter (1.000000)</csUnits><peXml Sync="TRUE">&lt;ProjectedCoordinateSystem xsi:type='typens:ProjectedCoordinateSystem' xmlns:xsi='http://www.w3.org/2001/XMLSchema-instance' xmlns:xs='http://www.w3.org/2001/XMLSchema' xmlns:typens='http://www.esri.com/schemas/ArcGIS/10.5'&gt;&lt;WKT&gt;PROJCS[&amp;quot;MAGNA_Colombia_Oeste&amp;quot;,GEOGCS[&amp;quot;GCS_MAGNA&amp;quot;,DATUM[&amp;quot;D_MAGNA&amp;quot;,SPHEROID[&amp;quot;GRS_1980&amp;quot;,6378137.0,298.257222101]],PRIMEM[&amp;quot;Greenwich&amp;quot;,0.0],UNIT[&amp;quot;Degree&amp;quot;,0.0174532925199433]],PROJECTION[&amp;quot;Transverse_Mercator&amp;quot;],PARAMETER[&amp;quot;False_Easting&amp;quot;,1000000.0],PARAMETER[&amp;quot;False_Northing&amp;quot;,1000000.0],PARAMETER[&amp;quot;Central_Meridian&amp;quot;,-77.07750791666666],PARAMETER[&amp;quot;Scale_Factor&amp;quot;,1.0],PARAMETER[&amp;quot;Latitude_Of_Origin&amp;quot;,4.596200416666666],UNIT[&amp;quot;Meter&amp;quot;,1.0]],VERTCS[&amp;quot;WGS_1984&amp;quot;,DATUM[&amp;quot;D_WGS_1984&amp;quot;,SPHEROID[&amp;quot;WGS_1984&amp;quot;,6378137.0,298.257223563]],PARAMETER[&amp;quot;Vertical_Shift&amp;quot;,0.0],PARAMETER[&amp;quot;Direction&amp;quot;,1.0],UNIT[&amp;quot;Meter&amp;quot;,1.0]]&lt;/WKT&gt;&lt;XOrigin&gt;-4623200&lt;/XOrigin&gt;&lt;YOrigin&gt;-9510300&lt;/YOrigin&gt;&lt;XYScale&gt;450265407.00157917&lt;/XYScale&gt;&lt;ZOrigin&gt;-100000&lt;/ZOrigin&gt;&lt;ZScale&gt;10000&lt;/ZScale&gt;&lt;MOrigin&gt;-100000&lt;/MOrigin&gt;&lt;MScale&gt;10000&lt;/MScale&gt;&lt;XYTolerance&gt;0.001&lt;/XYTolerance&gt;&lt;ZTolerance&gt;0.001&lt;/ZTolerance&gt;&lt;MTolerance&gt;0.001&lt;/MTolerance&gt;&lt;HighPrecision&gt;true&lt;/HighPrecision&gt;&lt;WKID&gt;3115&lt;/WKID&gt;&lt;LatestWKID&gt;3115&lt;/LatestWKID&gt;&lt;VCSWKID&gt;115700&lt;/VCSWKID&gt;&lt;LatestVCSWKID&gt;115700&lt;/LatestVCSWKID&gt;&lt;/ProjectedCoordinateSystem&gt;</peXml><projcsn Sync="TRUE">MAGNA_Colombia_Oeste</projcsn></coordRef><lineage><Process ToolSource="c:\program files (x86)\arcgis\desktop10.2\ArcToolbox\Toolboxes\Conversion Tools.tbx\FeatureClassToFeatureClass" Date="20150805" Time="190229">FeatureClassToFeatureClass E:\COMPENSACION\GDB\INVERSION1%_COMPENSACION.gdb\COMPENSACIONES\CompensacionBiodiversidad E:\COMPENSACION\GDB\INVERSION1%_COMPENSACION.gdb\COMPENSACIONES CompensacionBiodiversidad0 # "EXPEDIENTE "EXPEDIENTE" true true false 20 Text 0 0 ,First,#,E:\COMPENSACION\GDB\INVERSION1%_COMPENSACION.gdb\COMPENSACIONES\CompensacionBiodiversidad,EXPEDIENTE,-1,-1;OPERADOR "OPERADOR" true true false 100 Text 0 0 ,First,#,E:\COMPENSACION\GDB\INVERSION1%_COMPENSACION.gdb\COMPENSACIONES\CompensacionBiodiversidad,OPERADOR,-1,-1;SECTOR "SECTOR" true true false 10 Text 0 0 ,First,#,E:\COMPENSACION\GDB\INVERSION1%_COMPENSACION.gdb\COMPENSACIONES\CompensacionBiodiversidad,SECTOR,-1,-1;NO_ACTOAD "NO_ACTOADMIN" true true false 2 Short 0 0 ,First,#,E:\COMPENSACION\GDB\INVERSION1%_COMPENSACION.gdb\COMPENSACIONES\CompensacionBiodiversidad,NO_ACTOAD,-1,-1;FE_ACTOAD "FEC_ACTOADMIN" true true false 8 Date 0 0 ,First,#,E:\COMPENSACION\GDB\INVERSION1%_COMPENSACION.gdb\COMPENSACIONES\CompensacionBiodiversidad,FE_ACTOAD,-1,-1;T_ACTO_OBL "TIPO_ACTO_ADMIN" true true false 10 Text 0 0 ,First,#,E:\COMPENSACION\GDB\INVERSION1%_COMPENSACION.gdb\COMPENSACIONES\CompensacionBiodiversidad,T_ACTO_OBL,-1,-1;RES_OBL "NO_ACTO_ADMIN" true true false 2 Short 0 0 ,First,#,E:\COMPENSACION\GDB\INVERSION1%_COMPENSACION.gdb\COMPENSACIONES\CompensacionBiodiversidad,RES_OBL,-1,-1;FE_OBL "FEC_ACTO_ADMIN" true true false 8 Date 0 0 ,First,#,E:\COMPENSACION\GDB\INVERSION1%_COMPENSACION.gdb\COMPENSACIONES\CompensacionBiodiversidad,FE_OBL,-1,-1;CAR "CAR" true true false 10 Text 0 0 ,First,#,E:\COMPENSACION\GDB\INVERSION1%_COMPENSACION.gdb\COMPENSACIONES\CompensacionBiodiversidad,CAR,-1,-1;ID_COMP "ID_COMP" true true false 20 Text 0 0 ,First,#,E:\COMPENSACION\GDB\INVERSION1%_COMPENSACION.gdb\COMPENSACIONES\CompensacionBiodiversidad,ID_COMP,-1,-1;AFECT_SOL "AFECTSOL" true true false 8 Double 0 0 ,First,#,E:\COMPENSACION\GDB\INVERSION1%_COMPENSACION.gdb\COMPENSACIONES\CompensacionBiodiversidad,AFECT_SOL,-1,-1;AFECT_ANLA "AFECTANLA" true true false 8 Double 0 0 ,First,#,E:\COMPENSACION\GDB\INVERSION1%_COMPENSACION.gdb\COMPENSACIONES\CompensacionBiodiversidad,AFECT_ANLA,-1,-1;ECOSISTEMA "ECOSISTEMA" true true false 255 Text 0 0 ,First,#,E:\COMPENSACION\GDB\INVERSION1%_COMPENSACION.gdb\COMPENSACIONES\CompensacionBiodiversidad,ECOSISTEMA,-1,-1;FACTORCOMP "FACTORCOMP" true true false 8 Double 0 0 ,First,#,E:\COMPENSACION\GDB\INVERSION1%_COMPENSACION.gdb\COMPENSACIONES\CompensacionBiodiversidad,FACTORCOMP,-1,-1;AREA_COMP "AREA_COMPENS" true true false 8 Double 0 0 ,First,#,E:\COMPENSACION\GDB\INVERSION1%_COMPENSACION.gdb\COMPENSACIONES\CompensacionBiodiversidad,AREA_COMP,-1,-1;ACT_COMP "ACTIVIDAD_COMP" true true false 10 Text 0 0 ,First,#,E:\COMPENSACION\GDB\INVERSION1%_COMPENSACION.gdb\COMPENSACIONES\CompensacionBiodiversidad,ACT_COMP,-1,-1;SBACT_COMP "SUBACTIVIDAD_COMP" true true false 10 Text 0 0 ,First,#,E:\COMPENSACION\GDB\INVERSION1%_COMPENSACION.gdb\COMPENSACIONES\CompensacionBiodiversidad,SBACT_COMP,-1,-1;EJ_PERIODO "EJEC_PERIODO" true true false 8 Double 0 0 ,First,#,E:\COMPENSACION\GDB\INVERSION1%_COMPENSACION.gdb\COMPENSACIONES\CompensacionBiodiversidad,EJ_PERIODO,-1,-1;VAL_E_COM "VALORE_COM" true true false 8 Double 0 0 ,First,#,E:\COMPENSACION\GDB\INVERSION1%_COMPENSACION.gdb\COMPENSACIONES\CompensacionBiodiversidad,VAL_E_COM,-1,-1;VAL_EJ_ACT "VALOR_EJEC_ACT" true true false 8 Double 0 0 ,First,#,E:\COMPENSACION\GDB\INVERSION1%_COMPENSACION.gdb\COMPENSACIONES\CompensacionBiodiversidad,VAL_EJ_ACT,-1,-1;VALOR_ACT "VALOR_ACT" true true false 8 Double 0 0 ,First,#,E:\COMPENSACION\GDB\INVERSION1%_COMPENSACION.gdb\COMPENSACIONES\CompensacionBiodiversidad,VALOR_ACT,-1,-1;VAL_APROB "VALOR_APROB" true true false 8 Double 0 0 ,First,#,E:\COMPENSACION\GDB\INVERSION1%_COMPENSACION.gdb\COMPENSACIONES\CompensacionBiodiversidad,VAL_APROB,-1,-1;ETAPA_ACT "ETAPA_ACT" true true false 0 Double 0 0 ,First,#,E:\COMPENSACION\GDB\INVERSION1%_COMPENSACION.gdb\COMPENSACIONES\CompensacionBiodiversidad,ETAPA_ACT,-1,-1;FECHA_INI "FECHA_INI" true true false 8 Date 0 0 ,First,#,E:\COMPENSACION\GDB\INVERSION1%_COMPENSACION.gdb\COMPENSACIONES\CompensacionBiodiversidad,FECHA_INI,-1,-1;FECHA_TER "FECHA_TER" true true false 8 Date 0 0 ,First,#,E:\COMPENSACION\GDB\INVERSION1%_COMPENSACION.gdb\COMPENSACIONES\CompensacionBiodiversidad,FECHA_TER,-1,-1;FECHA_PRES "FECHA_PRES" true true false 8 Date 0 0 ,First,#,E:\COMPENSACION\GDB\INVERSION1%_COMPENSACION.gdb\COMPENSACIONES\CompensacionBiodiversidad,FECHA_PRES,-1,-1;OBSER_CPPB "OBSER_CPPB" true true false 255 Text 0 0 ,First,#,E:\COMPENSACION\GDB\INVERSION1%_COMPENSACION.gdb\COMPENSACIONES\CompensacionBiodiversidad,OBSER_CPPB,-1,-1;AREA_ha "AREA_ha" true true false 8 Double 0 0 ,First,#,E:\COMPENSACION\GDB\INVERSION1%_COMPENSACION.gdb\COMPENSACIONES\CompensacionBiodiversidad,AREA_ha,-1,-1" #</Process><Process ToolSource="c:\program files (x86)\arcgis\desktop10.2\ArcToolbox\Toolboxes\Data Management Tools.tbx\Rename" Date="20150805" Time="190230">Rename E:\COMPENSACION\GDB\INVERSION1%_COMPENSACION.gdb\COMPENSACIONES\CompensacionBiodiversidad0 E:\COMPENSACION\GDB\INVERSION1%_COMPENSACION.gdb\COMPENSACIONES\CompensacionBiodiversidad FeatureClass</Process><Process ToolSource="c:\program files (x86)\arcgis\desktop10.2\ArcToolbox\Toolboxes\Conversion Tools.tbx\FeatureClassToFeatureClass" Date="20150826" Time="195904">FeatureClassToFeatureClass E:\COMPENSACION\MODIF_MODELO\INVERSION1%_COMPENSACION.gdb\COMPENSACIONES\CompensacionBiodiversidad E:\COMPENSACION\MODIF_MODELO\INVERSION1%_COMPENSACION.gdb\COMPENSACIONES CompensacionBiodiversidad0 # "EXPEDIENTE "EXPEDIENTE" true true false 20 Text 0 0 ,First,#,E:\COMPENSACION\MODIF_MODELO\INVERSION1%_COMPENSACION.gdb\COMPENSACIONES\CompensacionBiodiversidad,EXPEDIENTE,-1,-1;OPERADOR "OPERADOR" true true false 100 Text 0 0 ,First,#,E:\COMPENSACION\MODIF_MODELO\INVERSION1%_COMPENSACION.gdb\COMPENSACIONES\CompensacionBiodiversidad,OPERADOR,-1,-1;PROYECTO "PROYECTO" true true false 200 Text 0 0 ,First,#,E:\COMPENSACION\MODIF_MODELO\INVERSION1%_COMPENSACION.gdb\COMPENSACIONES\CompensacionBiodiversidad,PROYECTO,-1,-1;SECTOR "SECTOR" true true false 10 Text 0 0 ,First,#,E:\COMPENSACION\MODIF_MODELO\INVERSION1%_COMPENSACION.gdb\COMPENSACIONES\CompensacionBiodiversidad,SECTOR,-1,-1;NO_ACTOAD "NO_ACTOADMIN" true true false 2 Short 0 0 ,First,#,E:\COMPENSACION\MODIF_MODELO\INVERSION1%_COMPENSACION.gdb\COMPENSACIONES\CompensacionBiodiversidad,NO_ACTOAD,-1,-1;FE_ACTOAD "FEC_ACTOADMIN" true true false 8 Date 0 0 ,First,#,E:\COMPENSACION\MODIF_MODELO\INVERSION1%_COMPENSACION.gdb\COMPENSACIONES\CompensacionBiodiversidad,FE_ACTOAD,-1,-1;T_ACTO_OBL "TIPO_ACTO_ADMIN" true true false 10 Text 0 0 ,First,#,E:\COMPENSACION\MODIF_MODELO\INVERSION1%_COMPENSACION.gdb\COMPENSACIONES\CompensacionBiodiversidad,T_ACTO_OBL,-1,-1;RES_OBL "NO_ACTO_ADMIN" true true false 2 Short 0 0 ,First,#,E:\COMPENSACION\MODIF_MODELO\INVERSION1%_COMPENSACION.gdb\COMPENSACIONES\CompensacionBiodiversidad,RES_OBL,-1,-1;FE_OBL "FEC_ACTO_ADMIN" true true false 8 Date 0 0 ,First,#,E:\COMPENSACION\MODIF_MODELO\INVERSION1%_COMPENSACION.gdb\COMPENSACIONES\CompensacionBiodiversidad,FE_OBL,-1,-1;CAR "CAR" true true false 10 Text 0 0 ,First,#,E:\COMPENSACION\MODIF_MODELO\INVERSION1%_COMPENSACION.gdb\COMPENSACIONES\CompensacionBiodiversidad,CAR,-1,-1;ID_COMP "ID_COMP" true true false 20 Text 0 0 ,First,#,E:\COMPENSACION\MODIF_MODELO\INVERSION1%_COMPENSACION.gdb\COMPENSACIONES\CompensacionBiodiversidad,ID_COMP,-1,-1;AFECT_SOL "AFECTSOL" true true false 8 Double 0 0 ,First,#,E:\COMPENSACION\MODIF_MODELO\INVERSION1%_COMPENSACION.gdb\COMPENSACIONES\CompensacionBiodiversidad,AFECT_SOL,-1,-1;AFECT_ANLA "AFECTANLA" true true false 8 Double 0 0 ,First,#,E:\COMPENSACION\MODIF_MODELO\INVERSION1%_COMPENSACION.gdb\COMPENSACIONES\CompensacionBiodiversidad,AFECT_ANLA,-1,-1;ECOSISTEMA "ECOSISTEMA" true true false 255 Text 0 0 ,First,#,E:\COMPENSACION\MODIF_MODELO\INVERSION1%_COMPENSACION.gdb\COMPENSACIONES\CompensacionBiodiversidad,ECOSISTEMA,-1,-1;FACTORCOMP "FACTORCOMP" true true false 8 Double 0 0 ,First,#,E:\COMPENSACION\MODIF_MODELO\INVERSION1%_COMPENSACION.gdb\COMPENSACIONES\CompensacionBiodiversidad,FACTORCOMP,-1,-1;AREA_COMP "AREA_COMPENS" true true false 8 Double 0 0 ,First,#,E:\COMPENSACION\MODIF_MODELO\INVERSION1%_COMPENSACION.gdb\COMPENSACIONES\CompensacionBiodiversidad,AREA_COMP,-1,-1;ACT_COMP "ACTIVIDAD_COMP" true true false 10 Text 0 0 ,First,#,E:\COMPENSACION\MODIF_MODELO\INVERSION1%_COMPENSACION.gdb\COMPENSACIONES\CompensacionBiodiversidad,ACT_COMP,-1,-1;SBACT_COMP "SUBACTIVIDAD_COMP" true true false 10 Text 0 0 ,First,#,E:\COMPENSACION\MODIF_MODELO\INVERSION1%_COMPENSACION.gdb\COMPENSACIONES\CompensacionBiodiversidad,SBACT_COMP,-1,-1;EJ_PERIODO "EJEC_PERIODO" true true false 8 Double 0 0 ,First,#,E:\COMPENSACION\MODIF_MODELO\INVERSION1%_COMPENSACION.gdb\COMPENSACIONES\CompensacionBiodiversidad,EJ_PERIODO,-1,-1;VAL_E_COM "VALORE_COM" true true false 8 Double 0 0 ,First,#,E:\COMPENSACION\MODIF_MODELO\INVERSION1%_COMPENSACION.gdb\COMPENSACIONES\CompensacionBiodiversidad,VAL_E_COM,-1,-1;VAL_EJ_ACT "VALOR_EJEC_ACT" true true false 8 Double 0 0 ,First,#,E:\COMPENSACION\MODIF_MODELO\INVERSION1%_COMPENSACION.gdb\COMPENSACIONES\CompensacionBiodiversidad,VAL_EJ_ACT,-1,-1;VALOR_ACT "VALOR_ACT" true true false 8 Double 0 0 ,First,#,E:\COMPENSACION\MODIF_MODELO\INVERSION1%_COMPENSACION.gdb\COMPENSACIONES\CompensacionBiodiversidad,VALOR_ACT,-1,-1;VAL_APROB "VALOR_APROB" true true false 8 Double 0 0 ,First,#,E:\COMPENSACION\MODIF_MODELO\INVERSION1%_COMPENSACION.gdb\COMPENSACIONES\CompensacionBiodiversidad,VAL_APROB,-1,-1;ETAPA_ACT "ETAPA_ACT" true true false 8 Double 0 0 ,First,#,E:\COMPENSACION\MODIF_MODELO\INVERSION1%_COMPENSACION.gdb\COMPENSACIONES\CompensacionBiodiversidad,ETAPA_ACT,-1,-1;FECHA_INI "FECHA_INI" true true false 8 Date 0 0 ,First,#,E:\COMPENSACION\MODIF_MODELO\INVERSION1%_COMPENSACION.gdb\COMPENSACIONES\CompensacionBiodiversidad,FECHA_INI,-1,-1;FECHA_TER "FECHA_TER" true true false 8 Date 0 0 ,First,#,E:\COMPENSACION\MODIF_MODELO\INVERSION1%_COMPENSACION.gdb\COMPENSACIONES\CompensacionBiodiversidad,FECHA_TER,-1,-1;FECHA_PRES "FECHA_PRES" true true false 8 Date 0 0 ,First,#,E:\COMPENSACION\MODIF_MODELO\INVERSION1%_COMPENSACION.gdb\COMPENSACIONES\CompensacionBiodiversidad,FECHA_PRES,-1,-1;OBSER_CPPB "OBSER_CPPB" true true false 255 Text 0 0 ,First,#,E:\COMPENSACION\MODIF_MODELO\INVERSION1%_COMPENSACION.gdb\COMPENSACIONES\CompensacionBiodiversidad,OBSER_CPPB,-1,-1;AREA_ha "AREA_ha" true true false 8 Double 0 0 ,First,#,E:\COMPENSACION\MODIF_MODELO\INVERSION1%_COMPENSACION.gdb\COMPENSACIONES\CompensacionBiodiversidad,AREA_ha,-1,-1" #</Process><Process ToolSource="c:\program files (x86)\arcgis\desktop10.2\ArcToolbox\Toolboxes\Data Management Tools.tbx\Rename" Date="20150826" Time="195905">Rename E:\COMPENSACION\MODIF_MODELO\INVERSION1%_COMPENSACION.gdb\COMPENSACIONES\CompensacionBiodiversidad0 E:\COMPENSACION\MODIF_MODELO\INVERSION1%_COMPENSACION.gdb\COMPENSACIONES\CompensacionBiodiversidad FeatureClass</Process><Process ToolSource="c:\program files (x86)\arcgis\desktop10.2\ArcToolbox\Toolboxes\Conversion Tools.tbx\FeatureClassToFeatureClass" Date="20151126" Time="121415">FeatureClassToFeatureClass E:\GEOMATICA\Modelo\GDB_ANLA-25nov15.gdb\T_34_COMPENSACION\CompensacionBiodiversidad E:\GEOMATICA\Modelo\GDB_ANLA-25nov15.gdb\T_34_COMPENSACION CompensacionBiodiversidad0 # "EXPEDIENTE "EXPEDIENTE" true true false 20 Text 0 0 ,First,#,E:\GEOMATICA\Modelo\GDB_ANLA-25nov15.gdb\T_34_COMPENSACION\CompensacionBiodiversidad,EXPEDIENTE,-1,-1;NO_ACTOAD "NO_ACTOADMIN" true true false 2 Short 0 0 ,First,#,E:\GEOMATICA\Modelo\GDB_ANLA-25nov15.gdb\T_34_COMPENSACION\CompensacionBiodiversidad,NO_ACTOAD,-1,-1;FE_ACTOAD "FEC_ACTOADMIN" true true false 8 Date 0 0 ,First,#,E:\GEOMATICA\Modelo\GDB_ANLA-25nov15.gdb\T_34_COMPENSACION\CompensacionBiodiversidad,FE_ACTOAD,-1,-1;T_ACTO_OBL "TIPO_ACTO_ADMIN" true true false 8 Double 0 0 ,First,#,E:\GEOMATICA\Modelo\GDB_ANLA-25nov15.gdb\T_34_COMPENSACION\CompensacionBiodiversidad,T_ACTO_OBL,-1,-1;RES_OBL "NO_ACTO_ADMIN" true true false 2 Short 0 0 ,First,#,E:\GEOMATICA\Modelo\GDB_ANLA-25nov15.gdb\T_34_COMPENSACION\CompensacionBiodiversidad,RES_OBL,-1,-1;FE_OBL "FEC_ACTO_ADMIN" true true false 8 Date 0 0 ,First,#,E:\GEOMATICA\Modelo\GDB_ANLA-25nov15.gdb\T_34_COMPENSACION\CompensacionBiodiversidad,FE_OBL,-1,-1;ID_COMP "ID_COMP" true true false 20 Text 0 0 ,First,#,E:\GEOMATICA\Modelo\GDB_ANLA-25nov15.gdb\T_34_COMPENSACION\CompensacionBiodiversidad,ID_COMP,-1,-1;AFECT_SOL "AFECTSOL" true true false 8 Double 0 0 ,First,#,E:\GEOMATICA\Modelo\GDB_ANLA-25nov15.gdb\T_34_COMPENSACION\CompensacionBiodiversidad,AFECT_SOL,-1,-1;ECOSISTEMA "ECOSISTEMA" true true false 255 Text 0 0 ,First,#,E:\GEOMATICA\Modelo\GDB_ANLA-25nov15.gdb\T_34_COMPENSACION\CompensacionBiodiversidad,ECOSISTEMA,-1,-1;FAC_REPRES "FAC_REPRES
" true true false 8 Double 0 0 ,First,#,E:\GEOMATICA\Modelo\GDB_ANLA-25nov15.gdb\T_34_COMPENSACION\CompensacionBiodiversidad,FAC_REPRES,-1,-1;FAC_RAREZ "FAC_RAREZ
" true true false 8 Double 0 0 ,First,#,E:\GEOMATICA\Modelo\GDB_ANLA-25nov15.gdb\T_34_COMPENSACION\CompensacionBiodiversidad,FAC_RAREZ,-1,-1;FAC_REMANE "FAC_REMANE
" true true false 8 Double 0 0 ,First,#,E:\GEOMATICA\Modelo\GDB_ANLA-25nov15.gdb\T_34_COMPENSACION\CompensacionBiodiversidad,FAC_REMANE,-1,-1;FAC_P_TRAN "FAC_P_TRAN
" true true false 8 Double 0 0 ,First,#,E:\GEOMATICA\Modelo\GDB_ANLA-25nov15.gdb\T_34_COMPENSACION\CompensacionBiodiversidad,FAC_P_TRAN,-1,-1;FACTORCOMP "FACTORCOMP" true true false 8 Double 0 0 ,First,#,E:\GEOMATICA\Modelo\GDB_ANLA-25nov15.gdb\T_34_COMPENSACION\CompensacionBiodiversidad,FACTORCOMP,-1,-1;PREC_SUELO "PREC_SUELO
" true true false 8 Double 0 0 ,First,#,E:\GEOMATICA\Modelo\GDB_ANLA-25nov15.gdb\T_34_COMPENSACION\CompensacionBiodiversidad,PREC_SUELO,-1,-1;AREA_COMP "AREA_COMPENS" true true false 8 Double 0 0 ,First,#,E:\GEOMATICA\Modelo\GDB_ANLA-25nov15.gdb\T_34_COMPENSACION\CompensacionBiodiversidad,AREA_COMP,-1,-1;ACT_COMP "ACTIVIDAD_COMP" true true false 8 Double 0 0 ,First,#,E:\GEOMATICA\Modelo\GDB_ANLA-25nov15.gdb\T_34_COMPENSACION\CompensacionBiodiversidad,ACT_COMP,-1,-1;SBACT_COMP "SUBACTIVIDAD_COMP" true true false 8 Double 0 0 ,First,#,E:\GEOMATICA\Modelo\GDB_ANLA-25nov15.gdb\T_34_COMPENSACION\CompensacionBiodiversidad,SBACT_COMP,-1,-1;DESCRIPCIO "DESCRIPCIO
" true true false 255 Text 0 0 ,First,#,E:\GEOMATICA\Modelo\GDB_ANLA-25nov15.gdb\T_34_COMPENSACION\CompensacionBiodiversidad,DESCRIPCIO,-1,-1;EJ_PERIODO "EJEC_PERIODO" true true false 8 Double 0 0 ,First,#,E:\GEOMATICA\Modelo\GDB_ANLA-25nov15.gdb\T_34_COMPENSACION\CompensacionBiodiversidad,EJ_PERIODO,-1,-1;VAL_E_COM "VALORE_COM" true true false 8 Double 0 0 ,First,#,E:\GEOMATICA\Modelo\GDB_ANLA-25nov15.gdb\T_34_COMPENSACION\CompensacionBiodiversidad,VAL_E_COM,-1,-1;VAL_EJ_ACT "VALOR_EJEC_ACT" true true false 8 Double 0 0 ,First,#,E:\GEOMATICA\Modelo\GDB_ANLA-25nov15.gdb\T_34_COMPENSACION\CompensacionBiodiversidad,VAL_EJ_ACT,-1,-1;VALOR_ACT "VALOR_ACT" true true false 8 Double 0 0 ,First,#,E:\GEOMATICA\Modelo\GDB_ANLA-25nov15.gdb\T_34_COMPENSACION\CompensacionBiodiversidad,VALOR_ACT,-1,-1;VAL_APROB "VALOR_APROB" true true false 8 Double 0 0 ,First,#,E:\GEOMATICA\Modelo\GDB_ANLA-25nov15.gdb\T_34_COMPENSACION\CompensacionBiodiversidad,VAL_APROB,-1,-1;FECHA_INI "FECHA_INI" true true false 8 Date 0 0 ,First,#,E:\GEOMATICA\Modelo\GDB_ANLA-25nov15.gdb\T_34_COMPENSACION\CompensacionBiodiversidad,FECHA_INI,-1,-1;FECHA_TER "FECHA_TER" true true false 8 Date 0 0 ,First,#,E:\GEOMATICA\Modelo\GDB_ANLA-25nov15.gdb\T_34_COMPENSACION\CompensacionBiodiversidad,FECHA_TER,-1,-1;OBSER_CPPB "OBSER_CPPB" true true false 255 Text 0 0 ,First,#,E:\GEOMATICA\Modelo\GDB_ANLA-25nov15.gdb\T_34_COMPENSACION\CompensacionBiodiversidad,OBSER_CPPB,-1,-1;AREA_ha "AREA_ha" true true false 8 Double 0 0 ,First,#,E:\GEOMATICA\Modelo\GDB_ANLA-25nov15.gdb\T_34_COMPENSACION\CompensacionBiodiversidad,AREA_ha,-1,-1" #</Process><Process ToolSource="c:\program files (x86)\arcgis\desktop10.2\ArcToolbox\Toolboxes\Data Management Tools.tbx\Rename" Date="20151126" Time="121416">Rename E:\GEOMATICA\Modelo\GDB_ANLA-25nov15.gdb\T_34_COMPENSACION\CompensacionBiodiversidad0 E:\GEOMATICA\Modelo\GDB_ANLA-25nov15.gdb\T_34_COMPENSACION\CompensacionBiodiversidad FeatureClass</Process><Process ToolSource="c:\program files (x86)\arcgis\desktop10.2\ArcToolbox\Toolboxes\Conversion Tools.tbx\FeatureClassToFeatureClass" Date="20151201" Time="120401">FeatureClassToFeatureClass E:\GEOMATICA\Modelo\GDB_ANLA-25nov15.gdb\T_34_COMPENSACION\CompensacionBiodiversidad E:\GEOMATICA\Modelo\GDB_ANLA-25nov15.gdb\T_34_COMPENSACION CompensacionBiodiversidad0 # "EXPEDIENTE "EXPEDIENTE" true true false 20 Text 0 0 ,First,#,E:\GEOMATICA\Modelo\GDB_ANLA-25nov15.gdb\T_34_COMPENSACION\CompensacionBiodiversidad,EXPEDIENTE,-1,-1;OPERADOR "OPERADOR" true true false 100 Text 0 0 ,First,#,E:\GEOMATICA\Modelo\GDB_ANLA-25nov15.gdb\T_34_COMPENSACION\CompensacionBiodiversidad,OPERADOR,-1,-1;PROYECTO "PROYECTO" true true false 200 Text 0 0 ,First,#,E:\GEOMATICA\Modelo\GDB_ANLA-25nov15.gdb\T_34_COMPENSACION\CompensacionBiodiversidad,PROYECTO,-1,-1;NO_ACTOAD "NO_ACTOADMIN" true true false 2 Short 0 0 ,First,#,E:\GEOMATICA\Modelo\GDB_ANLA-25nov15.gdb\T_34_COMPENSACION\CompensacionBiodiversidad,NO_ACTOAD,-1,-1;FE_ACTOAD "FEC_ACTOADMIN" true true false 8 Date 0 0 ,First,#,E:\GEOMATICA\Modelo\GDB_ANLA-25nov15.gdb\T_34_COMPENSACION\CompensacionBiodiversidad,FE_ACTOAD,-1,-1;T_ACTO_OBL "TIPO_ACTO_ADMIN" true true false 8 Double 0 0 ,First,#,E:\GEOMATICA\Modelo\GDB_ANLA-25nov15.gdb\T_34_COMPENSACION\CompensacionBiodiversidad,T_ACTO_OBL,-1,-1;RES_OBL "NO_ACTO_ADMIN" true true false 2 Short 0 0 ,First,#,E:\GEOMATICA\Modelo\GDB_ANLA-25nov15.gdb\T_34_COMPENSACION\CompensacionBiodiversidad,RES_OBL,-1,-1;FE_OBL "FEC_ACTO_ADMIN" true true false 8 Date 0 0 ,First,#,E:\GEOMATICA\Modelo\GDB_ANLA-25nov15.gdb\T_34_COMPENSACION\CompensacionBiodiversidad,FE_OBL,-1,-1;ID_COMP "ID_COMP" true true false 20 Text 0 0 ,First,#,E:\GEOMATICA\Modelo\GDB_ANLA-25nov15.gdb\T_34_COMPENSACION\CompensacionBiodiversidad,ID_COMP,-1,-1;AFECT_SOL "AFECTSOL" true true false 8 Double 0 0 ,First,#,E:\GEOMATICA\Modelo\GDB_ANLA-25nov15.gdb\T_34_COMPENSACION\CompensacionBiodiversidad,AFECT_SOL,-1,-1;ECOSISTEMA "ECOSISTEMA" true true false 255 Text 0 0 ,First,#,E:\GEOMATICA\Modelo\GDB_ANLA-25nov15.gdb\T_34_COMPENSACION\CompensacionBiodiversidad,ECOSISTEMA,-1,-1;FAC_REPRES "FAC_REPRES
" true true false 8 Double 0 0 ,First,#,E:\GEOMATICA\Modelo\GDB_ANLA-25nov15.gdb\T_34_COMPENSACION\CompensacionBiodiversidad,FAC_REPRES,-1,-1;FAC_RAREZ "FAC_RAREZ
" true true false 8 Double 0 0 ,First,#,E:\GEOMATICA\Modelo\GDB_ANLA-25nov15.gdb\T_34_COMPENSACION\CompensacionBiodiversidad,FAC_RAREZ,-1,-1;FAC_REMANE "FAC_REMANE
" true true false 8 Double 0 0 ,First,#,E:\GEOMATICA\Modelo\GDB_ANLA-25nov15.gdb\T_34_COMPENSACION\CompensacionBiodiversidad,FAC_REMANE,-1,-1;FAC_P_TRAN "FAC_P_TRAN
" true true false 8 Double 0 0 ,First,#,E:\GEOMATICA\Modelo\GDB_ANLA-25nov15.gdb\T_34_COMPENSACION\CompensacionBiodiversidad,FAC_P_TRAN,-1,-1;FACTORCOMP "FACTORCOMP" true true false 8 Double 0 0 ,First,#,E:\GEOMATICA\Modelo\GDB_ANLA-25nov15.gdb\T_34_COMPENSACION\CompensacionBiodiversidad,FACTORCOMP,-1,-1;AREA_COMP "AREA_COMPENS" true true false 8 Double 0 0 ,First,#,E:\GEOMATICA\Modelo\GDB_ANLA-25nov15.gdb\T_34_COMPENSACION\CompensacionBiodiversidad,AREA_COMP,-1,-1;PREC_SUELO "PREC_SUELO
" true true false 8 Double 0 0 ,First,#,E:\GEOMATICA\Modelo\GDB_ANLA-25nov15.gdb\T_34_COMPENSACION\CompensacionBiodiversidad,PREC_SUELO,-1,-1;ACT_COMP "ACTIVIDAD_COMP" true true false 8 Double 0 0 ,First,#,E:\GEOMATICA\Modelo\GDB_ANLA-25nov15.gdb\T_34_COMPENSACION\CompensacionBiodiversidad,ACT_COMP,-1,-1;SBACT_COMP "SUBACTIVIDAD_COMP" true true false 8 Double 0 0 ,First,#,E:\GEOMATICA\Modelo\GDB_ANLA-25nov15.gdb\T_34_COMPENSACION\CompensacionBiodiversidad,SBACT_COMP,-1,-1;DESCRIPCIO "DESCRIPCIO
" true true false 255 Text 0 0 ,First,#,E:\GEOMATICA\Modelo\GDB_ANLA-25nov15.gdb\T_34_COMPENSACION\CompensacionBiodiversidad,DESCRIPCIO,-1,-1;EJ_PERIODO "EJEC_PERIODO" true true false 8 Double 0 0 ,First,#,E:\GEOMATICA\Modelo\GDB_ANLA-25nov15.gdb\T_34_COMPENSACION\CompensacionBiodiversidad,EJ_PERIODO,-1,-1;VAL_E_COM "VALORE_COM" true true false 8 Double 0 0 ,First,#,E:\GEOMATICA\Modelo\GDB_ANLA-25nov15.gdb\T_34_COMPENSACION\CompensacionBiodiversidad,VAL_E_COM,-1,-1;VAL_EJ_ACT "VALOR_EJEC_ACT" true true false 8 Double 0 0 ,First,#,E:\GEOMATICA\Modelo\GDB_ANLA-25nov15.gdb\T_34_COMPENSACION\CompensacionBiodiversidad,VAL_EJ_ACT,-1,-1;VALOR_ACT "VALOR_ACT" true true false 8 Double 0 0 ,First,#,E:\GEOMATICA\Modelo\GDB_ANLA-25nov15.gdb\T_34_COMPENSACION\CompensacionBiodiversidad,VALOR_ACT,-1,-1;VAL_APROB "VALOR_APROB" true true false 8 Double 0 0 ,First,#,E:\GEOMATICA\Modelo\GDB_ANLA-25nov15.gdb\T_34_COMPENSACION\CompensacionBiodiversidad,VAL_APROB,-1,-1;FECHA_INI "FECHA_INI" true true false 8 Date 0 0 ,First,#,E:\GEOMATICA\Modelo\GDB_ANLA-25nov15.gdb\T_34_COMPENSACION\CompensacionBiodiversidad,FECHA_INI,-1,-1;FECHA_TER "FECHA_TER" true true false 8 Date 0 0 ,First,#,E:\GEOMATICA\Modelo\GDB_ANLA-25nov15.gdb\T_34_COMPENSACION\CompensacionBiodiversidad,FECHA_TER,-1,-1;OBSER_CPPB "OBSER_CPPB" true true false 255 Text 0 0 ,First,#,E:\GEOMATICA\Modelo\GDB_ANLA-25nov15.gdb\T_34_COMPENSACION\CompensacionBiodiversidad,OBSER_CPPB,-1,-1;AREA_ha "AREA_ha" true true false 8 Double 0 0 ,First,#,E:\GEOMATICA\Modelo\GDB_ANLA-25nov15.gdb\T_34_COMPENSACION\CompensacionBiodiversidad,AREA_ha,-1,-1" #</Process><Process ToolSource="c:\program files (x86)\arcgis\desktop10.2\ArcToolbox\Toolboxes\Data Management Tools.tbx\Rename" Date="20151201" Time="120403">Rename E:\GEOMATICA\Modelo\GDB_ANLA-25nov15.gdb\T_34_COMPENSACION\CompensacionBiodiversidad0 E:\GEOMATICA\Modelo\GDB_ANLA-25nov15.gdb\T_34_COMPENSACION\CompensacionBiodiversidad FeatureClass</Process><Process ToolSource="c:\program files (x86)\arcgis\desktop10.3\ArcToolbox\Toolboxes\Conversion Tools.tbx\FeatureClassToFeatureClass" Date="20160531" Time="120515">FeatureClassToFeatureClass "D:\ngonzalez\Desktop\Skydrive\SkyDrive Pro\MODELO DATOS\FINALES\GDB_ANLA_MCB.gdb\T_34_COMPENSACION\CompensacionBiodiversidad" "D:\ngonzalez\Desktop\Skydrive\SkyDrive Pro\MODELO DATOS\FINALES\GDB_ANLA_MCB.gdb\T_34_COMPENSACION" CompensacionBiodiversidad0 # "EXPEDIENTE "EXPEDIENTE" true true false 20 Text 0 0 ,First,#,D:\ngonzalez\Desktop\Skydrive\SkyDrive Pro\MODELO DATOS\FINALES\GDB_ANLA_MCB.gdb\T_34_COMPENSACION\CompensacionBiodiversidad,EXPEDIENTE,-1,-1;OPERADOR "OPERADOR" true true false 100 Text 0 0 ,First,#,D:\ngonzalez\Desktop\Skydrive\SkyDrive Pro\MODELO DATOS\FINALES\GDB_ANLA_MCB.gdb\T_34_COMPENSACION\CompensacionBiodiversidad,OPERADOR,-1,-1;PROYECTO "PROYECTO" true true false 200 Text 0 0 ,First,#,D:\ngonzalez\Desktop\Skydrive\SkyDrive Pro\MODELO DATOS\FINALES\GDB_ANLA_MCB.gdb\T_34_COMPENSACION\CompensacionBiodiversidad,PROYECTO,-1,-1;NO_ACTOAD "NO_ACTOADMIN" true true false 2 Short 0 0 ,First,#,D:\ngonzalez\Desktop\Skydrive\SkyDrive Pro\MODELO DATOS\FINALES\GDB_ANLA_MCB.gdb\T_34_COMPENSACION\CompensacionBiodiversidad,NO_ACTOAD,-1,-1;FE_ACTOAD "FEC_ACTOADMIN" true true false 8 Date 0 0 ,First,#,D:\ngonzalez\Desktop\Skydrive\SkyDrive Pro\MODELO DATOS\FINALES\GDB_ANLA_MCB.gdb\T_34_COMPENSACION\CompensacionBiodiversidad,FE_ACTOAD,-1,-1;T_ACTO_OBL "TIPO_ACTO_ADMIN" true true false 8 Double 0 0 ,First,#,D:\ngonzalez\Desktop\Skydrive\SkyDrive Pro\MODELO DATOS\FINALES\GDB_ANLA_MCB.gdb\T_34_COMPENSACION\CompensacionBiodiversidad,T_ACTO_OBL,-1,-1;RES_OBL "NO_ACTO_ADMIN" true true false 2 Short 0 0 ,First,#,D:\ngonzalez\Desktop\Skydrive\SkyDrive Pro\MODELO DATOS\FINALES\GDB_ANLA_MCB.gdb\T_34_COMPENSACION\CompensacionBiodiversidad,RES_OBL,-1,-1;FE_OBL "FEC_ACTO_ADMIN" true true false 8 Date 0 0 ,First,#,D:\ngonzalez\Desktop\Skydrive\SkyDrive Pro\MODELO DATOS\FINALES\GDB_ANLA_MCB.gdb\T_34_COMPENSACION\CompensacionBiodiversidad,FE_OBL,-1,-1;ID_COMP "ID_COMP" true true false 20 Text 0 0 ,First,#,D:\ngonzalez\Desktop\Skydrive\SkyDrive Pro\MODELO DATOS\FINALES\GDB_ANLA_MCB.gdb\T_34_COMPENSACION\CompensacionBiodiversidad,ID_COMP,-1,-1;AFECT_SOL "AFECTSOL" true true false 8 Double 0 0 ,First,#,D:\ngonzalez\Desktop\Skydrive\SkyDrive Pro\MODELO DATOS\FINALES\GDB_ANLA_MCB.gdb\T_34_COMPENSACION\CompensacionBiodiversidad,AFECT_SOL,-1,-1;ECOSISTEMA "ECOSISTEMA" true true false 255 Text 0 0 ,First,#,D:\ngonzalez\Desktop\Skydrive\SkyDrive Pro\MODELO DATOS\FINALES\GDB_ANLA_MCB.gdb\T_34_COMPENSACION\CompensacionBiodiversidad,ECOSISTEMA,-1,-1;FAC_REPRES "FAC_REPRES
" true true false 8 Double 0 0 ,First,#,D:\ngonzalez\Desktop\Skydrive\SkyDrive Pro\MODELO DATOS\FINALES\GDB_ANLA_MCB.gdb\T_34_COMPENSACION\CompensacionBiodiversidad,FAC_REPRES,-1,-1;FAC_RAREZ "FAC_RAREZ
" true true false 8 Double 0 0 ,First,#,D:\ngonzalez\Desktop\Skydrive\SkyDrive Pro\MODELO DATOS\FINALES\GDB_ANLA_MCB.gdb\T_34_COMPENSACION\CompensacionBiodiversidad,FAC_RAREZ,-1,-1;FAC_REMANE "FAC_REMANE
" true true false 8 Double 0 0 ,First,#,D:\ngonzalez\Desktop\Skydrive\SkyDrive Pro\MODELO DATOS\FINALES\GDB_ANLA_MCB.gdb\T_34_COMPENSACION\CompensacionBiodiversidad,FAC_REMANE,-1,-1;FAC_P_TRAN "FAC_P_TRAN
" true true false 8 Double 0 0 ,First,#,D:\ngonzalez\Desktop\Skydrive\SkyDrive Pro\MODELO DATOS\FINALES\GDB_ANLA_MCB.gdb\T_34_COMPENSACION\CompensacionBiodiversidad,FAC_P_TRAN,-1,-1;FACTORCOMP "FACTORCOMP" true true false 8 Double 0 0 ,First,#,D:\ngonzalez\Desktop\Skydrive\SkyDrive Pro\MODELO DATOS\FINALES\GDB_ANLA_MCB.gdb\T_34_COMPENSACION\CompensacionBiodiversidad,FACTORCOMP,-1,-1;AREA_COMP "AREA_COMPENS" true true false 8 Double 0 0 ,First,#,D:\ngonzalez\Desktop\Skydrive\SkyDrive Pro\MODELO DATOS\FINALES\GDB_ANLA_MCB.gdb\T_34_COMPENSACION\CompensacionBiodiversidad,AREA_COMP,-1,-1;PREC_SUELO "PREC_SUELO
" true true false 8 Double 0 0 ,First,#,D:\ngonzalez\Desktop\Skydrive\SkyDrive Pro\MODELO DATOS\FINALES\GDB_ANLA_MCB.gdb\T_34_COMPENSACION\CompensacionBiodiversidad,PREC_SUELO,-1,-1;ACT_COMP "ACTIVIDAD_COMP" true true false 8 Double 0 0 ,First,#,D:\ngonzalez\Desktop\Skydrive\SkyDrive Pro\MODELO DATOS\FINALES\GDB_ANLA_MCB.gdb\T_34_COMPENSACION\CompensacionBiodiversidad,ACT_COMP,-1,-1;SBACT_COMP "SUBACTIVIDAD_COMP" true true false 8 Double 0 0 ,First,#,D:\ngonzalez\Desktop\Skydrive\SkyDrive Pro\MODELO DATOS\FINALES\GDB_ANLA_MCB.gdb\T_34_COMPENSACION\CompensacionBiodiversidad,SBACT_COMP,-1,-1;DESCRIPCIO "DESCRIPCIO
" true true false 255 Text 0 0 ,First,#,D:\ngonzalez\Desktop\Skydrive\SkyDrive Pro\MODELO DATOS\FINALES\GDB_ANLA_MCB.gdb\T_34_COMPENSACION\CompensacionBiodiversidad,DESCRIPCIO,-1,-1;ESTADO "ESTADO" true true false 8 Double 0 0 ,First,#,D:\ngonzalez\Desktop\Skydrive\SkyDrive Pro\MODELO DATOS\FINALES\GDB_ANLA_MCB.gdb\T_34_COMPENSACION\CompensacionBiodiversidad,ESTADO,-1,-1;EJ_PERIODO "EJEC_PERIODO" true true false 8 Double 0 0 ,First,#,D:\ngonzalez\Desktop\Skydrive\SkyDrive Pro\MODELO DATOS\FINALES\GDB_ANLA_MCB.gdb\T_34_COMPENSACION\CompensacionBiodiversidad,EJ_PERIODO,-1,-1;VAL_E_COM "VALORE_COM" true true false 8 Double 0 0 ,First,#,D:\ngonzalez\Desktop\Skydrive\SkyDrive Pro\MODELO DATOS\FINALES\GDB_ANLA_MCB.gdb\T_34_COMPENSACION\CompensacionBiodiversidad,VAL_E_COM,-1,-1;VAL_EJ_ACT "VALOR_EJEC_ACT" true true false 8 Double 0 0 ,First,#,D:\ngonzalez\Desktop\Skydrive\SkyDrive Pro\MODELO DATOS\FINALES\GDB_ANLA_MCB.gdb\T_34_COMPENSACION\CompensacionBiodiversidad,VAL_EJ_ACT,-1,-1;VALOR_ACT "VALOR_ACT" true true false 8 Double 0 0 ,First,#,D:\ngonzalez\Desktop\Skydrive\SkyDrive Pro\MODELO DATOS\FINALES\GDB_ANLA_MCB.gdb\T_34_COMPENSACION\CompensacionBiodiversidad,VALOR_ACT,-1,-1;VAL_APROB "VALOR_APROB" true true false 8 Double 0 0 ,First,#,D:\ngonzalez\Desktop\Skydrive\SkyDrive Pro\MODELO DATOS\FINALES\GDB_ANLA_MCB.gdb\T_34_COMPENSACION\CompensacionBiodiversidad,VAL_APROB,-1,-1;FECHA_INI "FECHA_INI" true true false 8 Date 0 0 ,First,#,D:\ngonzalez\Desktop\Skydrive\SkyDrive Pro\MODELO DATOS\FINALES\GDB_ANLA_MCB.gdb\T_34_COMPENSACION\CompensacionBiodiversidad,FECHA_INI,-1,-1;FECHA_TER "FECHA_TER" true true false 8 Date 0 0 ,First,#,D:\ngonzalez\Desktop\Skydrive\SkyDrive Pro\MODELO DATOS\FINALES\GDB_ANLA_MCB.gdb\T_34_COMPENSACION\CompensacionBiodiversidad,FECHA_TER,-1,-1;OBSER_CPPB "OBSER_CPPB" true true false 255 Text 0 0 ,First,#,D:\ngonzalez\Desktop\Skydrive\SkyDrive Pro\MODELO DATOS\FINALES\GDB_ANLA_MCB.gdb\T_34_COMPENSACION\CompensacionBiodiversidad,OBSER_CPPB,-1,-1;AREA_ha "AREA_ha" true true false 8 Double 0 0 ,First,#,D:\ngonzalez\Desktop\Skydrive\SkyDrive Pro\MODELO DATOS\FINALES\GDB_ANLA_MCB.gdb\T_34_COMPENSACION\CompensacionBiodiversidad,AREA_ha,-1,-1" #</Process><Process ToolSource="c:\program files (x86)\arcgis\desktop10.3\ArcToolbox\Toolboxes\Data Management Tools.tbx\Rename" Date="20160531" Time="120522">Rename "D:\ngonzalez\Desktop\Skydrive\SkyDrive Pro\MODELO DATOS\FINALES\GDB_ANLA_MCB.gdb\T_34_COMPENSACION\CompensacionBiodiversidad0" "D:\ngonzalez\Desktop\Skydrive\SkyDrive Pro\MODELO DATOS\FINALES\GDB_ANLA_MCB.gdb\T_34_COMPENSACION\CompensacionBiodiversidad" FeatureClass</Process><Process ToolSource="c:\program files (x86)\arcgis\desktop10.4\ArcToolbox\Toolboxes\Conversion Tools.tbx\FeatureClassToFeatureClass" Date="20160713" Time="162812">FeatureClassToFeatureClass "D:\ngonzalez\Desktop\Skydrive\SkyDrive Pro\MODELO DATOS\FINALES\GDB_ANLA_MCB.gdb\T_34_COMPENSACION\CompensacionBiodiversidad" "D:\ngonzalez\Desktop\Skydrive\SkyDrive Pro\MODELO DATOS\FINALES\GDB_ANLA_MCB.gdb\T_34_COMPENSACION" CompensacionBiodiversidad0 # "EXPEDIENTE "EXPEDIENTE" true true false 20 Text 0 0 ,First,#,D:\ngonzalez\Desktop\Skydrive\SkyDrive Pro\MODELO DATOS\FINALES\GDB_ANLA_MCB.gdb\T_34_COMPENSACION\CompensacionBiodiversidad,EXPEDIENTE,-1,-1;OPERADOR "OPERADOR" true true false 100 Text 0 0 ,First,#,D:\ngonzalez\Desktop\Skydrive\SkyDrive Pro\MODELO DATOS\FINALES\GDB_ANLA_MCB.gdb\T_34_COMPENSACION\CompensacionBiodiversidad,OPERADOR,-1,-1;PROYECTO "PROYECTO" true true false 200 Text 0 0 ,First,#,D:\ngonzalez\Desktop\Skydrive\SkyDrive Pro\MODELO DATOS\FINALES\GDB_ANLA_MCB.gdb\T_34_COMPENSACION\CompensacionBiodiversidad,PROYECTO,-1,-1;ID_COMP "ID_COMP" true true false 20 Text 0 0 ,First,#,D:\ngonzalez\Desktop\Skydrive\SkyDrive Pro\MODELO DATOS\FINALES\GDB_ANLA_MCB.gdb\T_34_COMPENSACION\CompensacionBiodiversidad,ID_COMP,-1,-1;NO_ACTOAD "NO_ACTOADMIN" true true false 2 Short 0 0 ,First,#,D:\ngonzalez\Desktop\Skydrive\SkyDrive Pro\MODELO DATOS\FINALES\GDB_ANLA_MCB.gdb\T_34_COMPENSACION\CompensacionBiodiversidad,NO_ACTOAD,-1,-1;FE_ACTOAD "FEC_ACTOADMIN" true true false 8 Date 0 0 ,First,#,D:\ngonzalez\Desktop\Skydrive\SkyDrive Pro\MODELO DATOS\FINALES\GDB_ANLA_MCB.gdb\T_34_COMPENSACION\CompensacionBiodiversidad,FE_ACTOAD,-1,-1;T_ACTO_OBL "TIPO_ACTO_ADMIN" true true false 8 Double 0 0 ,First,#,D:\ngonzalez\Desktop\Skydrive\SkyDrive Pro\MODELO DATOS\FINALES\GDB_ANLA_MCB.gdb\T_34_COMPENSACION\CompensacionBiodiversidad,T_ACTO_OBL,-1,-1;RES_OBL "NO_ACTO_ADMIN" true true false 2 Short 0 0 ,First,#,D:\ngonzalez\Desktop\Skydrive\SkyDrive Pro\MODELO DATOS\FINALES\GDB_ANLA_MCB.gdb\T_34_COMPENSACION\CompensacionBiodiversidad,RES_OBL,-1,-1;FE_OBL "FEC_ACTO_ADMIN" true true false 8 Date 0 0 ,First,#,D:\ngonzalez\Desktop\Skydrive\SkyDrive Pro\MODELO DATOS\FINALES\GDB_ANLA_MCB.gdb\T_34_COMPENSACION\CompensacionBiodiversidad,FE_OBL,-1,-1;AREA_COMP "AREA_COMPENS" true true false 8 Double 0 0 ,First,#,D:\ngonzalez\Desktop\Skydrive\SkyDrive Pro\MODELO DATOS\FINALES\GDB_ANLA_MCB.gdb\T_34_COMPENSACION\CompensacionBiodiversidad,AREA_COMP,-1,-1;ACT_COMP "ACTIVIDAD_COMP" true true false 8 Double 0 0 ,First,#,D:\ngonzalez\Desktop\Skydrive\SkyDrive Pro\MODELO DATOS\FINALES\GDB_ANLA_MCB.gdb\T_34_COMPENSACION\CompensacionBiodiversidad,ACT_COMP,-1,-1;SBACT_COMP "SUBACTIVIDAD_COMP" true true false 8 Double 0 0 ,First,#,D:\ngonzalez\Desktop\Skydrive\SkyDrive Pro\MODELO DATOS\FINALES\GDB_ANLA_MCB.gdb\T_34_COMPENSACION\CompensacionBiodiversidad,SBACT_COMP,-1,-1;DESCRIPCIO "DESCRIPCIO
" true true false 255 Text 0 0 ,First,#,D:\ngonzalez\Desktop\Skydrive\SkyDrive Pro\MODELO DATOS\FINALES\GDB_ANLA_MCB.gdb\T_34_COMPENSACION\CompensacionBiodiversidad,DESCRIPCIO,-1,-1;AREA_PG_ha "AREA_PG_ha" true true false 8 Double 0 0 ,First,#,D:\ngonzalez\Desktop\Skydrive\SkyDrive Pro\MODELO DATOS\FINALES\GDB_ANLA_MCB.gdb\T_34_COMPENSACION\CompensacionBiodiversidad,AREA_PG_ha,-1,-1;ESTADO "ESTADO" true true false 8 Double 0 0 ,First,#,D:\ngonzalez\Desktop\Skydrive\SkyDrive Pro\MODELO DATOS\FINALES\GDB_ANLA_MCB.gdb\T_34_COMPENSACION\CompensacionBiodiversidad,ESTADO,-1,-1;FECHA_INI "FECHA_INI" true true false 8 Date 0 0 ,First,#,D:\ngonzalez\Desktop\Skydrive\SkyDrive Pro\MODELO DATOS\FINALES\GDB_ANLA_MCB.gdb\T_34_COMPENSACION\CompensacionBiodiversidad,FECHA_INI,-1,-1;FECHA_TER "FECHA_TER" true true false 8 Date 0 0 ,First,#,D:\ngonzalez\Desktop\Skydrive\SkyDrive Pro\MODELO DATOS\FINALES\GDB_ANLA_MCB.gdb\T_34_COMPENSACION\CompensacionBiodiversidad,FECHA_TER,-1,-1;ECOSIST_IM "ECOSIST_IM" true true false 8 Double 0 0 ,First,#,D:\ngonzalez\Desktop\Skydrive\SkyDrive Pro\MODELO DATOS\FINALES\GDB_ANLA_MCB.gdb\T_34_COMPENSACION\CompensacionBiodiversidad,ECOSIST_IM,-1,-1;O_ECOS_IM "O_ECOS_IM" true true false 150 Text 0 0 ,First,#,D:\ngonzalez\Desktop\Skydrive\SkyDrive Pro\MODELO DATOS\FINALES\GDB_ANLA_MCB.gdb\T_34_COMPENSACION\CompensacionBiodiversidad,O_ECOS_IM,-1,-1;AFECT_SOL "AFECTSOL" true true false 8 Double 0 0 ,First,#,D:\ngonzalez\Desktop\Skydrive\SkyDrive Pro\MODELO DATOS\FINALES\GDB_ANLA_MCB.gdb\T_34_COMPENSACION\CompensacionBiodiversidad,AFECT_SOL,-1,-1;CONTEX_PEI "CONTEX_PEI" true true false 8 Double 0 0 ,First,#,D:\ngonzalez\Desktop\Skydrive\SkyDrive Pro\MODELO DATOS\FINALES\GDB_ANLA_MCB.gdb\T_34_COMPENSACION\CompensacionBiodiversidad,CONTEX_PEI,-1,-1;FAC_REPRES "FAC_REPRES
" true true false 8 Double 0 0 ,First,#,D:\ngonzalez\Desktop\Skydrive\SkyDrive Pro\MODELO DATOS\FINALES\GDB_ANLA_MCB.gdb\T_34_COMPENSACION\CompensacionBiodiversidad,FAC_REPRES,-1,-1;FAC_RAREZ "FAC_RAREZ
" true true false 8 Double 0 0 ,First,#,D:\ngonzalez\Desktop\Skydrive\SkyDrive Pro\MODELO DATOS\FINALES\GDB_ANLA_MCB.gdb\T_34_COMPENSACION\CompensacionBiodiversidad,FAC_RAREZ,-1,-1;FAC_REMANE "FAC_REMANE
" true true false 8 Double 0 0 ,First,#,D:\ngonzalez\Desktop\Skydrive\SkyDrive Pro\MODELO DATOS\FINALES\GDB_ANLA_MCB.gdb\T_34_COMPENSACION\CompensacionBiodiversidad,FAC_REMANE,-1,-1;FAC_P_TRAN "FAC_P_TRAN
" true true false 8 Double 0 0 ,First,#,D:\ngonzalez\Desktop\Skydrive\SkyDrive Pro\MODELO DATOS\FINALES\GDB_ANLA_MCB.gdb\T_34_COMPENSACION\CompensacionBiodiversidad,FAC_P_TRAN,-1,-1;FACTORCOMP "FACTORCOMP" true true false 8 Double 0 0 ,First,#,D:\ngonzalez\Desktop\Skydrive\SkyDrive Pro\MODELO DATOS\FINALES\GDB_ANLA_MCB.gdb\T_34_COMPENSACION\CompensacionBiodiversidad,FACTORCOMP,-1,-1;ECOSISTEMA "ECOSISTEMA" true true false 0 Double 0 0 ,First,#,D:\ngonzalez\Desktop\Skydrive\SkyDrive Pro\MODELO DATOS\FINALES\GDB_ANLA_MCB.gdb\T_34_COMPENSACION\CompensacionBiodiversidad,ECOSISTEMA,-1,-1;OTR_ECOSIS "OTR_ECOSIS" true true false 150 Text 0 0 ,First,#,D:\ngonzalez\Desktop\Skydrive\SkyDrive Pro\MODELO DATOS\FINALES\GDB_ANLA_MCB.gdb\T_34_COMPENSACION\CompensacionBiodiversidad,OTR_ECOSIS,-1,-1;CONTEX_PEC "CONTEX_PEC" true true false 8 Double 0 0 ,First,#,D:\ngonzalez\Desktop\Skydrive\SkyDrive Pro\MODELO DATOS\FINALES\GDB_ANLA_MCB.gdb\T_34_COMPENSACION\CompensacionBiodiversidad,CONTEX_PEC,-1,-1;PREC_SUELO "PREC_SUELO
" true true false 8 Double 0 0 ,First,#,D:\ngonzalez\Desktop\Skydrive\SkyDrive Pro\MODELO DATOS\FINALES\GDB_ANLA_MCB.gdb\T_34_COMPENSACION\CompensacionBiodiversidad,PREC_SUELO,-1,-1;VAL_E_COM "VALORE_COM" true true false 8 Double 0 0 ,First,#,D:\ngonzalez\Desktop\Skydrive\SkyDrive Pro\MODELO DATOS\FINALES\GDB_ANLA_MCB.gdb\T_34_COMPENSACION\CompensacionBiodiversidad,VAL_E_COM,-1,-1;VAL_EJ_ACT "VALOR_EJEC_ACT" true true false 8 Double 0 0 ,First,#,D:\ngonzalez\Desktop\Skydrive\SkyDrive Pro\MODELO DATOS\FINALES\GDB_ANLA_MCB.gdb\T_34_COMPENSACION\CompensacionBiodiversidad,VAL_EJ_ACT,-1,-1;VALOR_ACT "VALOR_ACT" true true false 8 Double 0 0 ,First,#,D:\ngonzalez\Desktop\Skydrive\SkyDrive Pro\MODELO DATOS\FINALES\GDB_ANLA_MCB.gdb\T_34_COMPENSACION\CompensacionBiodiversidad,VALOR_ACT,-1,-1;OBSER_CPPB "OBSER_CPPB" true true false 255 Text 0 0 ,First,#,D:\ngonzalez\Desktop\Skydrive\SkyDrive Pro\MODELO DATOS\FINALES\GDB_ANLA_MCB.gdb\T_34_COMPENSACION\CompensacionBiodiversidad,OBSER_CPPB,-1,-1" #</Process><Process ToolSource="c:\program files (x86)\arcgis\desktop10.4\ArcToolbox\Toolboxes\Data Management Tools.tbx\Rename" Date="20160713" Time="162814">Rename "D:\ngonzalez\Desktop\Skydrive\SkyDrive Pro\MODELO DATOS\FINALES\GDB_ANLA_MCB.gdb\T_34_COMPENSACION\CompensacionBiodiversidad0" "D:\ngonzalez\Desktop\Skydrive\SkyDrive Pro\MODELO DATOS\FINALES\GDB_ANLA_MCB.gdb\T_34_COMPENSACION\CompensacionBiodiversidad" FeatureClass</Process><Process ToolSource="c:\program files (x86)\arcgis\desktop10.4\ArcToolbox\Toolboxes\Conversion Tools.tbx\FeatureClassToFeatureClass" Date="20160714" Time="112130">FeatureClassToFeatureClass "D:\ngonzalez\Desktop\Skydrive\SkyDrive Pro\MODELO DATOS\FINALES\GDB_ANLA_MCB.gdb\T_34_COMPENSACION\CompensacionBiodiversidad" "D:\ngonzalez\Desktop\Skydrive\SkyDrive Pro\MODELO DATOS\FINALES\GDB_ANLA_MCB.gdb\T_34_COMPENSACION" CompensacionBiodiversidad0 # "EXPEDIENTE "EXPEDIENTE" true true false 20 Text 0 0 ,First,#,D:\ngonzalez\Desktop\Skydrive\SkyDrive Pro\MODELO DATOS\FINALES\GDB_ANLA_MCB.gdb\T_34_COMPENSACION\CompensacionBiodiversidad,EXPEDIENTE,-1,-1;OPERADOR "OPERADOR" true false false 100 Text 0 0 ,First,#,D:\ngonzalez\Desktop\Skydrive\SkyDrive Pro\MODELO DATOS\FINALES\GDB_ANLA_MCB.gdb\T_34_COMPENSACION\CompensacionBiodiversidad,OPERADOR,-1,-1;PROYECTO "PROYECTO" true false false 200 Text 0 0 ,First,#,D:\ngonzalez\Desktop\Skydrive\SkyDrive Pro\MODELO DATOS\FINALES\GDB_ANLA_MCB.gdb\T_34_COMPENSACION\CompensacionBiodiversidad,PROYECTO,-1,-1;ID_COMP "ID_COMP" true false false 20 Text 0 0 ,First,#,D:\ngonzalez\Desktop\Skydrive\SkyDrive Pro\MODELO DATOS\FINALES\GDB_ANLA_MCB.gdb\T_34_COMPENSACION\CompensacionBiodiversidad,ID_COMP,-1,-1;NO_ACTOAD "NO_ACTOADMIN" true true false 2 Short 0 0 ,First,#,D:\ngonzalez\Desktop\Skydrive\SkyDrive Pro\MODELO DATOS\FINALES\GDB_ANLA_MCB.gdb\T_34_COMPENSACION\CompensacionBiodiversidad,NO_ACTOAD,-1,-1;FE_ACTOAD "FEC_ACTOADMIN" true true false 8 Date 0 0 ,First,#,D:\ngonzalez\Desktop\Skydrive\SkyDrive Pro\MODELO DATOS\FINALES\GDB_ANLA_MCB.gdb\T_34_COMPENSACION\CompensacionBiodiversidad,FE_ACTOAD,-1,-1;T_ACTO_OBL "TIPO_ACTO_ADMIN" true true false 8 Double 0 0 ,First,#,D:\ngonzalez\Desktop\Skydrive\SkyDrive Pro\MODELO DATOS\FINALES\GDB_ANLA_MCB.gdb\T_34_COMPENSACION\CompensacionBiodiversidad,T_ACTO_OBL,-1,-1;RES_OBL "RES_OBL" true true false 2 Short 0 0 ,First,#,D:\ngonzalez\Desktop\Skydrive\SkyDrive Pro\MODELO DATOS\FINALES\GDB_ANLA_MCB.gdb\T_34_COMPENSACION\CompensacionBiodiversidad,RES_OBL,-1,-1;FE_OBL "FE_OBL" true true false 8 Date 0 0 ,First,#,D:\ngonzalez\Desktop\Skydrive\SkyDrive Pro\MODELO DATOS\FINALES\GDB_ANLA_MCB.gdb\T_34_COMPENSACION\CompensacionBiodiversidad,FE_OBL,-1,-1;AREA_COMP "AREA_COMPENS" true false false 8 Double 0 0 ,First,#,D:\ngonzalez\Desktop\Skydrive\SkyDrive Pro\MODELO DATOS\FINALES\GDB_ANLA_MCB.gdb\T_34_COMPENSACION\CompensacionBiodiversidad,AREA_COMP,-1,-1;ACT_COMP "ACTIVIDAD_COMP" true false false 8 Double 0 0 ,First,#,D:\ngonzalez\Desktop\Skydrive\SkyDrive Pro\MODELO DATOS\FINALES\GDB_ANLA_MCB.gdb\T_34_COMPENSACION\CompensacionBiodiversidad,ACT_COMP,-1,-1;SBACT_COMP "SUBACTIVIDAD_COMP" true false false 8 Double 0 0 ,First,#,D:\ngonzalez\Desktop\Skydrive\SkyDrive Pro\MODELO DATOS\FINALES\GDB_ANLA_MCB.gdb\T_34_COMPENSACION\CompensacionBiodiversidad,SBACT_COMP,-1,-1;OTRA_ACT "OTRA_ACT" true true false 255 Text 0 0 ,First,#,D:\ngonzalez\Desktop\Skydrive\SkyDrive Pro\MODELO DATOS\FINALES\GDB_ANLA_MCB.gdb\T_34_COMPENSACION\CompensacionBiodiversidad,OTRA_ACT,-1,-1;DESCRIPCIO "DESCRIPCIO
" true false false 255 Text 0 0 ,First,#,D:\ngonzalez\Desktop\Skydrive\SkyDrive Pro\MODELO DATOS\FINALES\GDB_ANLA_MCB.gdb\T_34_COMPENSACION\CompensacionBiodiversidad,DESCRIPCIO,-1,-1;AREA_PG_ha "AREA_PG_ha" true false false 8 Double 0 0 ,First,#,D:\ngonzalez\Desktop\Skydrive\SkyDrive Pro\MODELO DATOS\FINALES\GDB_ANLA_MCB.gdb\T_34_COMPENSACION\CompensacionBiodiversidad,AREA_PG_ha,-1,-1;ESTADO "ESTADO" true false false 8 Double 0 0 ,First,#,D:\ngonzalez\Desktop\Skydrive\SkyDrive Pro\MODELO DATOS\FINALES\GDB_ANLA_MCB.gdb\T_34_COMPENSACION\CompensacionBiodiversidad,ESTADO,-1,-1;FECHA_INI "FECHA_INI" true false false 8 Date 0 0 ,First,#,D:\ngonzalez\Desktop\Skydrive\SkyDrive Pro\MODELO DATOS\FINALES\GDB_ANLA_MCB.gdb\T_34_COMPENSACION\CompensacionBiodiversidad,FECHA_INI,-1,-1;FECHA_TER "FECHA_TER" true false false 8 Date 0 0 ,First,#,D:\ngonzalez\Desktop\Skydrive\SkyDrive Pro\MODELO DATOS\FINALES\GDB_ANLA_MCB.gdb\T_34_COMPENSACION\CompensacionBiodiversidad,FECHA_TER,-1,-1;ECOSIST_IM "ECOSIST_IM" true false false 8 Double 0 0 ,First,#,D:\ngonzalez\Desktop\Skydrive\SkyDrive Pro\MODELO DATOS\FINALES\GDB_ANLA_MCB.gdb\T_34_COMPENSACION\CompensacionBiodiversidad,ECOSIST_IM,-1,-1;O_ECOS_IM "O_ECOS_IM" true true false 150 Text 0 0 ,First,#,D:\ngonzalez\Desktop\Skydrive\SkyDrive Pro\MODELO DATOS\FINALES\GDB_ANLA_MCB.gdb\T_34_COMPENSACION\CompensacionBiodiversidad,O_ECOS_IM,-1,-1;AFECT_SOL "AFECTSOL" true false false 8 Double 0 0 ,First,#,D:\ngonzalez\Desktop\Skydrive\SkyDrive Pro\MODELO DATOS\FINALES\GDB_ANLA_MCB.gdb\T_34_COMPENSACION\CompensacionBiodiversidad,AFECT_SOL,-1,-1;CONTEX_PEI "CONTEX_PEI" true false false 8 Double 0 0 ,First,#,D:\ngonzalez\Desktop\Skydrive\SkyDrive Pro\MODELO DATOS\FINALES\GDB_ANLA_MCB.gdb\T_34_COMPENSACION\CompensacionBiodiversidad,CONTEX_PEI,-1,-1;FAC_REPRES "FAC_REPRES
" true false false 8 Double 0 0 ,First,#,D:\ngonzalez\Desktop\Skydrive\SkyDrive Pro\MODELO DATOS\FINALES\GDB_ANLA_MCB.gdb\T_34_COMPENSACION\CompensacionBiodiversidad,FAC_REPRES,-1,-1;FAC_RAREZ "FAC_RAREZ
" true false false 8 Double 0 0 ,First,#,D:\ngonzalez\Desktop\Skydrive\SkyDrive Pro\MODELO DATOS\FINALES\GDB_ANLA_MCB.gdb\T_34_COMPENSACION\CompensacionBiodiversidad,FAC_RAREZ,-1,-1;FAC_REMANE "FAC_REMANE
" true false false 8 Double 0 0 ,First,#,D:\ngonzalez\Desktop\Skydrive\SkyDrive Pro\MODELO DATOS\FINALES\GDB_ANLA_MCB.gdb\T_34_COMPENSACION\CompensacionBiodiversidad,FAC_REMANE,-1,-1;FAC_P_TRAN "FAC_P_TRAN
" true false false 8 Double 0 0 ,First,#,D:\ngonzalez\Desktop\Skydrive\SkyDrive Pro\MODELO DATOS\FINALES\GDB_ANLA_MCB.gdb\T_34_COMPENSACION\CompensacionBiodiversidad,FAC_P_TRAN,-1,-1;FACTORCOMP "FACTORCOMP" true false false 8 Double 0 0 ,First,#,D:\ngonzalez\Desktop\Skydrive\SkyDrive Pro\MODELO DATOS\FINALES\GDB_ANLA_MCB.gdb\T_34_COMPENSACION\CompensacionBiodiversidad,FACTORCOMP,-1,-1;ECOSISTEMA "ECOSISTEMA" true false false 8 Double 0 0 ,First,#,D:\ngonzalez\Desktop\Skydrive\SkyDrive Pro\MODELO DATOS\FINALES\GDB_ANLA_MCB.gdb\T_34_COMPENSACION\CompensacionBiodiversidad,ECOSISTEMA,-1,-1;OTR_ECOSIS "OTR_ECOSIS" true true false 150 Text 0 0 ,First,#,D:\ngonzalez\Desktop\Skydrive\SkyDrive Pro\MODELO DATOS\FINALES\GDB_ANLA_MCB.gdb\T_34_COMPENSACION\CompensacionBiodiversidad,OTR_ECOSIS,-1,-1;CONTEX_PEC "CONTEX_PEC" true false false 8 Double 0 0 ,First,#,D:\ngonzalez\Desktop\Skydrive\SkyDrive Pro\MODELO DATOS\FINALES\GDB_ANLA_MCB.gdb\T_34_COMPENSACION\CompensacionBiodiversidad,CONTEX_PEC,-1,-1;PREC_SUELO "PREC_SUELO
" true false false 8 Double 0 0 ,First,#,D:\ngonzalez\Desktop\Skydrive\SkyDrive Pro\MODELO DATOS\FINALES\GDB_ANLA_MCB.gdb\T_34_COMPENSACION\CompensacionBiodiversidad,PREC_SUELO,-1,-1;VAL_E_COM "VALORE_COM" true false false 8 Double 0 0 ,First,#,D:\ngonzalez\Desktop\Skydrive\SkyDrive Pro\MODELO DATOS\FINALES\GDB_ANLA_MCB.gdb\T_34_COMPENSACION\CompensacionBiodiversidad,VAL_E_COM,-1,-1;VAL_EJ_ACT "VALOR_EJEC_ACT" true false false 8 Double 0 0 ,First,#,D:\ngonzalez\Desktop\Skydrive\SkyDrive Pro\MODELO DATOS\FINALES\GDB_ANLA_MCB.gdb\T_34_COMPENSACION\CompensacionBiodiversidad,VAL_EJ_ACT,-1,-1;VALOR_ACT "VALOR_ACT" true false false 8 Double 0 0 ,First,#,D:\ngonzalez\Desktop\Skydrive\SkyDrive Pro\MODELO DATOS\FINALES\GDB_ANLA_MCB.gdb\T_34_COMPENSACION\CompensacionBiodiversidad,VALOR_ACT,-1,-1;OBSER_CPPB "OBSER_CPPB" true true false 255 Text 0 0 ,First,#,D:\ngonzalez\Desktop\Skydrive\SkyDrive Pro\MODELO DATOS\FINALES\GDB_ANLA_MCB.gdb\T_34_COMPENSACION\CompensacionBiodiversidad,OBSER_CPPB,-1,-1" #</Process><Process ToolSource="c:\program files (x86)\arcgis\desktop10.4\ArcToolbox\Toolboxes\Data Management Tools.tbx\Rename" Date="20160714" Time="112132">Rename "D:\ngonzalez\Desktop\Skydrive\SkyDrive Pro\MODELO DATOS\FINALES\GDB_ANLA_MCB.gdb\T_34_COMPENSACION\CompensacionBiodiversidad0" "D:\ngonzalez\Desktop\Skydrive\SkyDrive Pro\MODELO DATOS\FINALES\GDB_ANLA_MCB.gdb\T_34_COMPENSACION\CompensacionBiodiversidad" FeatureClass</Process><Process ToolSource="c:\program files (x86)\arcgis\desktop10.5\ArcToolbox\Toolboxes\Data Management Tools.tbx\AlterField" Date="20181129" Time="182115">AlterField D:\fpena\Desktop\TMP\MAGNA_Origen_Oeste\GDB\BD_ANLA_3115.gdb\CompensacionBiodiversidad NO_ACTOAD # # SHORT 2 NULLABLE true</Process><Process ToolSource="c:\program files (x86)\arcgis\desktop10.5\ArcToolbox\Toolboxes\Data Management Tools.tbx\AlterField" Date="20181129" Time="182117">AlterField D:\fpena\Desktop\TMP\MAGNA_Origen_Oeste\GDB\BD_ANLA_3115.gdb\CompensacionBiodiversidad FE_ACTOAD # # DATE 8 NULLABLE true</Process><Process ToolSource="c:\program files (x86)\arcgis\desktop10.5\ArcToolbox\Toolboxes\Data Management Tools.tbx\AlterField" Date="20181129" Time="182120">AlterField D:\fpena\Desktop\TMP\MAGNA_Origen_Oeste\GDB\BD_ANLA_3115.gdb\CompensacionBiodiversidad T_ACTO_OBL # # DOUBLE 8 NULLABLE true</Process><Process ToolSource="c:\program files (x86)\arcgis\desktop10.5\ArcToolbox\Toolboxes\Data Management Tools.tbx\AlterField" Date="20181129" Time="182122">AlterField D:\fpena\Desktop\TMP\MAGNA_Origen_Oeste\GDB\BD_ANLA_3115.gdb\CompensacionBiodiversidad AREA_COMP # # DOUBLE 8 NON_NULLABLE true</Process><Process ToolSource="c:\program files (x86)\arcgis\desktop10.5\ArcToolbox\Toolboxes\Data Management Tools.tbx\AlterField" Date="20181129" Time="182124">AlterField D:\fpena\Desktop\TMP\MAGNA_Origen_Oeste\GDB\BD_ANLA_3115.gdb\CompensacionBiodiversidad ACT_COMP # # DOUBLE 8 NON_NULLABLE true</Process><Process ToolSource="c:\program files (x86)\arcgis\desktop10.5\ArcToolbox\Toolboxes\Data Management Tools.tbx\AlterField" Date="20181129" Time="182127">AlterField D:\fpena\Desktop\TMP\MAGNA_Origen_Oeste\GDB\BD_ANLA_3115.gdb\CompensacionBiodiversidad SBACT_COMP # # DOUBLE 8 NON_NULLABLE true</Process><Process ToolSource="c:\program files (x86)\arcgis\desktop10.5\ArcToolbox\Toolboxes\Data Management Tools.tbx\AlterField" Date="20181129" Time="182129">AlterField D:\fpena\Desktop\TMP\MAGNA_Origen_Oeste\GDB\BD_ANLA_3115.gdb\CompensacionBiodiversidad DESCRIPCIO # # TEXT 255 NON_NULLABLE true</Process><Process ToolSource="c:\program files (x86)\arcgis\desktop10.5\ArcToolbox\Toolboxes\Data Management Tools.tbx\AlterField" Date="20181129" Time="182132">AlterField D:\fpena\Desktop\TMP\MAGNA_Origen_Oeste\GDB\BD_ANLA_3115.gdb\CompensacionBiodiversidad AFECT_SOL # # DOUBLE 8 NON_NULLABLE true</Process><Process ToolSource="c:\program files (x86)\arcgis\desktop10.5\ArcToolbox\Toolboxes\Data Management Tools.tbx\AlterField" Date="20181129" Time="182135">AlterField D:\fpena\Desktop\TMP\MAGNA_Origen_Oeste\GDB\BD_ANLA_3115.gdb\CompensacionBiodiversidad FAC_REPRES # # DOUBLE 8 NON_NULLABLE true</Process><Process ToolSource="c:\program files (x86)\arcgis\desktop10.5\ArcToolbox\Toolboxes\Data Management Tools.tbx\AlterField" Date="20181129" Time="182137">AlterField D:\fpena\Desktop\TMP\MAGNA_Origen_Oeste\GDB\BD_ANLA_3115.gdb\CompensacionBiodiversidad FAC_RAREZ # # DOUBLE 8 NON_NULLABLE true</Process><Process ToolSource="c:\program files (x86)\arcgis\desktop10.5\ArcToolbox\Toolboxes\Data Management Tools.tbx\AlterField" Date="20181129" Time="182140">AlterField D:\fpena\Desktop\TMP\MAGNA_Origen_Oeste\GDB\BD_ANLA_3115.gdb\CompensacionBiodiversidad FAC_REMANE # # DOUBLE 8 NON_NULLABLE true</Process><Process ToolSource="c:\program files (x86)\arcgis\desktop10.5\ArcToolbox\Toolboxes\Data Management Tools.tbx\AlterField" Date="20181129" Time="182142">AlterField D:\fpena\Desktop\TMP\MAGNA_Origen_Oeste\GDB\BD_ANLA_3115.gdb\CompensacionBiodiversidad FAC_P_TRAN # # DOUBLE 8 NON_NULLABLE true</Process><Process ToolSource="c:\program files (x86)\arcgis\desktop10.5\ArcToolbox\Toolboxes\Data Management Tools.tbx\AlterField" Date="20181129" Time="182145">AlterField D:\fpena\Desktop\TMP\MAGNA_Origen_Oeste\GDB\BD_ANLA_3115.gdb\CompensacionBiodiversidad PREC_SUELO # # DOUBLE 8 NON_NULLABLE true</Process><Process ToolSource="c:\program files (x86)\arcgis\desktop10.5\ArcToolbox\Toolboxes\Data Management Tools.tbx\AlterField" Date="20181129" Time="182147">AlterField D:\fpena\Desktop\TMP\MAGNA_Origen_Oeste\GDB\BD_ANLA_3115.gdb\CompensacionBiodiversidad VAL_E_COM # # DOUBLE 8 NON_NULLABLE true</Process><Process ToolSource="c:\program files (x86)\arcgis\desktop10.5\ArcToolbox\Toolboxes\Data Management Tools.tbx\AlterField" Date="20181129" Time="182150">AlterField D:\fpena\Desktop\TMP\MAGNA_Origen_Oeste\GDB\BD_ANLA_3115.gdb\CompensacionBiodiversidad VAL_EJ_ACT # # DOUBLE 8 NON_NULLABLE true</Process><Process ToolSource="c:\program files (x86)\arcgis\desktop10.5\ArcToolbox\Toolboxes\Data Management Tools.tbx\CopyFeatures" Date="20181129" Time="201725">CopyFeatures D:\fpena\Desktop\TMP\BD_ANLA_3115.gdb\CompensacionBiodiversidad D:\fpena\Desktop\TMP\BD_ANLA_3115\T_34_COMPENSACION\CompensacionBiodiversidad.shp # 0 0 0</Process></lineage></DataProperties><SyncDate>20181129</SyncDate><SyncTime>20172500</SyncTime><ModDate>20181129</ModDate><ModTime>20172500</ModTime></Esri><dataIdInfo><envirDesc Sync="TRUE"> Version 6.2 (Build 9200) ; Esri ArcGIS 10.5.1.7333</envirDesc><dataLang><languageCode value="spa" Sync="TRUE"></languageCode><countryCode value="COL" Sync="TRUE"></countryCode></dataLang><idCitation><resTitle Sync="TRUE">CompensacionBiodiversidad</resTitle><presForm><PresFormCd value="005" Sync="TRUE"></PresFormCd></presForm></idCitation><spatRpType><SpatRepTypCd value="001" Sync="TRUE"></SpatRepTypCd></spatRpType></dataIdInfo><mdLang><languageCode value="spa" Sync="TRUE"></languageCode><countryCode value="COL" Sync="TRUE"></countryCode></mdLang><distInfo><distFormat><formatName Sync="TRUE">Shapefile</formatName></distFormat><distTranOps><transSize Sync="TRUE">0.000</transSize></distTranOps></distInfo><mdHrLv><ScopeCd value="005" Sync="TRUE"></ScopeCd></mdHrLv><mdHrLvName Sync="TRUE">dataset</mdHrLvName><refSysInfo><RefSystem><refSysID><identCode code="3115" Sync="TRUE"></identCode><idCodeSpace Sync="TRUE">EPSG</idCodeSpace><idVersion Sync="TRUE">8.6(9.2.0)</idVersion></refSysID></RefSystem></refSysInfo><spatRepInfo><VectSpatRep><geometObjs Name="CompensacionBiodiversidad"><geoObjTyp><GeoObjTypCd value="002" Sync="TRUE"></GeoObjTypCd></geoObjTyp><geoObjCnt Sync="TRUE">0</geoObjCnt></geometObjs><topLvl><TopoLevCd value="001" Sync="TRUE"></TopoLevCd></topLvl></VectSpatRep></spatRepInfo><spdoinfo><ptvctinf><esriterm Name="CompensacionBiodiversidad"><efeatyp Sync="TRUE">Simple</efeatyp><efeageom code="4" Sync="TRUE"></efeageom><esritopo Sync="TRUE">FALSE</esritopo><efeacnt Sync="TRUE">0</efeacnt><spindex Sync="TRUE">FALSE</spindex><linrefer Sync="TRUE">FALSE</linrefer></esriterm></ptvctinf></spdoinfo><eainfo><detailed Name="CompensacionBiodiversidad"><enttyp><enttypl Sync="TRUE">CompensacionBiodiversidad</enttypl><enttypt Sync="TRUE">Feature Class</enttypt><enttypc Sync="TRUE">0</enttypc></enttyp><attr><attrlabl Sync="TRUE">FID</attrlabl><attalias Sync="TRUE">FID</attalias><attrtype Sync="TRUE">OID</attrtype><attwidth Sync="TRUE">4</attwidth><atprecis Sync="TRUE">0</atprecis><attscale Sync="TRUE">0</attscale><attrdef Sync="TRUE">Internal feature number.</attrdef><attrdefs Sync="TRUE">Esri</attrdefs><attrdomv><udom Sync="TRUE">Sequential unique whole numbers that are automatically generated.</udom></attrdomv></attr><attr><attrlabl Sync="TRUE">Shape</attrlabl><attalias Sync="TRUE">Shape</attalias><attrtype Sync="TRUE">Geometry</attrtype><attwidth Sync="TRUE">0</attwidth><atprecis Sync="TRUE">0</atprecis><attscale Sync="TRUE">0</attscale><attrdef Sync="TRUE">Feature geometry.</attrdef><attrdefs Sync="TRUE">Esri</attrdefs><attrdomv><udom Sync="TRUE">Coordinates defining the features.</udom></attrdomv></attr><attr><attrlabl Sync="TRUE">EXPEDIENTE</attrlabl><attalias Sync="TRUE">EXPEDIENTE</attalias><attrtype Sync="TRUE">String</attrtype><attwidth Sync="TRUE">20</attwidth><atprecis Sync="TRUE">0</atprecis><attscale Sync="TRUE">0</attscale></attr><attr><attrlabl Sync="TRUE">OPERADOR</attrlabl><attalias Sync="TRUE">OPERADOR</attalias><attrtype Sync="TRUE">String</attrtype><attwidth Sync="TRUE">100</attwidth><atprecis Sync="TRUE">0</atprecis><attscale Sync="TRUE">0</attscale></attr><attr><attrlabl Sync="TRUE">PROYECTO</attrlabl><attalias Sync="TRUE">PROYECTO</attalias><attrtype Sync="TRUE">String</attrtype><attwidth Sync="TRUE">200</attwidth><atprecis Sync="TRUE">0</atprecis><attscale Sync="TRUE">0</attscale></attr><attr><attrlabl Sync="TRUE">NO_ACTOAD</attrlabl><attalias Sync="TRUE">NO_ACTOAD</attalias><attrtype Sync="TRUE">Integer</attrtype><attwidth Sync="TRUE">5</attwidth><atprecis Sync="TRUE">5</atprecis><attscale Sync="TRUE">0</attscale></attr><attr><attrlabl Sync="TRUE">FE_ACTOAD</attrlabl><attalias Sync="TRUE">FE_ACTOAD</attalias><attrtype Sync="TRUE">Date</attrtype><attwidth Sync="TRUE">8</attwidth><atprecis Sync="TRUE">0</atprecis><attscale Sync="TRUE">0</attscale></attr><attr><attrlabl Sync="TRUE">T_ACTO_OBL</attrlabl><attalias Sync="TRUE">T_ACTO_OBL</attalias><attrtype Sync="TRUE">Double</attrtype><attwidth Sync="TRUE">19</attwidth><atprecis Sync="TRUE">0</atprecis><attscale Sync="TRUE">0</attscale></attr><attr><attrlabl Sync="TRUE">RES_OBL</attrlabl><attalias Sync="TRUE">RES_OBL</attalias><attrtype Sync="TRUE">Integer</attrtype><attwidth Sync="TRUE">5</attwidth><atprecis Sync="TRUE">5</atprecis><attscale Sync="TRUE">0</attscale></attr><attr><attrlabl Sync="TRUE">FE_OBL</attrlabl><attalias Sync="TRUE">FE_OBL</attalias><attrtype Sync="TRUE">Date</attrtype><attwidth Sync="TRUE">8</attwidth><atprecis Sync="TRUE">0</atprecis><attscale Sync="TRUE">0</attscale></attr><attr><attrlabl Sync="TRUE">ID_COMP</attrlabl><attalias Sync="TRUE">ID_COMP</attalias><attrtype Sync="TRUE">String</attrtype><attwidth Sync="TRUE">20</attwidth><atprecis Sync="TRUE">0</atprecis><attscale Sync="TRUE">0</attscale></attr><attr><attrlabl Sync="TRUE">AFECT_SOL</attrlabl><attalias Sync="TRUE">AFECT_SOL</attalias><attrtype Sync="TRUE">Double</attrtype><attwidth Sync="TRUE">19</attwidth><atprecis Sync="TRUE">0</atprecis><attscale Sync="TRUE">0</attscale></attr><attr><attrlabl Sync="TRUE">ECOSISTEMA</attrlabl><attalias Sync="TRUE">ECOSISTEMA</attalias><attrtype Sync="TRUE">Double</attrtype><attwidth Sync="TRUE">19</attwidth><atprecis Sync="TRUE">0</atprecis><attscale Sync="TRUE">0</attscale></attr><attr><attrlabl Sync="TRUE">FAC_REPRES</attrlabl><attalias Sync="TRUE">FAC_REPRES</attalias><attrtype Sync="TRUE">Double</attrtype><attwidth Sync="TRUE">19</attwidth><atprecis Sync="TRUE">0</atprecis><attscale Sync="TRUE">0</attscale></attr><attr><attrlabl Sync="TRUE">OTRA_ACT</attrlabl><attalias Sync="TRUE">OTRA_ACT</attalias><attrtype Sync="TRUE">String</attrtype><attwidth Sync="TRUE">254</attwidth><atprecis Sync="TRUE">0</atprecis><attscale Sync="TRUE">0</attscale></attr><attr><attrlabl Sync="TRUE">FAC_RAREZ</attrlabl><attalias Sync="TRUE">FAC_RAREZ</attalias><attrtype Sync="TRUE">Double</attrtype><attwidth Sync="TRUE">19</attwidth><atprecis Sync="TRUE">0</atprecis><attscale Sync="TRUE">0</attscale></attr><attr><attrlabl Sync="TRUE">AREA_PG_ha</attrlabl><attalias Sync="TRUE">AREA_PG_ha</attalias><attrtype Sync="TRUE">Double</attrtype><attwidth Sync="TRUE">19</attwidth><atprecis Sync="TRUE">0</atprecis><attscale Sync="TRUE">0</attscale></attr><attr><attrlabl Sync="TRUE">FAC_REMANE</attrlabl><attalias Sync="TRUE">FAC_REMANE</attalias><attrtype Sync="TRUE">Double</attrtype><attwidth Sync="TRUE">19</attwidth><atprecis Sync="TRUE">0</atprecis><attscale Sync="TRUE">0</attscale></attr><attr><attrlabl Sync="TRUE">FAC_P_TRAN</attrlabl><attalias Sync="TRUE">FAC_P_TRAN</attalias><attrtype Sync="TRUE">Double</attrtype><attwidth Sync="TRUE">19</attwidth><atprecis Sync="TRUE">0</atprecis><attscale Sync="TRUE">0</attscale></attr><attr><attrlabl Sync="TRUE">FACTORCOMP</attrlabl><attalias Sync="TRUE">FACTORCOMP</attalias><attrtype Sync="TRUE">Double</attrtype><attwidth Sync="TRUE">19</attwidth><atprecis Sync="TRUE">0</atprecis><attscale Sync="TRUE">0</attscale></attr><attr><attrlabl Sync="TRUE">ECOSIST_IM</attrlabl><attalias Sync="TRUE">ECOSIST_IM</attalias><attrtype Sync="TRUE">Double</attrtype><attwidth Sync="TRUE">19</attwidth><atprecis Sync="TRUE">0</atprecis><attscale Sync="TRUE">0</attscale></attr><attr><attrlabl Sync="TRUE">O_ECOS_IM</attrlabl><attalias Sync="TRUE">O_ECOS_IM</attalias><attrtype Sync="TRUE">String</attrtype><attwidth Sync="TRUE">150</attwidth><atprecis Sync="TRUE">0</atprecis><attscale Sync="TRUE">0</attscale></attr><attr><attrlabl Sync="TRUE">PREC_SUELO</attrlabl><attalias Sync="TRUE">PREC_SUELO</attalias><attrtype Sync="TRUE">Double</attrtype><attwidth Sync="TRUE">19</attwidth><atprecis Sync="TRUE">0</atprecis><attscale Sync="TRUE">0</attscale></attr><attr><attrlabl Sync="TRUE">CONTEX_PEI</attrlabl><attalias Sync="TRUE">CONTEX_PEI</attalias><attrtype Sync="TRUE">Double</attrtype><attwidth Sync="TRUE">19</attwidth><atprecis Sync="TRUE">0</atprecis><attscale Sync="TRUE">0</attscale></attr><attr><attrlabl Sync="TRUE">AREA_COMP</attrlabl><attalias Sync="TRUE">AREA_COMP</attalias><attrtype Sync="TRUE">Double</attrtype><attwidth Sync="TRUE">19</attwidth><atprecis Sync="TRUE">0</atprecis><attscale Sync="TRUE">0</attscale></attr><attr><attrlabl Sync="TRUE">ACT_COMP</attrlabl><attalias Sync="TRUE">ACT_COMP</attalias><attrtype Sync="TRUE">Double</attrtype><attwidth Sync="TRUE">19</attwidth><atprecis Sync="TRUE">0</atprecis><attscale Sync="TRUE">0</attscale></attr><attr><attrlabl Sync="TRUE">SBACT_COMP</attrlabl><attalias Sync="TRUE">SBACT_COMP</attalias><attrtype Sync="TRUE">Double</attrtype><attwidth Sync="TRUE">19</attwidth><atprecis Sync="TRUE">0</atprecis><attscale Sync="TRUE">0</attscale></attr><attr><attrlabl Sync="TRUE">DESCRIPCIO</attrlabl><attalias Sync="TRUE">DESCRIPCIO</attalias><attrtype Sync="TRUE">String</attrtype><attwidth Sync="TRUE">254</attwidth><atprecis Sync="TRUE">0</atprecis><attscale Sync="TRUE">0</attscale></attr><attr><attrlabl Sync="TRUE">ESTADO</attrlabl><attalias Sync="TRUE">ESTADO</attalias><attrtype Sync="TRUE">Double</attrtype><attwidth Sync="TRUE">19</attwidth><atprecis Sync="TRUE">0</atprecis><attscale Sync="TRUE">0</attscale></attr><attr><attrlabl Sync="TRUE">VAL_E_COM</attrlabl><attalias Sync="TRUE">VAL_E_COM</attalias><attrtype Sync="TRUE">Double</attrtype><attwidth Sync="TRUE">19</attwidth><atprecis Sync="TRUE">0</atprecis><attscale Sync="TRUE">0</attscale></attr><attr><attrlabl Sync="TRUE">OTR_ECOSIS</attrlabl><attalias Sync="TRUE">OTR_ECOSIS</attalias><attrtype Sync="TRUE">String</attrtype><attwidth Sync="TRUE">150</attwidth><atprecis Sync="TRUE">0</atprecis><attscale Sync="TRUE">0</attscale></attr><attr><attrlabl Sync="TRUE">CONTEX_PEC</attrlabl><attalias Sync="TRUE">CONTEX_PEC</attalias><attrtype Sync="TRUE">Double</attrtype><attwidth Sync="TRUE">19</attwidth><atprecis Sync="TRUE">0</atprecis><attscale Sync="TRUE">0</attscale></attr><attr><attrlabl Sync="TRUE">VAL_EJ_ACT</attrlabl><attalias Sync="TRUE">VAL_EJ_ACT</attalias><attrtype Sync="TRUE">Double</attrtype><attwidth Sync="TRUE">19</attwidth><atprecis Sync="TRUE">0</atprecis><attscale Sync="TRUE">0</attscale></attr><attr><attrlabl Sync="TRUE">VALOR_ACT</attrlabl><attalias Sync="TRUE">VALOR_ACT</attalias><attrtype Sync="TRUE">Double</attrtype><attwidth Sync="TRUE">19</attwidth><atprecis Sync="TRUE">0</atprecis><attscale Sync="TRUE">0</attscale></attr><attr><attrlabl Sync="TRUE">FECHA_INI</attrlabl><attalias Sync="TRUE">FECHA_INI</attalias><attrtype Sync="TRUE">Date</attrtype><attwidth Sync="TRUE">8</attwidth><atprecis Sync="TRUE">0</atprecis><attscale Sync="TRUE">0</attscale></attr><attr><attrlabl Sync="TRUE">FECHA_TER</attrlabl><attalias Sync="TRUE">FECHA_TER</attalias><attrtype Sync="TRUE">Date</attrtype><attwidth Sync="TRUE">8</attwidth><atprecis Sync="TRUE">0</atprecis><attscale Sync="TRUE">0</attscale></attr><attr><attrlabl Sync="TRUE">OBSER_CPPB</attrlabl><attalias Sync="TRUE">OBSER_CPPB</attalias><attrtype Sync="TRUE">String</attrtype><attwidth Sync="TRUE">254</attwidth><atprecis Sync="TRUE">0</atprecis><attscale Sync="TRUE">0</attscale></attr><attr><attrlabl Sync="TRUE">Shape_Leng</attrlabl><attalias Sync="TRUE">Shape_Leng</attalias><attrtype Sync="TRUE">Double</attrtype><attwidth Sync="TRUE">19</attwidth><atprecis Sync="TRUE">0</atprecis><attscale Sync="TRUE">0</attscale></attr><attr><attrlabl Sync="TRUE">Shape_Area</attrlabl><attalias Sync="TRUE">Shape_Area</attalias><attrtype Sync="TRUE">Double</attrtype><attwidth Sync="TRUE">19</attwidth><atprecis Sync="TRUE">0</atprecis><attscale Sync="TRUE">0</attscale><attrdef Sync="TRUE">Area of feature in internal units squared.</attrdef><attrdefs Sync="TRUE">Esri</attrdefs><attrdomv><udom Sync="TRUE">Positive real numbers that are automatically generated.</udom></attrdomv></attr></detailed></eainfo><mdDateSt Sync="TRUE">20181129</mdDateSt></metadata>
