<?xml version="1.0"?>
<!--<!DOCTYPE metadata SYSTEM "http://www.esri.com/metadata/esriprof80.dtd">-->
<metadata xml:lang="es"><Esri><CreaDate>20100620</CreaDate><CreaTime>09025700</CreaTime><SyncOnce>FALSE</SyncOnce><SyncDate>20090127</SyncDate><SyncTime>09041900</SyncTime><ModDate>20090127</ModDate><ModTime>09041900</ModTime><DataProperties><lineage><Process Name="FeatureClassToFeatureClass_6" ToolSource="C:\archiprogxp\ArcGIS\ArcToolbox\Toolboxes\Conversion Tools.tbx\FeatureClassToFeatureClass" Date="20080630" Time="101525">FeatureClassToFeatureClass C:\Documentos\MDUT\Tesina\Anexos\GIS\SIG_TOCANCIPA\SIG_TOCANCIPA.mdb\Predio_Urbano_B C:\Documentos\MDUT\Tesina\Anexos\GIS\SIG_TOCANCIPA\SIG_TOCANCIPA.mdb\Acuerdo_Mun_11_2005 Predio_Urbano_B_ # "OBJECTID OBJECTID true true false 4 Long 0 0 ,First,#,C:\Documentos\MDUT\Tesina\Anexos\GIS\SIG_TOCANCIPA\SIG_TOCANCIPA.mdb\Predio_Urbano_B,OBJECTID,-1,-1;DEPTO_ID DEPTO_ID true true false 50 Text 0 0 ,First,#,C:\Documentos\MDUT\Tesina\Anexos\GIS\SIG_TOCANCIPA\SIG_TOCANCIPA.mdb\Predio_Urbano_B,DEPTO_ID,-1,-1;MPIO_ID MPIO_ID true true false 50 Text 0 0 ,First,#,C:\Documentos\MDUT\Tesina\Anexos\GIS\SIG_TOCANCIPA\SIG_TOCANCIPA.mdb\Predio_Urbano_B,MPIO_ID,-1,-1;ZURB_ID ZURB_ID true true false 20 Text 0 0 ,First,#,C:\Documentos\MDUT\Tesina\Anexos\GIS\SIG_TOCANCIPA\SIG_TOCANCIPA.mdb\Predio_Urbano_B,ZURB_ID,-1,-1;SEC_ID SEC_ID true true false 20 Text 0 0 ,First,#,C:\Documentos\MDUT\Tesina\Anexos\GIS\SIG_TOCANCIPA\SIG_TOCANCIPA.mdb\Predio_Urbano_B,SEC_ID,-1,-1;MZ_ID MZ_ID true true false 20 Text 0 0 ,First,#,C:\Documentos\MDUT\Tesina\Anexos\GIS\SIG_TOCANCIPA\SIG_TOCANCIPA.mdb\Predio_Urbano_B,MZ_ID,-1,-1;PURB_ID PURB_ID true true false 20 Text 0 0 ,First,#,C:\Documentos\MDUT\Tesina\Anexos\GIS\SIG_TOCANCIPA\SIG_TOCANCIPA.mdb\Predio_Urbano_B,PURB_ID,-1,-1;Shape_Leng Shape_Leng true true false 8 Double 0 0 ,First,#,C:\Documentos\MDUT\Tesina\Anexos\GIS\SIG_TOCANCIPA\SIG_TOCANCIPA.mdb\Predio_Urbano_B,Shape_Leng,-1,-1;Shape_Length Shape_Length false true true 8 Double 0 0 ,First,#,C:\Documentos\MDUT\Tesina\Anexos\GIS\SIG_TOCANCIPA\SIG_TOCANCIPA.mdb\Predio_Urbano_B,Shape_Length,-1,-1;Shape_Area Shape_Area false true true 8 Double 0 0 ,First,#,C:\Documentos\MDUT\Tesina\Anexos\GIS\SIG_TOCANCIPA\SIG_TOCANCIPA.mdb\Predio_Urbano_B,Shape_Area,-1,-1" # C:\Documentos\MDUT\Tesina\Anexos\GIS\SIG_TOCANCIPA\SIG_TOCANCIPA.mdb\Acuerdo_Mun_11_2005\Predio_Urbano_B_</Process><Process Name="FeatureClassToFeatureClass_2" ToolSource="C:\Archivos de programa\ArcGIS\ArcToolbox\Toolboxes\Conversion Tools.tbx\FeatureClassToFeatureClass" Date="20090125" Time="091215">FeatureClassToFeatureClass C:\SIG_TOCANCIPA\anteriores\SIG_TOCANCIPA.mdb\Acuerdo_Municipal_11_de_2005\A11_2005_Predio_Urbano_B C:\SIG_TOCANCIPA\SIG_TOCANCIPA.mdb\_General G_Predio_urbano_2003 # "OBJECTID OBJECTID true true false 4 Long 0 0 ,First,#,C:\SIG_TOCANCIPA\anteriores\SIG_TOCANCIPA.mdb\Acuerdo_Municipal_11_de_2005\A11_2005_Predio_Urbano_B,OBJECTID,-1,-1;DEPTO_ID DEPTO_ID true true false 50 Text 0 0 ,First,#,C:\SIG_TOCANCIPA\anteriores\SIG_TOCANCIPA.mdb\Acuerdo_Municipal_11_de_2005\A11_2005_Predio_Urbano_B,DEPTO_ID,-1,-1;MPIO_ID MPIO_ID true true false 50 Text 0 0 ,First,#,C:\SIG_TOCANCIPA\anteriores\SIG_TOCANCIPA.mdb\Acuerdo_Municipal_11_de_2005\A11_2005_Predio_Urbano_B,MPIO_ID,-1,-1;ZURB_ID ZURB_ID true true false 20 Text 0 0 ,First,#,C:\SIG_TOCANCIPA\anteriores\SIG_TOCANCIPA.mdb\Acuerdo_Municipal_11_de_2005\A11_2005_Predio_Urbano_B,ZURB_ID,-1,-1;SEC_ID SEC_ID true true false 20 Text 0 0 ,First,#,C:\SIG_TOCANCIPA\anteriores\SIG_TOCANCIPA.mdb\Acuerdo_Municipal_11_de_2005\A11_2005_Predio_Urbano_B,SEC_ID,-1,-1;MZ_ID MZ_ID true true false 20 Text 0 0 ,First,#,C:\SIG_TOCANCIPA\anteriores\SIG_TOCANCIPA.mdb\Acuerdo_Municipal_11_de_2005\A11_2005_Predio_Urbano_B,MZ_ID,-1,-1;PURB_ID PURB_ID true true false 20 Text 0 0 ,First,#,C:\SIG_TOCANCIPA\anteriores\SIG_TOCANCIPA.mdb\Acuerdo_Municipal_11_de_2005\A11_2005_Predio_Urbano_B,PURB_ID,-1,-1;Shape_Leng Shape_Leng true true false 8 Double 0 0 ,First,#,C:\SIG_TOCANCIPA\anteriores\SIG_TOCANCIPA.mdb\Acuerdo_Municipal_11_de_2005\A11_2005_Predio_Urbano_B,Shape_Leng,-1,-1;Shape_Length Shape_Length false true true 8 Double 0 0 ,First,#,C:\SIG_TOCANCIPA\anteriores\SIG_TOCANCIPA.mdb\Acuerdo_Municipal_11_de_2005\A11_2005_Predio_Urbano_B,Shape_Length,-1,-1;Shape_Area Shape_Area false true true 8 Double 0 0 ,First,#,C:\SIG_TOCANCIPA\anteriores\SIG_TOCANCIPA.mdb\Acuerdo_Municipal_11_de_2005\A11_2005_Predio_Urbano_B,Shape_Area,-1,-1" # C:\SIG_TOCANCIPA\SIG_TOCANCIPA.mdb\_General\G_Predio_urbano_2003</Process><Process Name="FeatureClassToFeatureClass_4" ToolSource="C:\Archivos de programa\ArcGIS\ArcToolbox\Toolboxes\Conversion Tools.tbx\FeatureClassToFeatureClass" Date="20090125" Time="112325">FeatureClassToFeatureClass C:\SIG_TOCANCIPA\SIG_TOCANCIPA.mdb\_General\G_Predio_Urbano_2003 C:\SIG_TOCANCIPA\SIG_TOCANCIPA.mdb\_2005_Acuerdo_Municipal_11 A11_2005_Predio_Urbano1 # "DEPTO_ID DEPTO_ID true true false 2 Text 0 0 ,First,#,C:\SIG_TOCANCIPA\SIG_TOCANCIPA.mdb\_General\G_Predio_Urbano_2003,DEPTO_ID,-1,-1;MPIO_ID MPIO_ID true true false 5 Text 0 0 ,First,#,C:\SIG_TOCANCIPA\SIG_TOCANCIPA.mdb\_General\G_Predio_Urbano_2003,MPIO_ID,-1,-1;TPO_ID TPO_ID true true false 7 Text 0 0 ,First,#,C:\SIG_TOCANCIPA\SIG_TOCANCIPA.mdb\_General\G_Predio_Urbano_2003,TPO_ID,-1,-1;SEC_ID SEC_ID true true false 9 Text 0 0 ,First,#,C:\SIG_TOCANCIPA\SIG_TOCANCIPA.mdb\_General\G_Predio_Urbano_2003,SEC_ID,-1,-1;MZVER_ID MZVER_ID true true false 13 Text 0 0 ,First,#,C:\SIG_TOCANCIPA\SIG_TOCANCIPA.mdb\_General\G_Predio_Urbano_2003,MZVER_ID,-1,-1;PREDIO_ID PREDIO_ID true true false 17 Text 0 0 ,First,#,C:\SIG_TOCANCIPA\SIG_TOCANCIPA.mdb\_General\G_Predio_Urbano_2003,PREDIO_ID,-1,-1;PREDIO PREDIO true true false 4 Text 0 0 ,First,#,C:\SIG_TOCANCIPA\SIG_TOCANCIPA.mdb\_General\G_Predio_Urbano_2003,PREDIO,-1,-1;Shape_Length Shape_Length false true true 8 Double 0 0 ,First,#,C:\SIG_TOCANCIPA\SIG_TOCANCIPA.mdb\_General\G_Predio_Urbano_2003,Shape_Length,-1,-1;Shape_Area Shape_Area false true true 8 Double 0 0 ,First,#,C:\SIG_TOCANCIPA\SIG_TOCANCIPA.mdb\_General\G_Predio_Urbano_2003,Shape_Area,-1,-1" # C:\SIG_TOCANCIPA\SIG_TOCANCIPA.mdb\_2005_Acuerdo_Municipal_11\A11_2005_Predio_Urbano1</Process><Process Name="FeatureClassToFeatureClass_4" ToolSource="C:\Archivos de programa\ArcGIS\ArcToolbox\Toolboxes\Conversion Tools.tbx\FeatureClassToFeatureClass" Date="20090127" Time="090420">FeatureClassToFeatureClass C:\SIG_TOCANCIPA\SIG_TOCANCIPA.mdb\_2005_Acuerdo_Municipal_11\A11_2005_Predio_Urbano1 C:\SIG_TOCANCIPA\SIG_TOCANCIPA.mdb\_General G_Predio_Urbano_2005 # "DEPTO_ID DEPTO_ID true true false 2 Text 0 0 ,First,#,C:\SIG_TOCANCIPA\SIG_TOCANCIPA.mdb\_2005_Acuerdo_Municipal_11\A11_2005_Predio_Urbano1,DEPTO_ID,-1,-1;MPIO_ID MPIO_ID true true false 5 Text 0 0 ,First,#,C:\SIG_TOCANCIPA\SIG_TOCANCIPA.mdb\_2005_Acuerdo_Municipal_11\A11_2005_Predio_Urbano1,MPIO_ID,-1,-1;TPO_ID TPO_ID true true false 7 Text 0 0 ,First,#,C:\SIG_TOCANCIPA\SIG_TOCANCIPA.mdb\_2005_Acuerdo_Municipal_11\A11_2005_Predio_Urbano1,TPO_ID,-1,-1;SEC_ID SEC_ID true true false 9 Text 0 0 ,First,#,C:\SIG_TOCANCIPA\SIG_TOCANCIPA.mdb\_2005_Acuerdo_Municipal_11\A11_2005_Predio_Urbano1,SEC_ID,-1,-1;MZVER_ID MZVER_ID true true false 13 Text 0 0 ,First,#,C:\SIG_TOCANCIPA\SIG_TOCANCIPA.mdb\_2005_Acuerdo_Municipal_11\A11_2005_Predio_Urbano1,MZVER_ID,-1,-1;PREDIO_ID PREDIO_ID true true false 17 Text 0 0 ,First,#,C:\SIG_TOCANCIPA\SIG_TOCANCIPA.mdb\_2005_Acuerdo_Municipal_11\A11_2005_Predio_Urbano1,PREDIO_ID,-1,-1;PREDIO PREDIO true true false 4 Text 0 0 ,First,#,C:\SIG_TOCANCIPA\SIG_TOCANCIPA.mdb\_2005_Acuerdo_Municipal_11\A11_2005_Predio_Urbano1,PREDIO,-1,-1;Shape_Length Shape_Length false true true 8 Double 0 0 ,First,#,C:\SIG_TOCANCIPA\SIG_TOCANCIPA.mdb\_2005_Acuerdo_Municipal_11\A11_2005_Predio_Urbano1,Shape_Length,-1,-1;Shape_Area Shape_Area false true true 8 Double 0 0 ,First,#,C:\SIG_TOCANCIPA\SIG_TOCANCIPA.mdb\_2005_Acuerdo_Municipal_11\A11_2005_Predio_Urbano1,Shape_Area,-1,-1" # C:\SIG_TOCANCIPA\SIG_TOCANCIPA.mdb\_General\G_Predio_Urbano_2005</Process></lineage></DataProperties><MetaID>{B8C11160-7487-407A-96D1-F80D4CA68E44}</MetaID></Esri><idinfo><native Sync="TRUE">Microsoft Windows XP Version 5.1 (Build 2600) Service Pack 3; ESRI ArcCatalog 9.2.6.1500</native><descript><langdata Sync="TRUE">es</langdata><abstract>REQUIRED: A brief narrative summary of the data set.</abstract><purpose>REQUIRED: A summary of the intentions with which the data set was developed.</purpose></descript><citation><citeinfo><origin>REQUIRED: The name of an organization or individual that developed the data set.</origin><pubdate>REQUIRED: The date when the data set is published or otherwise made available for release.</pubdate><title Sync="TRUE">G_Predio_Urbano_2005</title><ftname Sync="TRUE">G_Predio_Urbano_2005</ftname><geoform Sync="TRUE">vector digital data</geoform><onlink Sync="TRUE"></onlink></citeinfo></citation><timeperd><current>REQUIRED: The basis on which the time period of content information is determined.</current><timeinfo><sngdate><caldate>REQUIRED: The year (and optionally month, or month and day) for which the data set corresponds to the ground.</caldate></sngdate></timeinfo></timeperd><status><progress>REQUIRED: The state of the data set.</progress><update>REQUIRED: The frequency with which changes and additions are made to the data set after the initial data set is completed.</update></status><spdom><bounding><westbc Sync="TRUE">-73.922355</westbc><eastbc Sync="TRUE">-73.906214</eastbc><northbc Sync="TRUE">4.972745</northbc><southbc Sync="TRUE">4.961663</southbc></bounding><lboundng><leftbc Sync="TRUE">1017586.051394</leftbc><rightbc Sync="TRUE">1019375.934828</rightbc><bottombc Sync="TRUE">1040101.803965</bottombc><topbc Sync="TRUE">1041326.809111</topbc></lboundng></spdom><keywords><theme><themekt>REQUIRED: Reference to a formally registered thesaurus or a similar authoritative source of theme keywords.</themekt><themekey>REQUIRED: Common-use word or phrase used to describe the subject of the data set.</themekey></theme></keywords><accconst>REQUIRED: Restrictions and legal prerequisites for accessing the data set.</accconst><useconst>REQUIRED: Restrictions and legal prerequisites for using the data set after access is granted.</useconst><natvform Sync="TRUE">Personal GeoDatabase Feature Class</natvform></idinfo><dataIdInfo><envirDesc Sync="TRUE">Microsoft Windows XP Version 5.1 (Build 2600) Service Pack 3; ESRI ArcCatalog 9.2.6.1500</envirDesc><dataLang><languageCode Sync="TRUE" value="es"></languageCode></dataLang><idCitation><resTitle Sync="TRUE">G_Predio_Urbano_2005</resTitle><presForm><PresFormCd Sync="TRUE" value="005"></PresFormCd></presForm></idCitation><spatRpType><SpatRepTypCd Sync="TRUE" value="001"></SpatRepTypCd></spatRpType><dataExt><geoEle><GeoBndBox esriExtentType="native"><westBL Sync="TRUE">1017586.051394</westBL><eastBL Sync="TRUE">1019375.934828</eastBL><northBL Sync="TRUE">1041326.809111</northBL><southBL Sync="TRUE">1040101.803965</southBL><exTypeCode Sync="TRUE">1</exTypeCode></GeoBndBox></geoEle></dataExt><geoBox esriExtentType="decdegrees"><westBL Sync="TRUE">-73.922355</westBL><eastBL Sync="TRUE">-73.906214</eastBL><northBL Sync="TRUE">4.972745</northBL><southBL Sync="TRUE">4.961663</southBL><exTypeCode Sync="TRUE">1</exTypeCode></geoBox></dataIdInfo><metainfo><langmeta Sync="TRUE">es</langmeta><metstdn Sync="TRUE">FGDC Content Standards for Digital Geospatial Metadata</metstdn><metstdv Sync="TRUE">FGDC-STD-001-1998</metstdv><mettc Sync="TRUE">local time</mettc><metc><cntinfo><cntorgp><cntper>REQUIRED: The person responsible for the metadata information.</cntper><cntorg>REQUIRED: The organization responsible for the metadata information.</cntorg></cntorgp><cntaddr><addrtype>REQUIRED: The mailing and/or physical address for the organization or individual.</addrtype><city>REQUIRED: The city of the address.</city><state>REQUIRED: The state or province of the address.</state><postal>REQUIRED: The ZIP or other postal code of the address.</postal></cntaddr><cntvoice>REQUIRED: The telephone number by which individuals can speak to the organization or individual.</cntvoice></cntinfo></metc><metd Sync="TRUE">20090127</metd><metextns><onlink Sync="TRUE">http://www.esri.com/metadata/esriprof80.html</onlink><metprof Sync="TRUE">ESRI Metadata Profile</metprof></metextns></metainfo><mdLang><languageCode Sync="TRUE" value="es"></languageCode></mdLang><mdStanName Sync="TRUE">ISO 19115 Geographic Information - Metadata</mdStanName><mdStanVer Sync="TRUE">DIS_ESRI1.0</mdStanVer><mdChar><CharSetCd Sync="TRUE" value="004"></CharSetCd></mdChar><mdHrLv><ScopeCd Sync="TRUE" value="005"></ScopeCd></mdHrLv><mdHrLvName Sync="TRUE">dataset</mdHrLvName><distinfo><resdesc Sync="TRUE">Downloadable Data</resdesc></distinfo><distInfo><distributor><distorTran><onLineSrc><orDesc Sync="TRUE">002</orDesc><linkage Sync="TRUE">file://</linkage><protocol Sync="TRUE">Local Area Network</protocol></onLineSrc></distorTran><distorFormat><formatName Sync="TRUE">Personal GeoDatabase Feature Class</formatName></distorFormat></distributor></distInfo><spdoinfo><direct Sync="TRUE">Vector</direct><ptvctinf><esriterm Name="G_Predio_Urbano_2005"><efeatyp Sync="TRUE">Simple</efeatyp><efeageom Sync="TRUE">Polygon</efeageom><esritopo Sync="TRUE">FALSE</esritopo><efeacnt Sync="TRUE">0</efeacnt><spindex Sync="TRUE">TRUE</spindex><linrefer Sync="TRUE">FALSE</linrefer></esriterm><sdtsterm Name="G_Predio_Urbano_2005"><sdtstype Sync="TRUE">G-polygon</sdtstype><ptvctcnt Sync="TRUE">0</ptvctcnt></sdtsterm></ptvctinf></spdoinfo><spref><horizsys><cordsysn><geogcsn Sync="TRUE">GCS_Bogota</geogcsn><projcsn Sync="TRUE">Bogota_Transverse_Mercator</projcsn></cordsysn><planar><planci><plance Sync="TRUE">coordinate pair</plance><plandu Sync="TRUE">meters</plandu><coordrep><absres Sync="TRUE">0.001000</absres><ordres Sync="TRUE">0.001000</ordres></coordrep></planci><mapproj><mapprojn Sync="TRUE">Transverse Mercator</mapprojn><transmer><sfctrmer Sync="TRUE">1.000000</sfctrmer><longcm Sync="TRUE">-74.080917</longcm><latprjo Sync="TRUE">4.599047</latprjo><feast Sync="TRUE">1000000.000000</feast><fnorth Sync="TRUE">1000000.000000</fnorth></transmer></mapproj></planar><geodetic><horizdn Sync="TRUE">D_Bogota</horizdn><ellips Sync="TRUE">International_1924</ellips><semiaxis Sync="TRUE">6378388.000000</semiaxis><denflat Sync="TRUE">297.000000</denflat></geodetic></horizsys><vertdef><altsys><altenc Sync="TRUE">Explicit elevation coordinate included with horizontal coordinates</altenc><altres Sync="TRUE">0.001000</altres></altsys></vertdef></spref><refSysInfo><RefSystem><refSysID><identCode Sync="TRUE">Bogota_Transverse_Mercator</identCode></refSysID></RefSystem></refSysInfo><spatRepInfo><VectSpatRep><topLvl><TopoLevCd Sync="TRUE" value="001"></TopoLevCd></topLvl><geometObjs Name="G_Predio_Urbano_2005"><geoObjTyp><GeoObjTypCd Sync="TRUE" value="001"></GeoObjTypCd></geoObjTyp><geoObjCnt Sync="TRUE">0</geoObjCnt></geometObjs></VectSpatRep></spatRepInfo><eainfo><detailed Name="G_Predio_Urbano_2005"><attr><attrlabl Sync="TRUE">DEPTO_ID</attrlabl><attalias Sync="TRUE">DEPTO_ID</attalias><attrtype Sync="TRUE">String</attrtype><attwidth Sync="TRUE">50</attwidth><atprecis Sync="TRUE">0</atprecis><attscale Sync="TRUE">0</attscale></attr><enttyp><enttypl Sync="TRUE">G_Predio_Urbano_2005</enttypl><enttypt Sync="TRUE">Feature Class</enttypt><enttypc Sync="TRUE">0</enttypc></enttyp><attr><attrlabl Sync="TRUE">MPIO_ID</attrlabl><attalias Sync="TRUE">MPIO_ID</attalias><attrtype Sync="TRUE">String</attrtype><attwidth Sync="TRUE">50</attwidth><atprecis Sync="TRUE">0</atprecis><attscale Sync="TRUE">0</attscale></attr><attr><attrlabl Sync="TRUE">SEC_ID</attrlabl><attalias Sync="TRUE">SEC_ID</attalias><attrtype Sync="TRUE">String</attrtype><attwidth Sync="TRUE">20</attwidth><atprecis Sync="TRUE">0</atprecis><attscale Sync="TRUE">0</attscale></attr><attr><attrlabl Sync="TRUE">Shape_Length</attrlabl><attalias Sync="TRUE">Shape_Length</attalias><attrtype Sync="TRUE">Double</attrtype><attwidth Sync="TRUE">8</attwidth><atprecis Sync="TRUE">0</atprecis><attscale Sync="TRUE">0</attscale><attrdef Sync="TRUE">Length of feature in internal units.</attrdef><attrdefs Sync="TRUE">ESRI</attrdefs><attrdomv><udom Sync="TRUE">Positive real numbers that are automatically generated.</udom></attrdomv></attr><attr><attrlabl Sync="TRUE">OBJECTID</attrlabl><attalias Sync="TRUE">OBJECTID</attalias><attrtype Sync="TRUE">OID</attrtype><attwidth Sync="TRUE">4</attwidth><atprecis Sync="TRUE">0</atprecis><attscale Sync="TRUE">0</attscale><attrdef Sync="TRUE">Internal feature number.</attrdef><attrdefs Sync="TRUE">ESRI</attrdefs><attrdomv><udom Sync="TRUE">Sequential unique whole numbers that are automatically generated.</udom></attrdomv></attr><attr><attrlabl Sync="TRUE">Shape</attrlabl><attalias Sync="TRUE">Shape</attalias><attrtype Sync="TRUE">Geometry</attrtype><attwidth Sync="TRUE">0</attwidth><atprecis Sync="TRUE">0</atprecis><attscale Sync="TRUE">0</attscale><attrdef Sync="TRUE">Feature geometry.</attrdef><attrdefs Sync="TRUE">ESRI</attrdefs><attrdomv><udom Sync="TRUE">Coordinates defining the features.</udom></attrdomv></attr><attr><attrlabl Sync="TRUE">Shape_Area</attrlabl><attalias Sync="TRUE">Shape_Area</attalias><attrtype Sync="TRUE">Double</attrtype><attwidth Sync="TRUE">8</attwidth><atprecis Sync="TRUE">0</atprecis><attscale Sync="TRUE">0</attscale><attrdef Sync="TRUE">Area of feature in internal units squared.</attrdef><attrdefs Sync="TRUE">ESRI</attrdefs><attrdomv><udom Sync="TRUE">Positive real numbers that are automatically generated.</udom></attrdomv></attr><attr><attrlabl Sync="TRUE">TPO_ID</attrlabl><attalias Sync="TRUE">TPO_ID</attalias><attrtype Sync="TRUE">String</attrtype><attwidth Sync="TRUE">7</attwidth><atprecis Sync="TRUE">0</atprecis><attscale Sync="TRUE">0</attscale></attr><attr><attrlabl Sync="TRUE">MZVER_ID</attrlabl><attalias Sync="TRUE">MZVER_ID</attalias><attrtype Sync="TRUE">String</attrtype><attwidth Sync="TRUE">13</attwidth><atprecis Sync="TRUE">0</atprecis><attscale Sync="TRUE">0</attscale></attr><attr><attrlabl Sync="TRUE">PREDIO_ID</attrlabl><attalias Sync="TRUE">PREDIO_ID</attalias><attrtype Sync="TRUE">String</attrtype><attwidth Sync="TRUE">17</attwidth><atprecis Sync="TRUE">0</atprecis><attscale Sync="TRUE">0</attscale></attr><attr><attrlabl Sync="TRUE">PREDIO</attrlabl><attalias Sync="TRUE">PREDIO</attalias><attrtype Sync="TRUE">String</attrtype><attwidth Sync="TRUE">4</attwidth><atprecis Sync="TRUE">0</atprecis><attscale Sync="TRUE">0</attscale></attr></detailed></eainfo><mdDateSt Sync="TRUE">20090127</mdDateSt><dataqual><lineage><procstep><procdesc Sync="TRUE">Dataset copied.</procdesc><srcused Sync="TRUE">\\IGAC05\C$\tpa\SIGTocancipa.mdb</srcused><date Sync="TRUE">20060105</date><time Sync="TRUE">16515500</time></procstep><procstep><procdesc Sync="TRUE">Dataset copied.</procdesc><srcused Sync="TRUE">\\IGAC05\C$\tpa\GEODATABESE_DEFINITIVO\POT_TOCANCIPA_2006.mdb</srcused><date Sync="TRUE">20060118</date><time Sync="TRUE">07470300</time></procstep><procstep><procdesc Sync="TRUE">Dataset copied.</procdesc><srcused Sync="TRUE"></srcused><date Sync="TRUE">20060118</date><time Sync="TRUE">07481500</time></procstep><procstep><procdesc Sync="TRUE">Dataset copied.</procdesc><srcused Sync="TRUE">\\MASTER-PC\C$\SIG_TOCANCIPA\SIG_TOCANCIPA.mdb</srcused><procdate Sync="TRUE">20100620</procdate><proctime Sync="TRUE">09025700</proctime></procstep></lineage></dataqual></metadata>
