<metadata xml:lang="es"><Esri><CreaDate>20150618</CreaDate><CreaTime>14431200</CreaTime><ArcGISFormat>1.0</ArcGISFormat><SyncOnce>FALSE</SyncOnce><DataProperties><lineage><Process ToolSource="c:\program files (x86)\arcgis\desktop10.3\ArcToolbox\Toolboxes\Data Management Tools.tbx\CalculateField" Date="20150613" Time="124531">CalculateField D:\ayesa\implantacion\20150608\carga_geo\web.sde\GEODB.GEO.VertimientoLN EXPEDIENTE x( !Expediente! ) PYTHON_9.3 "def x(valor):\n    if valor=="NDA0976":\n        return "LAM1749"\n    elif valor=="LAV0090-13":\n        return "LAM1837"\n    elif valor=="LAV0070-13":\n        return "LAM1749"\n    elif valor=="NDA0803":\n        return "LAM2581"\n    elif valor=="LAM5023":\n        return "LAM4090"\n    elif valor=="LAM0647":\n        return "LAV0070-14"\n    elif valor=="LAM0666":\n        return "LAV0095-00-2014"\n    else:\n        return valor"</Process><Process ToolSource="c:\program files (x86)\arcgis\desktop10.3\ArcToolbox\Toolboxes\Data Management Tools.tbx\DeleteField" Date="20150827" Time="120439">DeleteField D:\MIGRACION_FINAL\GDB_ANLA_ACT\GDB_ANLA.gdb\VertimientoLN ID_INFORME</Process><Process ToolSource="c:\program files (x86)\arcgis\desktop10.3\ArcToolbox\Toolboxes\Data Management Tools.tbx\DeleteField" Date="20150827" Time="121045">DeleteField D:\MIGRACION_FINAL\GDB_ANLA_ACT\GDB_ANLA.gdb\VertimientoLN TIPO_ESTUD</Process><Process ToolSource="c:\program files (x86)\arcgis\desktop10.3\ArcToolbox\Toolboxes\Data Management Tools.tbx\DeleteField" Date="20150827" Time="121357">DeleteField D:\MIGRACION_FINAL\GDB_ANLA_ACT\GDB_ANLA.gdb\VertimientoLN FECHA</Process><Process ToolSource="c:\program files (x86)\arcgis\desktop10.3\ArcToolbox\Toolboxes\Data Management Tools.tbx\DeleteField" Date="20150827" Time="121617">DeleteField D:\MIGRACION_FINAL\GDB_ANLA_ACT\GDB_ANLA.gdb\VertimientoLN SEGUIMIENT</Process><Process ToolSource="c:\program files (x86)\arcgis\desktop10.3\ArcToolbox\Toolboxes\Data Management Tools.tbx\DeleteField" Date="20150827" Time="121929">DeleteField D:\MIGRACION_FINAL\GDB_ANLA_ACT\GDB_ANLA.gdb\VertimientoLN AUTORIZADO</Process><Process ToolSource="c:\program files (x86)\arcgis\desktop10.3\ArcToolbox\Toolboxes\Data Management Tools.tbx\DeleteField" Date="20151007" Time="170715">DeleteField D:\MIGRACION_FINAL\GDB_ANLA.gdb\VertimientoLN CODIGO</Process><Process ToolSource="c:\program files (x86)\arcgis\desktop10.2\ArcToolbox\Toolboxes\Conversion Tools.tbx\FeatureClassToFeatureClass" Date="20160721" Time="211057">FeatureClassToFeatureClass "E:\PARA ENTREGA FINAL\GDB_ANLA_MCB.gdb\T_15_HIDROLOGIA\VertimientoLN" "E:\PARA ENTREGA FINAL\GDB_ANLA_MCB.gdb\T_15_HIDROLOGIA" VertimientoLN0 # "EXPEDIENTE "EXPEDIENTE" true true false 20 Text 0 0 ,First,#,E:\PARA ENTREGA FINAL\GDB_ANLA_MCB.gdb\T_15_HIDROLOGIA\VertimientoLN,EXPEDIENTE,-1,-1;OPERADOR "OPERADOR" true true false 100 Text 0 0 ,First,#,E:\PARA ENTREGA FINAL\GDB_ANLA_MCB.gdb\T_15_HIDROLOGIA\VertimientoLN,OPERADOR,-1,-1;PROYECTO "PROYECTO" true true false 200 Text 0 0 ,First,#,E:\PARA ENTREGA FINAL\GDB_ANLA_MCB.gdb\T_15_HIDROLOGIA\VertimientoLN,PROYECTO,-1,-1;NUM_ACT_AD "NUM_ACT_AD" true true false 20 Text 0 0 ,First,#,E:\PARA ENTREGA FINAL\GDB_ANLA_MCB.gdb\T_15_HIDROLOGIA\VertimientoLN,NUM_ACT_AD,-1,-1;FEC_ACT_AD "FEC_ACT_AD" true true false 8 Date 0 0 ,First,#,E:\PARA ENTREGA FINAL\GDB_ANLA_MCB.gdb\T_15_HIDROLOGIA\VertimientoLN,FEC_ACT_AD,-1,-1;ART_ACT_AD "ART_ACT_AD" true true false 50 Text 0 0 ,First,#,E:\PARA ENTREGA FINAL\GDB_ANLA_MCB.gdb\T_15_HIDROLOGIA\VertimientoLN,ART_ACT_AD,-1,-1;VEREDA "VEREDA" true true false 100 Text 0 0 ,First,#,E:\PARA ENTREGA FINAL\GDB_ANLA_MCB.gdb\T_15_HIDROLOGIA\VertimientoLN,VEREDA,-1,-1;MUNICIPIO "MUNICIPIO" true true false 5 Text 0 0 ,First,#,E:\PARA ENTREGA FINAL\GDB_ANLA_MCB.gdb\T_15_HIDROLOGIA\VertimientoLN,MUNICIPIO,-1,-1;DEPTO "DEPTO" true true false 2 Text 0 0 ,First,#,E:\PARA ENTREGA FINAL\GDB_ANLA_MCB.gdb\T_15_HIDROLOGIA\VertimientoLN,DEPTO,-1,-1;CAR "CAR" true true false 8 Double 0 0 ,First,#,E:\PARA ENTREGA FINAL\GDB_ANLA_MCB.gdb\T_15_HIDROLOGIA\VertimientoLN,CAR,-1,-1;ID_PREDIO "ID_PREDIO" true true false 30 Text 0 0 ,First,#,E:\PARA ENTREGA FINAL\GDB_ANLA_MCB.gdb\T_15_HIDROLOGIA\VertimientoLN,ID_PREDIO,-1,-1;MAT_INMOB "MAT_INMOB" true true false 30 Text 0 0 ,First,#,E:\PARA ENTREGA FINAL\GDB_ANLA_MCB.gdb\T_15_HIDROLOGIA\VertimientoLN,MAT_INMOB,-1,-1;NOMBRE "NOMBRE" true true false 100 Text 0 0 ,First,#,E:\PARA ENTREGA FINAL\GDB_ANLA_MCB.gdb\T_15_HIDROLOGIA\VertimientoLN,NOMBRE,-1,-1;ID_VERT_LN "ID_VERT_LN" true true false 10 Text 0 0 ,First,#,E:\PARA ENTREGA FINAL\GDB_ANLA_MCB.gdb\T_15_HIDROLOGIA\VertimientoLN,ID_VERT_LN,-1,-1;T_CUER_REC "T_CUER_REC" true true false 8 Double 0 0 ,First,#,E:\PARA ENTREGA FINAL\GDB_ANLA_MCB.gdb\T_15_HIDROLOGIA\VertimientoLN,T_CUER_REC,-1,-1;N_CUER_REC "N_CUER_REC" true true false 100 Text 0 0 ,First,#,E:\PARA ENTREGA FINAL\GDB_ANLA_MCB.gdb\T_15_HIDROLOGIA\VertimientoLN,N_CUER_REC,-1,-1;T_AGUA_R "T_AGUA_R" true true false 8 Double 0 0 ,First,#,E:\PARA ENTREGA FINAL\GDB_ANLA_MCB.gdb\T_15_HIDROLOGIA\VertimientoLN,T_AGUA_R,-1,-1;T_FLUJO "T_FLUJO" true true false 8 Double 0 0 ,First,#,E:\PARA ENTREGA FINAL\GDB_ANLA_MCB.gdb\T_15_HIDROLOGIA\VertimientoLN,T_FLUJO,-1,-1;ESPECIFIC "ESPECIFIC" true true false 255 Text 0 0 ,First,#,E:\PARA ENTREGA FINAL\GDB_ANLA_MCB.gdb\T_15_HIDROLOGIA\VertimientoLN,ESPECIFIC,-1,-1;CAUDAL_VER "CAUDAL_VER" true true false 8 Double 0 0 ,First,#,E:\PARA ENTREGA FINAL\GDB_ANLA_MCB.gdb\T_15_HIDROLOGIA\VertimientoLN,CAUDAL_VER,-1,-1;HORAS_DIA "HORAS_DIA" true true false 8 Double 0 0 ,First,#,E:\PARA ENTREGA FINAL\GDB_ANLA_MCB.gdb\T_15_HIDROLOGIA\VertimientoLN,HORAS_DIA,-1,-1;DIAS_MES "DIAS_MES" true true false 8 Double 0 0 ,First,#,E:\PARA ENTREGA FINAL\GDB_ANLA_MCB.gdb\T_15_HIDROLOGIA\VertimientoLN,DIAS_MES,-1,-1;SIST_PRET "SIST_PRET" true true false 8 Double 0 0 ,First,#,E:\PARA ENTREGA FINAL\GDB_ANLA_MCB.gdb\T_15_HIDROLOGIA\VertimientoLN,SIST_PRET,-1,-1;DESCRIP_PT "DESCRIP_PT" true true false 255 Text 0 0 ,First,#,E:\PARA ENTREGA FINAL\GDB_ANLA_MCB.gdb\T_15_HIDROLOGIA\VertimientoLN,DESCRIP_PT,-1,-1;SIST_PRIM "SIST_PRIM" true true false 8 Double 0 0 ,First,#,E:\PARA ENTREGA FINAL\GDB_ANLA_MCB.gdb\T_15_HIDROLOGIA\VertimientoLN,SIST_PRIM,-1,-1;DESCRIP_TP "DESCRIP_TP" true true false 255 Text 0 0 ,First,#,E:\PARA ENTREGA FINAL\GDB_ANLA_MCB.gdb\T_15_HIDROLOGIA\VertimientoLN,DESCRIP_TP,-1,-1;SIST_SEC "SIST_SEC" true true false 8 Double 0 0 ,First,#,E:\PARA ENTREGA FINAL\GDB_ANLA_MCB.gdb\T_15_HIDROLOGIA\VertimientoLN,SIST_SEC,-1,-1;DESCRIP_TS "DESCRIP_TS" true true false 255 Text 0 0 ,First,#,E:\PARA ENTREGA FINAL\GDB_ANLA_MCB.gdb\T_15_HIDROLOGIA\VertimientoLN,DESCRIP_TS,-1,-1;SIST_TERC "SIST_TERC" true true false 8 Double 0 0 ,First,#,E:\PARA ENTREGA FINAL\GDB_ANLA_MCB.gdb\T_15_HIDROLOGIA\VertimientoLN,SIST_TERC,-1,-1;DESCRIP_TT "DESCRIP_TT" true true false 255 Text 0 0 ,First,#,E:\PARA ENTREGA FINAL\GDB_ANLA_MCB.gdb\T_15_HIDROLOGIA\VertimientoLN,DESCRIP_TT,-1,-1;SIST_OT "SIST_OT" true true false 8 Double 0 0 ,First,#,E:\PARA ENTREGA FINAL\GDB_ANLA_MCB.gdb\T_15_HIDROLOGIA\VertimientoLN,SIST_OT,-1,-1;DESCRIP_OT "DESCRIP_OT" true true false 255 Text 0 0 ,First,#,E:\PARA ENTREGA FINAL\GDB_ANLA_MCB.gdb\T_15_HIDROLOGIA\VertimientoLN,DESCRIP_OT,-1,-1;AH "AH" true true false 1 Text 0 0 ,First,#,E:\PARA ENTREGA FINAL\GDB_ANLA_MCB.gdb\T_15_HIDROLOGIA\VertimientoLN,AH,-1,-1;ZH "ZH" true true false 2 Text 0 0 ,First,#,E:\PARA ENTREGA FINAL\GDB_ANLA_MCB.gdb\T_15_HIDROLOGIA\VertimientoLN,ZH,-1,-1;SZH "SZH" true true false 4 Text 0 0 ,First,#,E:\PARA ENTREGA FINAL\GDB_ANLA_MCB.gdb\T_15_HIDROLOGIA\VertimientoLN,SZH,-1,-1;N_NV_SUB "N_NV_SUB" true true false 100 Text 0 0 ,First,#,E:\PARA ENTREGA FINAL\GDB_ANLA_MCB.gdb\T_15_HIDROLOGIA\VertimientoLN,N_NV_SUB,-1,-1;C_NV_SUB "C_NV_SUB" true true false 7 Text 0 0 ,First,#,E:\PARA ENTREGA FINAL\GDB_ANLA_MCB.gdb\T_15_HIDROLOGIA\VertimientoLN,C_NV_SUB,-1,-1;N_MIC_CUE "N_MIC_CUE" true true false 100 Text 0 0 ,First,#,E:\PARA ENTREGA FINAL\GDB_ANLA_MCB.gdb\T_15_HIDROLOGIA\VertimientoLN,N_MIC_CUE,-1,-1;C_MIC_CUE "C_MIC_CUE" true true false 10 Text 0 0 ,First,#,E:\PARA ENTREGA FINAL\GDB_ANLA_MCB.gdb\T_15_HIDROLOGIA\VertimientoLN,C_MIC_CUE,-1,-1;OBSERV "OBSERV" true true false 255 Text 0 0 ,First,#,E:\PARA ENTREGA FINAL\GDB_ANLA_MCB.gdb\T_15_HIDROLOGIA\VertimientoLN,OBSERV,-1,-1;COOR_E_INI "COOR_E_INI" true true false 8 Double 0 0 ,First,#,E:\PARA ENTREGA FINAL\GDB_ANLA_MCB.gdb\T_15_HIDROLOGIA\VertimientoLN,COOR_E_INI,-1,-1;COOR_N_INI "COOR_N_INI" true true false 8 Double 0 0 ,First,#,E:\PARA ENTREGA FINAL\GDB_ANLA_MCB.gdb\T_15_HIDROLOGIA\VertimientoLN,COOR_N_INI,-1,-1;COOR_E_FIN "COOR_E_FIN" true true false 8 Double 0 0 ,First,#,E:\PARA ENTREGA FINAL\GDB_ANLA_MCB.gdb\T_15_HIDROLOGIA\VertimientoLN,COOR_E_FIN,-1,-1;COOR_N_FIN "COOR_N_FIN" true true false 8 Double 0 0 ,First,#,E:\PARA ENTREGA FINAL\GDB_ANLA_MCB.gdb\T_15_HIDROLOGIA\VertimientoLN,COOR_N_FIN,-1,-1;LONGITUD_M "LONGITUD_m" true true false 8 Double 0 0 ,First,#,E:\PARA ENTREGA FINAL\GDB_ANLA_MCB.gdb\T_15_HIDROLOGIA\VertimientoLN,LONGITUD_M,-1,-1" #</Process><Process ToolSource="c:\program files (x86)\arcgis\desktop10.2\ArcToolbox\Toolboxes\Data Management Tools.tbx\Rename" Date="20160721" Time="211100">Rename "E:\PARA ENTREGA FINAL\GDB_ANLA_MCB.gdb\T_15_HIDROLOGIA\VertimientoLN0" "E:\PARA ENTREGA FINAL\GDB_ANLA_MCB.gdb\T_15_HIDROLOGIA\VertimientoLN" FeatureClass</Process><Process ToolSource="c:\program files (x86)\arcgis\desktop10.5\ArcToolbox\Toolboxes\Data Management Tools.tbx\AlterField" Date="20181129" Time="180945">AlterField D:\fpena\Desktop\TMP\MAGNA_Origen_Oeste\GDB\BD_ANLA_3115.gdb\VertimientoLN LONGITUD_M # # DOUBLE 8 NULLABLE true</Process><Process ToolSource="c:\program files (x86)\arcgis\desktop10.5\ArcToolbox\Toolboxes\Data Management Tools.tbx\CopyFeatures" Date="20181129" Time="200608">CopyFeatures D:\fpena\Desktop\TMP\BD_ANLA_3115.gdb\VertimientoLN D:\fpena\Desktop\TMP\BD_ANLA_3115\T_15_HIDROLOGIA\VertimientoLN.shp # 0 0 0</Process></lineage><itemProps><itemLocation><linkage Sync="TRUE">file://\\FPENA\D$\fpena\Desktop\TMP\BD_ANLA_3115\T_15_HIDROLOGIA\VertimientoLN.shp</linkage><protocol Sync="TRUE">Local Area Network</protocol></itemLocation><itemName Sync="TRUE">VertimientoLN</itemName><imsContentType Sync="TRUE">002</imsContentType><itemSize Sync="TRUE">0.000</itemSize></itemProps><coordRef><type Sync="TRUE">Projected</type><geogcsn Sync="TRUE">GCS_MAGNA</geogcsn><csUnits Sync="TRUE">Linear Unit: Meter (1.000000)</csUnits><projcsn Sync="TRUE">MAGNA_Colombia_Oeste</projcsn><peXml Sync="TRUE">&lt;ProjectedCoordinateSystem xsi:type='typens:ProjectedCoordinateSystem' xmlns:xsi='http://www.w3.org/2001/XMLSchema-instance' xmlns:xs='http://www.w3.org/2001/XMLSchema' xmlns:typens='http://www.esri.com/schemas/ArcGIS/10.5'&gt;&lt;WKT&gt;PROJCS[&amp;quot;MAGNA_Colombia_Oeste&amp;quot;,GEOGCS[&amp;quot;GCS_MAGNA&amp;quot;,DATUM[&amp;quot;D_MAGNA&amp;quot;,SPHEROID[&amp;quot;GRS_1980&amp;quot;,6378137.0,298.257222101]],PRIMEM[&amp;quot;Greenwich&amp;quot;,0.0],UNIT[&amp;quot;Degree&amp;quot;,0.0174532925199433]],PROJECTION[&amp;quot;Transverse_Mercator&amp;quot;],PARAMETER[&amp;quot;False_Easting&amp;quot;,1000000.0],PARAMETER[&amp;quot;False_Northing&amp;quot;,1000000.0],PARAMETER[&amp;quot;Central_Meridian&amp;quot;,-77.07750791666666],PARAMETER[&amp;quot;Scale_Factor&amp;quot;,1.0],PARAMETER[&amp;quot;Latitude_Of_Origin&amp;quot;,4.596200416666666],UNIT[&amp;quot;Meter&amp;quot;,1.0]],VERTCS[&amp;quot;WGS_1984&amp;quot;,DATUM[&amp;quot;D_WGS_1984&amp;quot;,SPHEROID[&amp;quot;WGS_1984&amp;quot;,6378137.0,298.257223563]],PARAMETER[&amp;quot;Vertical_Shift&amp;quot;,0.0],PARAMETER[&amp;quot;Direction&amp;quot;,1.0],UNIT[&amp;quot;Meter&amp;quot;,1.0]]&lt;/WKT&gt;&lt;XOrigin&gt;-4623200&lt;/XOrigin&gt;&lt;YOrigin&gt;-9510300&lt;/YOrigin&gt;&lt;XYScale&gt;450265407.00157917&lt;/XYScale&gt;&lt;ZOrigin&gt;-100000&lt;/ZOrigin&gt;&lt;ZScale&gt;10000&lt;/ZScale&gt;&lt;MOrigin&gt;-100000&lt;/MOrigin&gt;&lt;MScale&gt;10000&lt;/MScale&gt;&lt;XYTolerance&gt;0.001&lt;/XYTolerance&gt;&lt;ZTolerance&gt;0.001&lt;/ZTolerance&gt;&lt;MTolerance&gt;0.001&lt;/MTolerance&gt;&lt;HighPrecision&gt;true&lt;/HighPrecision&gt;&lt;WKID&gt;3115&lt;/WKID&gt;&lt;LatestWKID&gt;3115&lt;/LatestWKID&gt;&lt;VCSWKID&gt;115700&lt;/VCSWKID&gt;&lt;LatestVCSWKID&gt;115700&lt;/LatestVCSWKID&gt;&lt;/ProjectedCoordinateSystem&gt;</peXml></coordRef></DataProperties><SyncDate>20181129</SyncDate><SyncTime>20060800</SyncTime><ModDate>20181129</ModDate><ModTime>20060800</ModTime></Esri><dataIdInfo><envirDesc Sync="TRUE"> Version 6.2 (Build 9200) ; Esri ArcGIS 10.5.1.7333</envirDesc><dataLang><languageCode value="spa" Sync="TRUE"></languageCode><countryCode value="COL" Sync="TRUE"></countryCode></dataLang><idCitation><resTitle Sync="TRUE">VertimientoLN</resTitle><presForm><PresFormCd value="005" Sync="TRUE"></PresFormCd></presForm></idCitation><spatRpType><SpatRepTypCd value="001" Sync="TRUE"></SpatRepTypCd></spatRpType></dataIdInfo><mdLang><languageCode value="spa" Sync="TRUE"></languageCode><countryCode value="COL" Sync="TRUE"></countryCode></mdLang><distInfo><distFormat><formatName Sync="TRUE">Shapefile</formatName></distFormat><distTranOps><transSize Sync="TRUE">0.000</transSize></distTranOps></distInfo><mdHrLv><ScopeCd value="005" Sync="TRUE"></ScopeCd></mdHrLv><mdHrLvName Sync="TRUE">dataset</mdHrLvName><refSysInfo><RefSystem><refSysID><identCode code="3115" Sync="TRUE"></identCode><idCodeSpace Sync="TRUE">EPSG</idCodeSpace><idVersion Sync="TRUE">8.6(9.2.0)</idVersion></refSysID></RefSystem></refSysInfo><spatRepInfo><VectSpatRep><geometObjs Name="VertimientoLN"><geoObjTyp><GeoObjTypCd value="002" Sync="TRUE"></GeoObjTypCd></geoObjTyp><geoObjCnt Sync="TRUE">0</geoObjCnt></geometObjs><topLvl><TopoLevCd value="001" Sync="TRUE"></TopoLevCd></topLvl></VectSpatRep></spatRepInfo><spdoinfo><ptvctinf><esriterm Name="VertimientoLN"><efeatyp Sync="TRUE">Simple</efeatyp><efeageom code="3" Sync="TRUE"></efeageom><esritopo Sync="TRUE">FALSE</esritopo><efeacnt Sync="TRUE">0</efeacnt><spindex Sync="TRUE">FALSE</spindex><linrefer Sync="TRUE">FALSE</linrefer></esriterm></ptvctinf></spdoinfo><eainfo><detailed Name="VertimientoLN"><enttyp><enttypl Sync="TRUE">VertimientoLN</enttypl><enttypt Sync="TRUE">Feature Class</enttypt><enttypc Sync="TRUE">0</enttypc></enttyp><attr><attrlabl Sync="TRUE">FID</attrlabl><attalias Sync="TRUE">FID</attalias><attrtype Sync="TRUE">OID</attrtype><attwidth Sync="TRUE">4</attwidth><atprecis Sync="TRUE">0</atprecis><attscale Sync="TRUE">0</attscale><attrdef Sync="TRUE">Internal feature number.</attrdef><attrdefs Sync="TRUE">Esri</attrdefs><attrdomv><udom Sync="TRUE">Sequential unique whole numbers that are automatically generated.</udom></attrdomv></attr><attr><attrlabl Sync="TRUE">SHAPE</attrlabl><attalias Sync="TRUE">Shape</attalias><attrtype Sync="TRUE">Geometry</attrtype><attwidth Sync="TRUE">0</attwidth><atprecis Sync="TRUE">0</atprecis><attscale Sync="TRUE">0</attscale><attrdef Sync="TRUE">Feature geometry.</attrdef><attrdefs Sync="TRUE">Esri</attrdefs><attrdomv><udom Sync="TRUE">Coordinates defining the features.</udom></attrdomv></attr><attr><attrlabl Sync="TRUE">EXPEDIENTE</attrlabl><attalias Sync="TRUE">EXPEDIENTE</attalias><attrtype Sync="TRUE">String</attrtype><attwidth Sync="TRUE">20</attwidth><atprecis Sync="TRUE">0</atprecis><attscale Sync="TRUE">0</attscale></attr><attr><attrlabl Sync="TRUE">OPERADOR</attrlabl><attalias Sync="TRUE">OPERADOR</attalias><attrtype Sync="TRUE">String</attrtype><attwidth Sync="TRUE">100</attwidth><atprecis Sync="TRUE">0</atprecis><attscale Sync="TRUE">0</attscale></attr><attr><attrlabl Sync="TRUE">PROYECTO</attrlabl><attalias Sync="TRUE">PROYECTO</attalias><attrtype Sync="TRUE">String</attrtype><attwidth Sync="TRUE">200</attwidth><atprecis Sync="TRUE">0</atprecis><attscale Sync="TRUE">0</attscale></attr><attr><attrlabl Sync="TRUE">NUM_ACT_AD</attrlabl><attalias Sync="TRUE">NUM_ACT_AD</attalias><attrtype Sync="TRUE">String</attrtype><attwidth Sync="TRUE">20</attwidth><atprecis Sync="TRUE">0</atprecis><attscale Sync="TRUE">0</attscale></attr><attr><attrlabl Sync="TRUE">FEC_ACT_AD</attrlabl><attalias Sync="TRUE">FEC_ACT_AD</attalias><attrtype Sync="TRUE">Date</attrtype><attwidth Sync="TRUE">8</attwidth><atprecis Sync="TRUE">0</atprecis><attscale Sync="TRUE">0</attscale></attr><attr><attrlabl Sync="TRUE">ART_ACT_AD</attrlabl><attalias Sync="TRUE">ART_ACT_AD</attalias><attrtype Sync="TRUE">String</attrtype><attwidth Sync="TRUE">50</attwidth><atprecis Sync="TRUE">0</atprecis><attscale Sync="TRUE">0</attscale></attr><attr><attrlabl Sync="TRUE">VEREDA</attrlabl><attalias Sync="TRUE">VEREDA</attalias><attrtype Sync="TRUE">String</attrtype><attwidth Sync="TRUE">100</attwidth><atprecis Sync="TRUE">0</atprecis><attscale Sync="TRUE">0</attscale></attr><attr><attrlabl Sync="TRUE">MUNICIPIO</attrlabl><attalias Sync="TRUE">MUNICIPIO</attalias><attrtype Sync="TRUE">String</attrtype><attwidth Sync="TRUE">5</attwidth><atprecis Sync="TRUE">0</atprecis><attscale Sync="TRUE">0</attscale></attr><attr><attrlabl Sync="TRUE">DEPTO</attrlabl><attalias Sync="TRUE">DEPTO</attalias><attrtype Sync="TRUE">String</attrtype><attwidth Sync="TRUE">2</attwidth><atprecis Sync="TRUE">0</atprecis><attscale Sync="TRUE">0</attscale></attr><attr><attrlabl Sync="TRUE">CAR</attrlabl><attalias Sync="TRUE">CAR</attalias><attrtype Sync="TRUE">Double</attrtype><attwidth Sync="TRUE">19</attwidth><atprecis Sync="TRUE">0</atprecis><attscale Sync="TRUE">0</attscale></attr><attr><attrlabl Sync="TRUE">ID_PREDIO</attrlabl><attalias Sync="TRUE">ID_PREDIO</attalias><attrtype Sync="TRUE">String</attrtype><attwidth Sync="TRUE">30</attwidth><atprecis Sync="TRUE">0</atprecis><attscale Sync="TRUE">0</attscale></attr><attr><attrlabl Sync="TRUE">MAT_INMOB</attrlabl><attalias Sync="TRUE">MAT_INMOB</attalias><attrtype Sync="TRUE">String</attrtype><attwidth Sync="TRUE">30</attwidth><atprecis Sync="TRUE">0</atprecis><attscale Sync="TRUE">0</attscale></attr><attr><attrlabl Sync="TRUE">NOMBRE</attrlabl><attalias Sync="TRUE">NOMBRE</attalias><attrtype Sync="TRUE">String</attrtype><attwidth Sync="TRUE">100</attwidth><atprecis Sync="TRUE">0</atprecis><attscale Sync="TRUE">0</attscale></attr><attr><attrlabl Sync="TRUE">ID_VERT_LN</attrlabl><attalias Sync="TRUE">ID_VERT_LN</attalias><attrtype Sync="TRUE">String</attrtype><attwidth Sync="TRUE">10</attwidth><atprecis Sync="TRUE">0</atprecis><attscale Sync="TRUE">0</attscale></attr><attr><attrlabl Sync="TRUE">T_CUER_REC</attrlabl><attalias Sync="TRUE">T_CUER_REC</attalias><attrtype Sync="TRUE">Double</attrtype><attwidth Sync="TRUE">19</attwidth><atprecis Sync="TRUE">0</atprecis><attscale Sync="TRUE">0</attscale></attr><attr><attrlabl Sync="TRUE">N_CUER_REC</attrlabl><attalias Sync="TRUE">N_CUER_REC</attalias><attrtype Sync="TRUE">String</attrtype><attwidth Sync="TRUE">100</attwidth><atprecis Sync="TRUE">0</atprecis><attscale Sync="TRUE">0</attscale></attr><attr><attrlabl Sync="TRUE">T_AGUA_R</attrlabl><attalias Sync="TRUE">T_AGUA_R</attalias><attrtype Sync="TRUE">Double</attrtype><attwidth Sync="TRUE">19</attwidth><atprecis Sync="TRUE">0</atprecis><attscale Sync="TRUE">0</attscale></attr><attr><attrlabl Sync="TRUE">T_FLUJO</attrlabl><attalias Sync="TRUE">T_FLUJO</attalias><attrtype Sync="TRUE">Double</attrtype><attwidth Sync="TRUE">19</attwidth><atprecis Sync="TRUE">0</atprecis><attscale Sync="TRUE">0</attscale></attr><attr><attrlabl Sync="TRUE">ESPECIFIC</attrlabl><attalias Sync="TRUE">ESPECIFIC</attalias><attrtype Sync="TRUE">String</attrtype><attwidth Sync="TRUE">254</attwidth><atprecis Sync="TRUE">0</atprecis><attscale Sync="TRUE">0</attscale></attr><attr><attrlabl Sync="TRUE">CAUDAL_VER</attrlabl><attalias Sync="TRUE">CAUDAL_VER</attalias><attrtype Sync="TRUE">Double</attrtype><attwidth Sync="TRUE">19</attwidth><atprecis Sync="TRUE">0</atprecis><attscale Sync="TRUE">0</attscale></attr><attr><attrlabl Sync="TRUE">HORAS_DIA</attrlabl><attalias Sync="TRUE">HORAS_DIA</attalias><attrtype Sync="TRUE">Double</attrtype><attwidth Sync="TRUE">19</attwidth><atprecis Sync="TRUE">0</atprecis><attscale Sync="TRUE">0</attscale></attr><attr><attrlabl Sync="TRUE">DIAS_MES</attrlabl><attalias Sync="TRUE">DIAS_MES</attalias><attrtype Sync="TRUE">Double</attrtype><attwidth Sync="TRUE">19</attwidth><atprecis Sync="TRUE">0</atprecis><attscale Sync="TRUE">0</attscale></attr><attr><attrlabl Sync="TRUE">SIST_PRET</attrlabl><attalias Sync="TRUE">SIST_PRET</attalias><attrtype Sync="TRUE">Double</attrtype><attwidth Sync="TRUE">19</attwidth><atprecis Sync="TRUE">0</atprecis><attscale Sync="TRUE">0</attscale></attr><attr><attrlabl Sync="TRUE">DESCRIP_PT</attrlabl><attalias Sync="TRUE">DESCRIP_PT</attalias><attrtype Sync="TRUE">String</attrtype><attwidth Sync="TRUE">254</attwidth><atprecis Sync="TRUE">0</atprecis><attscale Sync="TRUE">0</attscale></attr><attr><attrlabl Sync="TRUE">SIST_PRIM</attrlabl><attalias Sync="TRUE">SIST_PRIM</attalias><attrtype Sync="TRUE">Double</attrtype><attwidth Sync="TRUE">19</attwidth><atprecis Sync="TRUE">0</atprecis><attscale Sync="TRUE">0</attscale></attr><attr><attrlabl Sync="TRUE">DESCRIP_TP</attrlabl><attalias Sync="TRUE">DESCRIP_TP</attalias><attrtype Sync="TRUE">String</attrtype><attwidth Sync="TRUE">254</attwidth><atprecis Sync="TRUE">0</atprecis><attscale Sync="TRUE">0</attscale></attr><attr><attrlabl Sync="TRUE">SIST_SEC</attrlabl><attalias Sync="TRUE">SIST_SEC</attalias><attrtype Sync="TRUE">Double</attrtype><attwidth Sync="TRUE">19</attwidth><atprecis Sync="TRUE">0</atprecis><attscale Sync="TRUE">0</attscale></attr><attr><attrlabl Sync="TRUE">DESCRIP_TS</attrlabl><attalias Sync="TRUE">DESCRIP_TS</attalias><attrtype Sync="TRUE">String</attrtype><attwidth Sync="TRUE">254</attwidth><atprecis Sync="TRUE">0</atprecis><attscale Sync="TRUE">0</attscale></attr><attr><attrlabl Sync="TRUE">SIST_TERC</attrlabl><attalias Sync="TRUE">SIST_TERC</attalias><attrtype Sync="TRUE">Double</attrtype><attwidth Sync="TRUE">19</attwidth><atprecis Sync="TRUE">0</atprecis><attscale Sync="TRUE">0</attscale></attr><attr><attrlabl Sync="TRUE">DESCRIP_TT</attrlabl><attalias Sync="TRUE">DESCRIP_TT</attalias><attrtype Sync="TRUE">String</attrtype><attwidth Sync="TRUE">254</attwidth><atprecis Sync="TRUE">0</atprecis><attscale Sync="TRUE">0</attscale></attr><attr><attrlabl Sync="TRUE">SIST_OT</attrlabl><attalias Sync="TRUE">SIST_OT</attalias><attrtype Sync="TRUE">Double</attrtype><attwidth Sync="TRUE">19</attwidth><atprecis Sync="TRUE">0</atprecis><attscale Sync="TRUE">0</attscale></attr><attr><attrlabl Sync="TRUE">DESCRIP_OT</attrlabl><attalias Sync="TRUE">DESCRIP_OT</attalias><attrtype Sync="TRUE">String</attrtype><attwidth Sync="TRUE">254</attwidth><atprecis Sync="TRUE">0</atprecis><attscale Sync="TRUE">0</attscale></attr><attr><attrlabl Sync="TRUE">AH</attrlabl><attalias Sync="TRUE">AH</attalias><attrtype Sync="TRUE">String</attrtype><attwidth Sync="TRUE">1</attwidth><atprecis Sync="TRUE">0</atprecis><attscale Sync="TRUE">0</attscale></attr><attr><attrlabl Sync="TRUE">ZH</attrlabl><attalias Sync="TRUE">ZH</attalias><attrtype Sync="TRUE">String</attrtype><attwidth Sync="TRUE">2</attwidth><atprecis Sync="TRUE">0</atprecis><attscale Sync="TRUE">0</attscale></attr><attr><attrlabl Sync="TRUE">SZH</attrlabl><attalias Sync="TRUE">SZH</attalias><attrtype Sync="TRUE">String</attrtype><attwidth Sync="TRUE">4</attwidth><atprecis Sync="TRUE">0</atprecis><attscale Sync="TRUE">0</attscale></attr><attr><attrlabl Sync="TRUE">N_NV_SUB</attrlabl><attalias Sync="TRUE">N_NV_SUB</attalias><attrtype Sync="TRUE">String</attrtype><attwidth Sync="TRUE">100</attwidth><atprecis Sync="TRUE">0</atprecis><attscale Sync="TRUE">0</attscale></attr><attr><attrlabl Sync="TRUE">C_NV_SUB</attrlabl><attalias Sync="TRUE">C_NV_SUB</attalias><attrtype Sync="TRUE">String</attrtype><attwidth Sync="TRUE">7</attwidth><atprecis Sync="TRUE">0</atprecis><attscale Sync="TRUE">0</attscale></attr><attr><attrlabl Sync="TRUE">N_MIC_CUE</attrlabl><attalias Sync="TRUE">N_MIC_CUE</attalias><attrtype Sync="TRUE">String</attrtype><attwidth Sync="TRUE">100</attwidth><atprecis Sync="TRUE">0</atprecis><attscale Sync="TRUE">0</attscale></attr><attr><attrlabl Sync="TRUE">C_MIC_CUE</attrlabl><attalias Sync="TRUE">C_MIC_CUE</attalias><attrtype Sync="TRUE">String</attrtype><attwidth Sync="TRUE">10</attwidth><atprecis Sync="TRUE">0</atprecis><attscale Sync="TRUE">0</attscale></attr><attr><attrlabl Sync="TRUE">OBSERV</attrlabl><attalias Sync="TRUE">OBSERV</attalias><attrtype Sync="TRUE">String</attrtype><attwidth Sync="TRUE">254</attwidth><atprecis Sync="TRUE">0</atprecis><attscale Sync="TRUE">0</attscale></attr><attr><attrlabl Sync="TRUE">COOR_E_INI</attrlabl><attalias Sync="TRUE">COOR_E_INI</attalias><attrtype Sync="TRUE">Double</attrtype><attwidth Sync="TRUE">19</attwidth><atprecis Sync="TRUE">0</atprecis><attscale Sync="TRUE">0</attscale></attr><attr><attrlabl Sync="TRUE">COOR_N_INI</attrlabl><attalias Sync="TRUE">COOR_N_INI</attalias><attrtype Sync="TRUE">Double</attrtype><attwidth Sync="TRUE">19</attwidth><atprecis Sync="TRUE">0</atprecis><attscale Sync="TRUE">0</attscale></attr><attr><attrlabl Sync="TRUE">COOR_E_FIN</attrlabl><attalias Sync="TRUE">COOR_E_FIN</attalias><attrtype Sync="TRUE">Double</attrtype><attwidth Sync="TRUE">19</attwidth><atprecis Sync="TRUE">0</atprecis><attscale Sync="TRUE">0</attscale></attr><attr><attrlabl Sync="TRUE">COOR_N_FIN</attrlabl><attalias Sync="TRUE">COOR_N_FIN</attalias><attrtype Sync="TRUE">Double</attrtype><attwidth Sync="TRUE">19</attwidth><atprecis Sync="TRUE">0</atprecis><attscale Sync="TRUE">0</attscale></attr><attr><attrlabl Sync="TRUE">LONGITUD_M</attrlabl><attalias Sync="TRUE">LONGITUD_M</attalias><attrtype Sync="TRUE">Double</attrtype><attwidth Sync="TRUE">19</attwidth><atprecis Sync="TRUE">0</atprecis><attscale Sync="TRUE">0</attscale></attr><attr><attrlabl Sync="TRUE">Shape_Leng</attrlabl><attalias Sync="TRUE">Shape_Leng</attalias><attrtype Sync="TRUE">Double</attrtype><attwidth Sync="TRUE">19</attwidth><atprecis Sync="TRUE">0</atprecis><attscale Sync="TRUE">0</attscale></attr></detailed></eainfo><mdDateSt Sync="TRUE">20181129</mdDateSt></metadata>
