<metadata xml:lang="es"><Esri><CreaDate>20160205</CreaDate><CreaTime>15393800</CreaTime><ArcGISFormat>1.0</ArcGISFormat><SyncOnce>FALSE</SyncOnce><DataProperties><itemProps><itemLocation><linkage Sync="TRUE">file://\\FPENA\D$\fpena\Desktop\TMP\BD_ANLA_3118\T_35_INVERSION_1_POR_CIENTO\Inversion1PorCientoLN.shp</linkage><protocol Sync="TRUE">Local Area Network</protocol></itemLocation><itemName Sync="TRUE">Inversion1PorCientoLN</itemName><imsContentType Sync="TRUE">002</imsContentType><itemSize Sync="TRUE">0.000</itemSize></itemProps><coordRef><type Sync="TRUE">Projected</type><geogcsn Sync="TRUE">GCS_MAGNA</geogcsn><csUnits Sync="TRUE">Linear Unit: Meter (1.000000)</csUnits><projcsn Sync="TRUE">MAGNA_Colombia_Este_Este</projcsn><peXml Sync="TRUE">&lt;ProjectedCoordinateSystem xsi:type='typens:ProjectedCoordinateSystem' xmlns:xsi='http://www.w3.org/2001/XMLSchema-instance' xmlns:xs='http://www.w3.org/2001/XMLSchema' xmlns:typens='http://www.esri.com/schemas/ArcGIS/10.5'&gt;&lt;WKT&gt;PROJCS[&amp;quot;MAGNA_Colombia_Este_Este&amp;quot;,GEOGCS[&amp;quot;GCS_MAGNA&amp;quot;,DATUM[&amp;quot;D_MAGNA&amp;quot;,SPHEROID[&amp;quot;GRS_1980&amp;quot;,6378137.0,298.257222101]],PRIMEM[&amp;quot;Greenwich&amp;quot;,0.0],UNIT[&amp;quot;Degree&amp;quot;,0.0174532925199433]],PROJECTION[&amp;quot;Transverse_Mercator&amp;quot;],PARAMETER[&amp;quot;False_Easting&amp;quot;,1000000.0],PARAMETER[&amp;quot;False_Northing&amp;quot;,1000000.0],PARAMETER[&amp;quot;Central_Meridian&amp;quot;,-68.07750791666666],PARAMETER[&amp;quot;Scale_Factor&amp;quot;,1.0],PARAMETER[&amp;quot;Latitude_Of_Origin&amp;quot;,4.596200416666666],UNIT[&amp;quot;Meter&amp;quot;,1.0]],VERTCS[&amp;quot;WGS_1984&amp;quot;,DATUM[&amp;quot;D_WGS_1984&amp;quot;,SPHEROID[&amp;quot;WGS_1984&amp;quot;,6378137.0,298.257223563]],PARAMETER[&amp;quot;Vertical_Shift&amp;quot;,0.0],PARAMETER[&amp;quot;Direction&amp;quot;,1.0],UNIT[&amp;quot;Meter&amp;quot;,1.0]]&lt;/WKT&gt;&lt;XOrigin&gt;-4623200&lt;/XOrigin&gt;&lt;YOrigin&gt;-9510300&lt;/YOrigin&gt;&lt;XYScale&gt;450265407.00157917&lt;/XYScale&gt;&lt;ZOrigin&gt;-100000&lt;/ZOrigin&gt;&lt;ZScale&gt;10000&lt;/ZScale&gt;&lt;MOrigin&gt;-100000&lt;/MOrigin&gt;&lt;MScale&gt;10000&lt;/MScale&gt;&lt;XYTolerance&gt;0.001&lt;/XYTolerance&gt;&lt;ZTolerance&gt;0.001&lt;/ZTolerance&gt;&lt;MTolerance&gt;0.001&lt;/MTolerance&gt;&lt;HighPrecision&gt;true&lt;/HighPrecision&gt;&lt;WKID&gt;3118&lt;/WKID&gt;&lt;LatestWKID&gt;3118&lt;/LatestWKID&gt;&lt;VCSWKID&gt;115700&lt;/VCSWKID&gt;&lt;LatestVCSWKID&gt;115700&lt;/LatestVCSWKID&gt;&lt;/ProjectedCoordinateSystem&gt;</peXml></coordRef><lineage><Process ToolSource="c:\program files (x86)\arcgis\desktop10.2\ArcToolbox\Toolboxes\Conversion Tools.tbx\FeatureClassToFeatureClass" Date="20151201" Time="122356">FeatureClassToFeatureClass E:\GEOMATICA\Modelo\GDB_ANLA-25nov15.gdb\T_35_INVERSION_1_POR_CIENTO\Inversion1PorCientoLN E:\GEOMATICA\Modelo\GDB_ANLA-25nov15.gdb\T_35_INVERSION_1_POR_CIENTO Inversion1PorCientoLN0 # "EXPEDIENTE "EXPEDIENTE" true true false 20 Text 0 0 ,First,#,E:\GEOMATICA\Modelo\GDB_ANLA-25nov15.gdb\T_35_INVERSION_1_POR_CIENTO\Inversion1PorCientoLN,EXPEDIENTE,-1,-1;OPERADOR "OPERADOR" true true false 100 Text 0 0 ,First,#,E:\GEOMATICA\Modelo\GDB_ANLA-25nov15.gdb\T_35_INVERSION_1_POR_CIENTO\Inversion1PorCientoLN,OPERADOR,-1,-1;PROYECTO "PROYECTO" true true false 200 Text 0 0 ,First,#,E:\GEOMATICA\Modelo\GDB_ANLA-25nov15.gdb\T_35_INVERSION_1_POR_CIENTO\Inversion1PorCientoLN,PROYECTO,-1,-1;ID_INV_LN "ID_INV_PT" true true false 20 Text 0 0 ,First,#,E:\GEOMATICA\Modelo\GDB_ANLA-25nov15.gdb\T_35_INVERSION_1_POR_CIENTO\Inversion1PorCientoLN,ID_INV_LN,-1,-1;ACT_1POR "ACTIVIDAD_EV1POR" true true false 8 Double 0 0 ,First,#,E:\GEOMATICA\Modelo\GDB_ANLA-25nov15.gdb\T_35_INVERSION_1_POR_CIENTO\Inversion1PorCientoLN,ACT_1POR,-1,-1;SACT_1POR "SUBACTIVIDAD_EV1POR" true true false 8 Double 0 0 ,First,#,E:\GEOMATICA\Modelo\GDB_ANLA-25nov15.gdb\T_35_INVERSION_1_POR_CIENTO\Inversion1PorCientoLN,SACT_1POR,-1,-1;O_ACT_1POR "OTRA_SUBACT_EV1POR" true true false 250 Text 0 0 ,First,#,E:\GEOMATICA\Modelo\GDB_ANLA-25nov15.gdb\T_35_INVERSION_1_POR_CIENTO\Inversion1PorCientoLN,O_ACT_1POR,-1,-1;ESTADO "ESTADO" true true false 8 Double 0 0 ,First,#,E:\GEOMATICA\Modelo\GDB_ANLA-25nov15.gdb\T_35_INVERSION_1_POR_CIENTO\Inversion1PorCientoLN,ESTADO,-1,-1;OBSER_1POR "OBSERV1_EV1POR" true true false 255 Text 0 0 ,First,#,E:\GEOMATICA\Modelo\GDB_ANLA-25nov15.gdb\T_35_INVERSION_1_POR_CIENTO\Inversion1PorCientoLN,OBSER_1POR,-1,-1;LONGITUD_m "LONGITUD_m" true true false 8 Double 0 0 ,First,#,E:\GEOMATICA\Modelo\GDB_ANLA-25nov15.gdb\T_35_INVERSION_1_POR_CIENTO\Inversion1PorCientoLN,LONGITUD_m,-1,-1" #</Process><Process ToolSource="c:\program files (x86)\arcgis\desktop10.2\ArcToolbox\Toolboxes\Data Management Tools.tbx\Rename" Date="20151201" Time="122358">Rename E:\GEOMATICA\Modelo\GDB_ANLA-25nov15.gdb\T_35_INVERSION_1_POR_CIENTO\Inversion1PorCientoLN0 E:\GEOMATICA\Modelo\GDB_ANLA-25nov15.gdb\T_35_INVERSION_1_POR_CIENTO\Inversion1PorCientoLN FeatureClass</Process><Process ToolSource="c:\program files (x86)\arcgis\desktop10.4\ArcToolbox\Toolboxes\Conversion Tools.tbx\FeatureClassToFeatureClass" Date="20160715" Time="082129">FeatureClassToFeatureClass "D:\ngonzalez\Desktop\Skydrive\SkyDrive Pro\MODELO DATOS\FINALES\GDB_ANLA_MCB.gdb\T_35_INVERSION_1_POR_CIENTO\Inversion1PorCientoLN" "D:\ngonzalez\Desktop\Skydrive\SkyDrive Pro\MODELO DATOS\FINALES\GDB_ANLA_MCB.gdb\T_35_INVERSION_1_POR_CIENTO" Inversion1PorCientoLN0 # "EXPEDIENTE "EXPEDIENTE" true true false 20 Text 0 0 ,First,#,D:\ngonzalez\Desktop\Skydrive\SkyDrive Pro\MODELO DATOS\FINALES\GDB_ANLA_MCB.gdb\T_35_INVERSION_1_POR_CIENTO\Inversion1PorCientoLN,EXPEDIENTE,-1,-1;OPERADOR "OPERADOR" true true false 100 Text 0 0 ,First,#,D:\ngonzalez\Desktop\Skydrive\SkyDrive Pro\MODELO DATOS\FINALES\GDB_ANLA_MCB.gdb\T_35_INVERSION_1_POR_CIENTO\Inversion1PorCientoLN,OPERADOR,-1,-1;PROYECTO "PROYECTO" true true false 200 Text 0 0 ,First,#,D:\ngonzalez\Desktop\Skydrive\SkyDrive Pro\MODELO DATOS\FINALES\GDB_ANLA_MCB.gdb\T_35_INVERSION_1_POR_CIENTO\Inversion1PorCientoLN,PROYECTO,-1,-1;ID_INV_LN "ID_INV_PT" true true false 20 Text 0 0 ,First,#,D:\ngonzalez\Desktop\Skydrive\SkyDrive Pro\MODELO DATOS\FINALES\GDB_ANLA_MCB.gdb\T_35_INVERSION_1_POR_CIENTO\Inversion1PorCientoLN,ID_INV_LN,-1,-1;ACT_1POR "ACTIVIDAD_EV1POR" true true false 8 Double 0 0 ,First,#,D:\ngonzalez\Desktop\Skydrive\SkyDrive Pro\MODELO DATOS\FINALES\GDB_ANLA_MCB.gdb\T_35_INVERSION_1_POR_CIENTO\Inversion1PorCientoLN,ACT_1POR,-1,-1;SACT_1POR "SUBACTIVIDAD_EV1POR" true true false 8 Double 0 0 ,First,#,D:\ngonzalez\Desktop\Skydrive\SkyDrive Pro\MODELO DATOS\FINALES\GDB_ANLA_MCB.gdb\T_35_INVERSION_1_POR_CIENTO\Inversion1PorCientoLN,SACT_1POR,-1,-1;O_ACT_1POR "OTRA_SUBACT_EV1POR" true true false 250 Text 0 0 ,First,#,D:\ngonzalez\Desktop\Skydrive\SkyDrive Pro\MODELO DATOS\FINALES\GDB_ANLA_MCB.gdb\T_35_INVERSION_1_POR_CIENTO\Inversion1PorCientoLN,O_ACT_1POR,-1,-1;DESCRIPCIO "DESCRIPCIO" true true false 255 Text 0 0 ,First,#,D:\ngonzalez\Desktop\Skydrive\SkyDrive Pro\MODELO DATOS\FINALES\GDB_ANLA_MCB.gdb\T_35_INVERSION_1_POR_CIENTO\Inversion1PorCientoLN,DESCRIPCIO,-1,-1;ESTADO "ESTADO" true true false 8 Double 0 0 ,First,#,D:\ngonzalez\Desktop\Skydrive\SkyDrive Pro\MODELO DATOS\FINALES\GDB_ANLA_MCB.gdb\T_35_INVERSION_1_POR_CIENTO\Inversion1PorCientoLN,ESTADO,-1,-1;OBSER_1POR "OBSERV1_EV1POR" true true false 255 Text 0 0 ,First,#,D:\ngonzalez\Desktop\Skydrive\SkyDrive Pro\MODELO DATOS\FINALES\GDB_ANLA_MCB.gdb\T_35_INVERSION_1_POR_CIENTO\Inversion1PorCientoLN,OBSER_1POR,-1,-1;LONGITUD_m "LONGITUD_m" true true false 8 Double 0 0 ,First,#,D:\ngonzalez\Desktop\Skydrive\SkyDrive Pro\MODELO DATOS\FINALES\GDB_ANLA_MCB.gdb\T_35_INVERSION_1_POR_CIENTO\Inversion1PorCientoLN,LONGITUD_m,-1,-1" #</Process><Process ToolSource="c:\program files (x86)\arcgis\desktop10.4\ArcToolbox\Toolboxes\Data Management Tools.tbx\Rename" Date="20160715" Time="082131">Rename "D:\ngonzalez\Desktop\Skydrive\SkyDrive Pro\MODELO DATOS\FINALES\GDB_ANLA_MCB.gdb\T_35_INVERSION_1_POR_CIENTO\Inversion1PorCientoLN0" "D:\ngonzalez\Desktop\Skydrive\SkyDrive Pro\MODELO DATOS\FINALES\GDB_ANLA_MCB.gdb\T_35_INVERSION_1_POR_CIENTO\Inversion1PorCientoLN" FeatureClass</Process><Process ToolSource="c:\program files (x86)\arcgis\desktop10.5\ArcToolbox\Toolboxes\Data Management Tools.tbx\AlterField" Date="20181129" Time="180142">AlterField D:\fpena\Desktop\TMP\MAGNA_Origen_Este_Este\GDB\BD_ANLA_3118.gdb\Inversion1PorCientoLN ID_INV_LN # # TEXT 20 NON_NULLABLE true</Process><Process ToolSource="c:\program files (x86)\arcgis\desktop10.5\ArcToolbox\Toolboxes\Data Management Tools.tbx\AlterField" Date="20181129" Time="180145">AlterField D:\fpena\Desktop\TMP\MAGNA_Origen_Este_Este\GDB\BD_ANLA_3118.gdb\Inversion1PorCientoLN ACT_1POR # # DOUBLE 8 NON_NULLABLE true</Process><Process ToolSource="c:\program files (x86)\arcgis\desktop10.5\ArcToolbox\Toolboxes\Data Management Tools.tbx\AlterField" Date="20181129" Time="180147">AlterField D:\fpena\Desktop\TMP\MAGNA_Origen_Este_Este\GDB\BD_ANLA_3118.gdb\Inversion1PorCientoLN SACT_1POR # # DOUBLE 8 NON_NULLABLE true</Process><Process ToolSource="c:\program files (x86)\arcgis\desktop10.5\ArcToolbox\Toolboxes\Data Management Tools.tbx\AlterField" Date="20181129" Time="180150">AlterField D:\fpena\Desktop\TMP\MAGNA_Origen_Este_Este\GDB\BD_ANLA_3118.gdb\Inversion1PorCientoLN O_ACT_1POR # # TEXT 250 NULLABLE true</Process><Process ToolSource="c:\program files (x86)\arcgis\desktop10.5\ArcToolbox\Toolboxes\Data Management Tools.tbx\AlterField" Date="20181129" Time="180152">AlterField D:\fpena\Desktop\TMP\MAGNA_Origen_Este_Este\GDB\BD_ANLA_3118.gdb\Inversion1PorCientoLN OBSER_1POR # # TEXT 255 NULLABLE true</Process><Process ToolSource="c:\program files (x86)\arcgis\desktop10.5\ArcToolbox\Toolboxes\Data Management Tools.tbx\CopyFeatures" Date="20181129" Time="211304">CopyFeatures D:\fpena\Desktop\TMP\BD_ANLA_3118.gdb\Inversion1PorCientoLN D:\fpena\Desktop\TMP\BD_ANLA_3118\T_35_INVERSION_1_POR_CIENTO\Inversion1PorCientoLN.shp # 0 0 0</Process></lineage></DataProperties><SyncDate>20181129</SyncDate><SyncTime>21130400</SyncTime><ModDate>20181129</ModDate><ModTime>21130400</ModTime></Esri><dataIdInfo><envirDesc Sync="TRUE"> Version 6.2 (Build 9200) ; Esri ArcGIS 10.5.1.7333</envirDesc><dataLang><languageCode value="spa" Sync="TRUE"></languageCode><countryCode value="COL" Sync="TRUE"></countryCode></dataLang><idCitation><resTitle Sync="TRUE">Inversion1PorCientoLN</resTitle><presForm><PresFormCd value="005" Sync="TRUE"></PresFormCd></presForm></idCitation><spatRpType><SpatRepTypCd value="001" Sync="TRUE"></SpatRepTypCd></spatRpType></dataIdInfo><mdLang><languageCode value="spa" Sync="TRUE"></languageCode><countryCode value="COL" Sync="TRUE"></countryCode></mdLang><distInfo><distFormat><formatName Sync="TRUE">Shapefile</formatName></distFormat><distTranOps><transSize Sync="TRUE">0.000</transSize></distTranOps></distInfo><mdHrLv><ScopeCd value="005" Sync="TRUE"></ScopeCd></mdHrLv><mdHrLvName Sync="TRUE">dataset</mdHrLvName><refSysInfo><RefSystem><refSysID><identCode code="3118" Sync="TRUE"></identCode><idCodeSpace Sync="TRUE">EPSG</idCodeSpace><idVersion Sync="TRUE">8.6(9.2.0)</idVersion></refSysID></RefSystem></refSysInfo><spatRepInfo><VectSpatRep><geometObjs Name="Inversion1PorCientoLN"><geoObjTyp><GeoObjTypCd value="002" Sync="TRUE"></GeoObjTypCd></geoObjTyp><geoObjCnt Sync="TRUE">0</geoObjCnt></geometObjs><topLvl><TopoLevCd value="001" Sync="TRUE"></TopoLevCd></topLvl></VectSpatRep></spatRepInfo><spdoinfo><ptvctinf><esriterm Name="Inversion1PorCientoLN"><efeatyp Sync="TRUE">Simple</efeatyp><efeageom code="3" Sync="TRUE"></efeageom><esritopo Sync="TRUE">FALSE</esritopo><efeacnt Sync="TRUE">0</efeacnt><spindex Sync="TRUE">FALSE</spindex><linrefer Sync="TRUE">FALSE</linrefer></esriterm></ptvctinf></spdoinfo><eainfo><detailed Name="Inversion1PorCientoLN"><enttyp><enttypl Sync="TRUE">Inversion1PorCientoLN</enttypl><enttypt Sync="TRUE">Feature Class</enttypt><enttypc Sync="TRUE">0</enttypc></enttyp><attr><attrlabl Sync="TRUE">FID</attrlabl><attalias Sync="TRUE">FID</attalias><attrtype Sync="TRUE">OID</attrtype><attwidth Sync="TRUE">4</attwidth><atprecis Sync="TRUE">0</atprecis><attscale Sync="TRUE">0</attscale><attrdef Sync="TRUE">Internal feature number.</attrdef><attrdefs Sync="TRUE">Esri</attrdefs><attrdomv><udom Sync="TRUE">Sequential unique whole numbers that are automatically generated.</udom></attrdomv></attr><attr><attrlabl Sync="TRUE">SHAPE</attrlabl><attalias Sync="TRUE">Shape</attalias><attrtype Sync="TRUE">Geometry</attrtype><attwidth Sync="TRUE">0</attwidth><atprecis Sync="TRUE">0</atprecis><attscale Sync="TRUE">0</attscale><attrdef Sync="TRUE">Feature geometry.</attrdef><attrdefs Sync="TRUE">Esri</attrdefs><attrdomv><udom Sync="TRUE">Coordinates defining the features.</udom></attrdomv></attr><attr><attrlabl Sync="TRUE">EXPEDIENTE</attrlabl><attalias Sync="TRUE">EXPEDIENTE</attalias><attrtype Sync="TRUE">String</attrtype><attwidth Sync="TRUE">20</attwidth><atprecis Sync="TRUE">0</atprecis><attscale Sync="TRUE">0</attscale></attr><attr><attrlabl Sync="TRUE">ID_INV_LN</attrlabl><attalias Sync="TRUE">ID_INV_LN</attalias><attrtype Sync="TRUE">String</attrtype><attwidth Sync="TRUE">20</attwidth><atprecis Sync="TRUE">0</atprecis><attscale Sync="TRUE">0</attscale></attr><attr><attrlabl Sync="TRUE">OPERADOR</attrlabl><attalias Sync="TRUE">OPERADOR</attalias><attrtype Sync="TRUE">String</attrtype><attwidth Sync="TRUE">100</attwidth><atprecis Sync="TRUE">0</atprecis><attscale Sync="TRUE">0</attscale></attr><attr><attrlabl Sync="TRUE">PROYECTO</attrlabl><attalias Sync="TRUE">PROYECTO</attalias><attrtype Sync="TRUE">String</attrtype><attwidth Sync="TRUE">200</attwidth><atprecis Sync="TRUE">0</atprecis><attscale Sync="TRUE">0</attscale></attr><attr><attrlabl Sync="TRUE">ACT_1POR</attrlabl><attalias Sync="TRUE">ACT_1POR</attalias><attrtype Sync="TRUE">Double</attrtype><attwidth Sync="TRUE">19</attwidth><atprecis Sync="TRUE">0</atprecis><attscale Sync="TRUE">0</attscale></attr><attr><attrlabl Sync="TRUE">SACT_1POR</attrlabl><attalias Sync="TRUE">SACT_1POR</attalias><attrtype Sync="TRUE">Double</attrtype><attwidth Sync="TRUE">19</attwidth><atprecis Sync="TRUE">0</atprecis><attscale Sync="TRUE">0</attscale></attr><attr><attrlabl Sync="TRUE">O_ACT_1POR</attrlabl><attalias Sync="TRUE">O_ACT_1POR</attalias><attrtype Sync="TRUE">String</attrtype><attwidth Sync="TRUE">250</attwidth><atprecis Sync="TRUE">0</atprecis><attscale Sync="TRUE">0</attscale></attr><attr><attrlabl Sync="TRUE">DESCRIPCIO</attrlabl><attalias Sync="TRUE">DESCRIPCIO</attalias><attrtype Sync="TRUE">String</attrtype><attwidth Sync="TRUE">254</attwidth><atprecis Sync="TRUE">0</atprecis><attscale Sync="TRUE">0</attscale></attr><attr><attrlabl Sync="TRUE">ESTADO</attrlabl><attalias Sync="TRUE">ESTADO</attalias><attrtype Sync="TRUE">Double</attrtype><attwidth Sync="TRUE">19</attwidth><atprecis Sync="TRUE">0</atprecis><attscale Sync="TRUE">0</attscale></attr><attr><attrlabl Sync="TRUE">OBSER_1POR</attrlabl><attalias Sync="TRUE">OBSER_1POR</attalias><attrtype Sync="TRUE">String</attrtype><attwidth Sync="TRUE">254</attwidth><atprecis Sync="TRUE">0</atprecis><attscale Sync="TRUE">0</attscale></attr><attr><attrlabl Sync="TRUE">LONGITUD_m</attrlabl><attalias Sync="TRUE">LONGITUD_m</attalias><attrtype Sync="TRUE">Double</attrtype><attwidth Sync="TRUE">19</attwidth><atprecis Sync="TRUE">0</atprecis><attscale Sync="TRUE">0</attscale></attr><attr><attrlabl Sync="TRUE">Shape_Leng</attrlabl><attalias Sync="TRUE">Shape_Leng</attalias><attrtype Sync="TRUE">Double</attrtype><attwidth Sync="TRUE">19</attwidth><atprecis Sync="TRUE">0</atprecis><attscale Sync="TRUE">0</attscale></attr></detailed></eainfo><mdDateSt Sync="TRUE">20181129</mdDateSt></metadata>
