<metadata xml:lang="es"><Esri><CreaDate>20200702</CreaDate><CreaTime>18395700</CreaTime><ArcGISFormat>1.0</ArcGISFormat><SyncOnce>FALSE</SyncOnce><DataProperties><lineage><Process Name="Delete Features" ToolSource="c:\program files (x86)\arcgis\desktop10.3\ArcToolbox\Toolboxes\Data Management Tools.tbx\DeleteFeatures" Date="20150612" Time="150118">DeleteFeatures D:\ayesa\implantacion\20150608\carga_geo\web.sde\GEODB.GEO.T_11_GEOLOGIA\GEODB.GEO.MaterialesConstruccionPG</Process><Process Name="Append" ToolSource="c:\program files (x86)\arcgis\desktop10.3\ArcToolbox\Toolboxes\Data Management Tools.tbx\Append" Date="20150612" Time="150120">Append D:\ayesa\implantacion\20150608\carga_geo\Transporte2.gdb\T_11_GEOLOGIA\MaterialesConstruccionPG D:\ayesa\implantacion\20150608\carga_geo\web.sde\GEODB.GEO.T_11_GEOLOGIA\GEODB.GEO.MaterialesConstruccionPG TEST # #</Process><Process ToolSource="c:\program files (x86)\arcgis\desktop10.3\ArcToolbox\Toolboxes\Data Management Tools.tbx\CalculateField" Date="20150613" Time="123838">CalculateField D:\ayesa\implantacion\20150608\carga_geo\web.sde\GEODB.GEO.MaterialesConstruccionPG EXPEDIENTE x( !Expediente! ) PYTHON_9.3 "def x(valor):\n    if valor=="NDA0976":\n        return "LAM1749"\n    elif valor=="LAV0090-13":\n        return "LAM1837"\n    elif valor=="LAV0070-13":\n        return "LAM1749"\n    elif valor=="NDA0803":\n        return "LAM2581"\n    elif valor=="LAM5023":\n        return "LAM4090"\n    elif valor=="LAM0647":\n        return "LAV0070-14"\n    elif valor=="LAM0666":\n        return "LAV0095-00-2014"\n    else:\n        return valor"</Process><Process ToolSource="c:\program files (x86)\arcgis\desktop10.3\ArcToolbox\Toolboxes\Data Management Tools.tbx\DeleteField" Date="20150827" Time="120416">DeleteField D:\MIGRACION_FINAL\GDB_ANLA_ACT\GDB_ANLA.gdb\MaterialesConstruccionPG ID_INFORME</Process><Process ToolSource="c:\program files (x86)\arcgis\desktop10.3\ArcToolbox\Toolboxes\Data Management Tools.tbx\DeleteField" Date="20150827" Time="121022">DeleteField D:\MIGRACION_FINAL\GDB_ANLA_ACT\GDB_ANLA.gdb\MaterialesConstruccionPG TIPO_ESTUD</Process><Process ToolSource="c:\program files (x86)\arcgis\desktop10.3\ArcToolbox\Toolboxes\Data Management Tools.tbx\DeleteField" Date="20150827" Time="121336">DeleteField D:\MIGRACION_FINAL\GDB_ANLA_ACT\GDB_ANLA.gdb\MaterialesConstruccionPG FECHA</Process><Process ToolSource="c:\program files (x86)\arcgis\desktop10.3\ArcToolbox\Toolboxes\Data Management Tools.tbx\DeleteField" Date="20150827" Time="121554">DeleteField D:\MIGRACION_FINAL\GDB_ANLA_ACT\GDB_ANLA.gdb\MaterialesConstruccionPG SEGUIMIENT</Process><Process ToolSource="c:\program files (x86)\arcgis\desktop10.3\ArcToolbox\Toolboxes\Data Management Tools.tbx\DeleteField" Date="20150827" Time="121905">DeleteField D:\MIGRACION_FINAL\GDB_ANLA_ACT\GDB_ANLA.gdb\MaterialesConstruccionPG AUTORIZADO</Process><Process ToolSource="c:\program files (x86)\arcgis\desktop10.3\ArcToolbox\Toolboxes\Data Management Tools.tbx\DeleteField" Date="20151007" Time="170701">DeleteField D:\MIGRACION_FINAL\GDB_ANLA.gdb\MaterialesConstruccionPG CODIGO</Process><Process ToolSource="c:\program files (x86)\arcgis\desktop10.3\ArcToolbox\Toolboxes\Conversion Tools.tbx\FeatureClassToFeatureClass" Date="20151013" Time="112258">FeatureClassToFeatureClass D:\MIGRACION_FINAL\GDB_ANLA.gdb\T_11_GEOLOGIA\MaterialesConstruccionPG D:\MIGRACION_FINAL\GDB_ANLA.gdb\T_11_GEOLOGIA MaterialesConstruccionPG0 # "EXPEDIENTE "EXPEDIENTE" true true false 20 Text 0 0 ,First,#,D:\MIGRACION_FINAL\GDB_ANLA.gdb\T_11_GEOLOGIA\MaterialesConstruccionPG,EXPEDIENTE,-1,-1;OPERADOR "OPERADOR" true true false 100 Text 0 0 ,First,#,D:\MIGRACION_FINAL\GDB_ANLA.gdb\T_11_GEOLOGIA\MaterialesConstruccionPG,OPERADOR,-1,-1;PROYECTO "PROYECTO" true true false 200 Text 0 0 ,First,#,D:\MIGRACION_FINAL\GDB_ANLA.gdb\T_11_GEOLOGIA\MaterialesConstruccionPG,PROYECTO,-1,-1;NUM_ACT_AD "NUM_ACT_AD" true true false 20 Text 0 0 ,First,#,D:\MIGRACION_FINAL\GDB_ANLA.gdb\T_11_GEOLOGIA\MaterialesConstruccionPG,NUM_ACT_AD,-1,-1;FEC_ACT_AD "FEC_ACT_AD" true true false 8 Date 0 0 ,First,#,D:\MIGRACION_FINAL\GDB_ANLA.gdb\T_11_GEOLOGIA\MaterialesConstruccionPG,FEC_ACT_AD,-1,-1;ART_ACT_AD "ART_ACT_AD" true true false 50 Text 0 0 ,First,#,D:\MIGRACION_FINAL\GDB_ANLA.gdb\T_11_GEOLOGIA\MaterialesConstruccionPG,ART_ACT_AD,-1,-1;ID_PG_MATE "ID_PG_MATE" true true false 10 Text 0 0 ,First,#,D:\MIGRACION_FINAL\GDB_ANLA.gdb\T_11_GEOLOGIA\MaterialesConstruccionPG,ID_PG_MATE,-1,-1;T_APRO "T_APRO" true true false 2 Short 0 0 ,First,#,D:\MIGRACION_FINAL\GDB_ANLA.gdb\T_11_GEOLOGIA\MaterialesConstruccionPG,T_APRO,-1,-1;NOMBRE "NOMBRE" true true false 100 Text 0 0 ,First,#,D:\MIGRACION_FINAL\GDB_ANLA.gdb\T_11_GEOLOGIA\MaterialesConstruccionPG,NOMBRE,-1,-1;DESCRIP "DESCRIP" true true false 255 Text 0 0 ,First,#,D:\MIGRACION_FINAL\GDB_ANLA.gdb\T_11_GEOLOGIA\MaterialesConstruccionPG,DESCRIP,-1,-1;OBSERV "OBSERV" true true false 255 Text 0 0 ,First,#,D:\MIGRACION_FINAL\GDB_ANLA.gdb\T_11_GEOLOGIA\MaterialesConstruccionPG,OBSERV,-1,-1;AREA_HA "AREA_ha" true true false 8 Double 0 0 ,First,#,D:\MIGRACION_FINAL\GDB_ANLA.gdb\T_11_GEOLOGIA\MaterialesConstruccionPG,AREA_HA,-1,-1" #</Process><Process ToolSource="c:\program files (x86)\arcgis\desktop10.3\ArcToolbox\Toolboxes\Data Management Tools.tbx\Rename" Date="20151013" Time="112259">Rename D:\MIGRACION_FINAL\GDB_ANLA.gdb\T_11_GEOLOGIA\MaterialesConstruccionPG0 D:\MIGRACION_FINAL\GDB_ANLA.gdb\T_11_GEOLOGIA\MaterialesConstruccionPG FeatureClass</Process><Process ToolSource="c:\program files (x86)\arcgis\desktop10.3\ArcToolbox\Toolboxes\Data Management Tools.tbx\CopyFeatures" Date="20160524" Time="105333">CopyFeatures D:\SOPORTE\05.MAYO-16\GDB\GDB_ANLA.gdb\T_11_GEOLOGIA\MaterialesConstruccionPG D:\SOPORTE\05.MAYO-16\GDB\GDB_ANLA_MCB.gdb\T_11_GEOLOGIA\MaterialesConstruccionPG # 0 0 0</Process><Process ToolSource="c:\program files (x86)\arcgis\desktop10.5\ArcToolbox\Toolboxes\Data Management Tools.tbx\AlterField" Date="20181129" Time="165940">AlterField D:\fpena\Desktop\TMP\MAGNA_Origen_Bogota\GDB\BD_ANLA_3116.gdb\MaterialesConstruccionPG AREA_HA # # DOUBLE 8 NULLABLE true</Process><Process ToolSource="c:\program files (x86)\arcgis\desktop10.8\ArcToolbox\Toolboxes\Data Management Tools.tbx\CopyFeatures" Date="20200702" Time="192402">CopyFeatures C:\Users\Faderico\Desktop\MAGNA_Unico\BD_ANLA_MAGNA_UNICO.gdb\MaterialesConstruccionPG C:\Users\Faderico\Desktop\MAGNA_Unico\BD_ANLA_MAGNA_UNICO\T_11_GEOLOGIA\MaterialesConstruccionPG.shp # 0 0 0</Process></lineage><itemProps><itemLocation><linkage Sync="TRUE">file://\\FADERICO-PC\C$\Users\Faderico\Desktop\MAGNA_Unico\BD_ANLA_MAGNA_UNICO\T_11_GEOLOGIA\MaterialesConstruccionPG.shp</linkage><protocol Sync="TRUE">Local Area Network</protocol></itemLocation><itemName Sync="TRUE">MaterialesConstruccionPG</itemName><imsContentType Sync="TRUE">002</imsContentType><itemSize Sync="TRUE">0.000</itemSize></itemProps><coordRef><type Sync="TRUE">Projected</type><geogcsn Sync="TRUE">GCS_MAGNA</geogcsn><csUnits Sync="TRUE">Linear Unit: Meter (1.000000)</csUnits><projcsn Sync="TRUE">MAGNA_Colombia_CTM12</projcsn><peXml Sync="TRUE">&lt;ProjectedCoordinateSystem xsi:type='typens:ProjectedCoordinateSystem' xmlns:xsi='http://www.w3.org/2001/XMLSchema-instance' xmlns:xs='http://www.w3.org/2001/XMLSchema' xmlns:typens='http://www.esri.com/schemas/ArcGIS/10.7'&gt;&lt;WKT&gt;PROJCS[&amp;quot;MAGNA_Colombia_CTM12&amp;quot;,GEOGCS[&amp;quot;GCS_MAGNA&amp;quot;,DATUM[&amp;quot;D_MAGNA&amp;quot;,SPHEROID[&amp;quot;GRS_1980&amp;quot;,6378137.0,298.257222101]],PRIMEM[&amp;quot;Greenwich&amp;quot;,0.0],UNIT[&amp;quot;Degree&amp;quot;,0.0174532925199433]],PROJECTION[&amp;quot;Transverse_Mercator&amp;quot;],PARAMETER[&amp;quot;False_Easting&amp;quot;,5000000.0],PARAMETER[&amp;quot;False_Northing&amp;quot;,2000000.0],PARAMETER[&amp;quot;Central_Meridian&amp;quot;,-73.0],PARAMETER[&amp;quot;Scale_Factor&amp;quot;,0.9992],PARAMETER[&amp;quot;Latitude_Of_Origin&amp;quot;,4.0],UNIT[&amp;quot;Meter&amp;quot;,1.0]]&lt;/WKT&gt;&lt;XOrigin&gt;-618700&lt;/XOrigin&gt;&lt;YOrigin&gt;-8436100&lt;/YOrigin&gt;&lt;XYScale&gt;450623577.52990448&lt;/XYScale&gt;&lt;ZOrigin&gt;-100000&lt;/ZOrigin&gt;&lt;ZScale&gt;10000&lt;/ZScale&gt;&lt;MOrigin&gt;-100000&lt;/MOrigin&gt;&lt;MScale&gt;10000&lt;/MScale&gt;&lt;XYTolerance&gt;0.001&lt;/XYTolerance&gt;&lt;ZTolerance&gt;0.001&lt;/ZTolerance&gt;&lt;MTolerance&gt;0.001&lt;/MTolerance&gt;&lt;HighPrecision&gt;true&lt;/HighPrecision&gt;&lt;/ProjectedCoordinateSystem&gt;</peXml></coordRef></DataProperties><SyncDate>20200702</SyncDate><SyncTime>19240200</SyncTime><ModDate>20200702</ModDate><ModTime>19240200</ModTime></Esri><dataIdInfo><envirDesc Sync="TRUE"> Version 6.2 (Build 9200) ; Esri ArcGIS 10.8.0.12790</envirDesc><dataLang><languageCode value="spa" Sync="TRUE"></languageCode><countryCode value="COL" Sync="TRUE"></countryCode></dataLang><idCitation><resTitle Sync="TRUE">MaterialesConstruccionPG</resTitle><presForm><PresFormCd value="005" Sync="TRUE"></PresFormCd></presForm></idCitation><spatRpType><SpatRepTypCd value="001" Sync="TRUE"></SpatRepTypCd></spatRpType></dataIdInfo><mdLang><languageCode value="spa" Sync="TRUE"></languageCode><countryCode value="COL" Sync="TRUE"></countryCode></mdLang><distInfo><distFormat><formatName Sync="TRUE">Shapefile</formatName></distFormat><distTranOps><transSize Sync="TRUE">0.000</transSize></distTranOps></distInfo><mdHrLv><ScopeCd value="005" Sync="TRUE"></ScopeCd></mdHrLv><mdHrLvName Sync="TRUE">dataset</mdHrLvName><refSysInfo><RefSystem><refSysID><identCode code="0" Sync="TRUE"></identCode><idCodeSpace Sync="TRUE">EPSG</idCodeSpace><idVersion Sync="TRUE">8.2.6</idVersion></refSysID></RefSystem></refSysInfo><spatRepInfo><VectSpatRep><geometObjs Name="MaterialesConstruccionPG"><geoObjTyp><GeoObjTypCd value="002" Sync="TRUE"></GeoObjTypCd></geoObjTyp><geoObjCnt Sync="TRUE">0</geoObjCnt></geometObjs><topLvl><TopoLevCd value="001" Sync="TRUE"></TopoLevCd></topLvl></VectSpatRep></spatRepInfo><spdoinfo><ptvctinf><esriterm Name="MaterialesConstruccionPG"><efeatyp Sync="TRUE">Simple</efeatyp><efeageom code="4" Sync="TRUE"></efeageom><esritopo Sync="TRUE">FALSE</esritopo><efeacnt Sync="TRUE">0</efeacnt><spindex Sync="TRUE">FALSE</spindex><linrefer Sync="TRUE">FALSE</linrefer></esriterm></ptvctinf></spdoinfo><eainfo><detailed Name="MaterialesConstruccionPG"><enttyp><enttypl Sync="TRUE">MaterialesConstruccionPG</enttypl><enttypt Sync="TRUE">Feature Class</enttypt><enttypc Sync="TRUE">0</enttypc></enttyp><attr><attrlabl Sync="TRUE">FID</attrlabl><attalias Sync="TRUE">FID</attalias><attrtype Sync="TRUE">OID</attrtype><attwidth Sync="TRUE">4</attwidth><atprecis Sync="TRUE">0</atprecis><attscale Sync="TRUE">0</attscale><attrdef Sync="TRUE">Internal feature number.</attrdef><attrdefs Sync="TRUE">Esri</attrdefs><attrdomv><udom Sync="TRUE">Sequential unique whole numbers that are automatically generated.</udom></attrdomv></attr><attr><attrlabl Sync="TRUE">Shape</attrlabl><attalias Sync="TRUE">Shape</attalias><attrtype Sync="TRUE">Geometry</attrtype><attwidth Sync="TRUE">0</attwidth><atprecis Sync="TRUE">0</atprecis><attscale Sync="TRUE">0</attscale><attrdef Sync="TRUE">Feature geometry.</attrdef><attrdefs Sync="TRUE">Esri</attrdefs><attrdomv><udom Sync="TRUE">Coordinates defining the features.</udom></attrdomv></attr><attr><attrlabl Sync="TRUE">EXPEDIENTE</attrlabl><attalias Sync="TRUE">EXPEDIENTE</attalias><attrtype Sync="TRUE">String</attrtype><attwidth Sync="TRUE">20</attwidth><atprecis Sync="TRUE">0</atprecis><attscale Sync="TRUE">0</attscale></attr><attr><attrlabl Sync="TRUE">OPERADOR</attrlabl><attalias Sync="TRUE">OPERADOR</attalias><attrtype Sync="TRUE">String</attrtype><attwidth Sync="TRUE">100</attwidth><atprecis Sync="TRUE">0</atprecis><attscale Sync="TRUE">0</attscale></attr><attr><attrlabl Sync="TRUE">PROYECTO</attrlabl><attalias Sync="TRUE">PROYECTO</attalias><attrtype Sync="TRUE">String</attrtype><attwidth Sync="TRUE">200</attwidth><atprecis Sync="TRUE">0</atprecis><attscale Sync="TRUE">0</attscale></attr><attr><attrlabl Sync="TRUE">NUM_ACT_AD</attrlabl><attalias Sync="TRUE">NUM_ACT_AD</attalias><attrtype Sync="TRUE">String</attrtype><attwidth Sync="TRUE">20</attwidth><atprecis Sync="TRUE">0</atprecis><attscale Sync="TRUE">0</attscale></attr><attr><attrlabl Sync="TRUE">FEC_ACT_AD</attrlabl><attalias Sync="TRUE">FEC_ACT_AD</attalias><attrtype Sync="TRUE">Date</attrtype><attwidth Sync="TRUE">8</attwidth><atprecis Sync="TRUE">0</atprecis><attscale Sync="TRUE">0</attscale></attr><attr><attrlabl Sync="TRUE">ART_ACT_AD</attrlabl><attalias Sync="TRUE">ART_ACT_AD</attalias><attrtype Sync="TRUE">String</attrtype><attwidth Sync="TRUE">50</attwidth><atprecis Sync="TRUE">0</atprecis><attscale Sync="TRUE">0</attscale></attr><attr><attrlabl Sync="TRUE">ID_PG_MATE</attrlabl><attalias Sync="TRUE">ID_PG_MATE</attalias><attrtype Sync="TRUE">String</attrtype><attwidth Sync="TRUE">10</attwidth><atprecis Sync="TRUE">0</atprecis><attscale Sync="TRUE">0</attscale></attr><attr><attrlabl Sync="TRUE">T_APRO</attrlabl><attalias Sync="TRUE">T_APRO</attalias><attrtype Sync="TRUE">Integer</attrtype><attwidth Sync="TRUE">5</attwidth><atprecis Sync="TRUE">5</atprecis><attscale Sync="TRUE">0</attscale></attr><attr><attrlabl Sync="TRUE">NOMBRE</attrlabl><attalias Sync="TRUE">NOMBRE</attalias><attrtype Sync="TRUE">String</attrtype><attwidth Sync="TRUE">100</attwidth><atprecis Sync="TRUE">0</atprecis><attscale Sync="TRUE">0</attscale></attr><attr><attrlabl Sync="TRUE">DESCRIP</attrlabl><attalias Sync="TRUE">DESCRIP</attalias><attrtype Sync="TRUE">String</attrtype><attwidth Sync="TRUE">254</attwidth><atprecis Sync="TRUE">0</atprecis><attscale Sync="TRUE">0</attscale></attr><attr><attrlabl Sync="TRUE">OBSERV</attrlabl><attalias Sync="TRUE">OBSERV</attalias><attrtype Sync="TRUE">String</attrtype><attwidth Sync="TRUE">254</attwidth><atprecis Sync="TRUE">0</atprecis><attscale Sync="TRUE">0</attscale></attr><attr><attrlabl Sync="TRUE">AREA_HA</attrlabl><attalias Sync="TRUE">AREA_HA</attalias><attrtype Sync="TRUE">Double</attrtype><attwidth Sync="TRUE">19</attwidth><atprecis Sync="TRUE">0</atprecis><attscale Sync="TRUE">0</attscale></attr><attr><attrlabl Sync="TRUE">Shape_Leng</attrlabl><attalias Sync="TRUE">Shape_Leng</attalias><attrtype Sync="TRUE">Double</attrtype><attwidth Sync="TRUE">19</attwidth><atprecis Sync="TRUE">0</atprecis><attscale Sync="TRUE">0</attscale></attr><attr><attrlabl Sync="TRUE">Shape_Area</attrlabl><attalias Sync="TRUE">Shape_Area</attalias><attrtype Sync="TRUE">Double</attrtype><attwidth Sync="TRUE">19</attwidth><atprecis Sync="TRUE">0</atprecis><attscale Sync="TRUE">0</attscale><attrdef Sync="TRUE">Area of feature in internal units squared.</attrdef><attrdefs Sync="TRUE">Esri</attrdefs><attrdomv><udom Sync="TRUE">Positive real numbers that are automatically generated.</udom></attrdomv></attr></detailed></eainfo><mdDateSt Sync="TRUE">20200702</mdDateSt></metadata>
