<metadata xml:lang="es"><Esri><CreaDate>20160205</CreaDate><CreaTime>15382700</CreaTime><ArcGISFormat>1.0</ArcGISFormat><SyncOnce>FALSE</SyncOnce><DataProperties><lineage><Process ToolSource="c:\program files (x86)\arcgis\desktop10.2\ArcToolbox\Toolboxes\Data Management Tools.tbx\CalculateField" Date="20150805" Time="175603">CalculateField OtraCompensacion ID_OT_COMP "[EXPEDIENTE]&amp;"_"&amp; [ID_OT_COMP]" VB #</Process><Process ToolSource="c:\program files (x86)\arcgis\desktop10.2\ArcToolbox\Toolboxes\Conversion Tools.tbx\FeatureClassToFeatureClass" Date="20150805" Time="192540">FeatureClassToFeatureClass E:\COMPENSACION\GDB\INVERSION1%_COMPENSACION.gdb\COMPENSACIONES\OtraCompensacion E:\COMPENSACION\GDB\INVERSION1%_COMPENSACION.gdb\COMPENSACIONES OtraCompensacionF # "EXPEDIENTE "EXPEDIENTE" true true false 20 Text 0 0 ,First,#,E:\COMPENSACION\GDB\INVERSION1%_COMPENSACION.gdb\COMPENSACIONES\OtraCompensacion,EXPEDIENTE,-1,-1;OPERADOR "OPERADOR" true true false 100 Text 0 0 ,First,#,E:\COMPENSACION\GDB\INVERSION1%_COMPENSACION.gdb\COMPENSACIONES\OtraCompensacion,OPERADOR,-1,-1;PROYECTO "PROYECTO" true true false 200 Text 0 0 ,First,#,E:\COMPENSACION\GDB\INVERSION1%_COMPENSACION.gdb\COMPENSACIONES\OtraCompensacion,PROYECTO,-1,-1;SECTOR "SECTOR" true true false 10 Text 0 0 ,First,#,E:\COMPENSACION\GDB\INVERSION1%_COMPENSACION.gdb\COMPENSACIONES\OtraCompensacion,SECTOR,-1,-1;CAR "CAR" true true false 10 Text 0 0 ,First,#,E:\COMPENSACION\GDB\INVERSION1%_COMPENSACION.gdb\COMPENSACIONES\OtraCompensacion,CAR,-1,-1;NO_ACTOAD "NO_ACTO_ADMIN" true true false 2 Short 0 0 ,First,#,E:\COMPENSACION\GDB\INVERSION1%_COMPENSACION.gdb\COMPENSACIONES\OtraCompensacion,NO_ACTOAD,-1,-1;FE_ACTOAD "FEC_ACTO_ADMIN" true true false 8 Date 0 0 ,First,#,E:\COMPENSACION\GDB\INVERSION1%_COMPENSACION.gdb\COMPENSACIONES\OtraCompensacion,FE_ACTOAD,-1,-1;T_ACTO_OBL "T_ACTO_OBL" true true false 10 Text 0 0 ,First,#,E:\COMPENSACION\GDB\INVERSION1%_COMPENSACION.gdb\COMPENSACIONES\OtraCompensacion,T_ACTO_OBL,-1,-1;RES_OBL "RES_OBL" true true false 2 Short 0 0 ,First,#,E:\COMPENSACION\GDB\INVERSION1%_COMPENSACION.gdb\COMPENSACIONES\OtraCompensacion,RES_OBL,-1,-1;FE_OBL "FE_OBL" true true false 8 Date 0 0 ,First,#,E:\COMPENSACION\GDB\INVERSION1%_COMPENSACION.gdb\COMPENSACIONES\OtraCompensacion,FE_OBL,-1,-1;ID_OT_COMP "ID_OTR_COMP" true true false 20 Text 0 0 ,First,#,E:\COMPENSACION\GDB\INVERSION1%_COMPENSACION.gdb\COMPENSACIONES\OtraCompensacion,ID_OT_COMP,-1,-1;OT_COMP_NN "OTRAS_COMP_NN" true true false 10 Text 0 0 ,First,#,E:\COMPENSACION\GDB\INVERSION1%_COMPENSACION.gdb\COMPENSACIONES\OtraCompensacion,OT_COMP_NN,-1,-1;OT_NN "OT_NN" true true false 150 Text 0 0 ,First,#,E:\COMPENSACION\GDB\INVERSION1%_COMPENSACION.gdb\COMPENSACIONES\OtraCompensacion,OT_NN,-1,-1;ACT_ASOC "ACT_ASOC" true true false 10 Text 0 0 ,First,#,E:\COMPENSACION\GDB\INVERSION1%_COMPENSACION.gdb\COMPENSACIONES\OtraCompensacion,ACT_ASOC,-1,-1;OTRAS_ACTI "OTRAS_ACTI" true true false 150 Text 0 0 ,First,#,E:\COMPENSACION\GDB\INVERSION1%_COMPENSACION.gdb\COMPENSACIONES\OtraCompensacion,OTRAS_ACTI,-1,-1;ETAPA_PRO "ETAPA_PRO" true true false 8 Double 0 0 ,First,#,E:\COMPENSACION\GDB\INVERSION1%_COMPENSACION.gdb\COMPENSACIONES\OtraCompensacion,ETAPA_PRO,-1,-1;COMPET "COMPETENCIA" true true false 10 Text 0 0 ,First,#,E:\COMPENSACION\GDB\INVERSION1%_COMPENSACION.gdb\COMPENSACIONES\OtraCompensacion,COMPET,-1,-1;SUST_TIPO "SUST_TIPO" true true false 10 Text 0 0 ,First,#,E:\COMPENSACION\GDB\INVERSION1%_COMPENSACION.gdb\COMPENSACIONES\OtraCompensacion,SUST_TIPO,-1,-1;VOLUMEN "VOLUMEN" true true false 8 Double 0 0 ,First,#,E:\COMPENSACION\GDB\INVERSION1%_COMPENSACION.gdb\COMPENSACIONES\OtraCompensacion,VOLUMEN,-1,-1;AREA_COMP "AREA_COMP" true true false 8 Double 0 0 ,First,#,E:\COMPENSACION\GDB\INVERSION1%_COMPENSACION.gdb\COMPENSACIONES\OtraCompensacion,AREA_COMP,-1,-1;ETAPA_ACT "ETAPA_ACT" true true false 8 Double 0 0 ,First,#,E:\COMPENSACION\GDB\INVERSION1%_COMPENSACION.gdb\COMPENSACIONES\OtraCompensacion,ETAPA_ACT,-1,-1;FECHA_INI "FECHA_INI" true true false 8 Date 0 0 ,First,#,E:\COMPENSACION\GDB\INVERSION1%_COMPENSACION.gdb\COMPENSACIONES\OtraCompensacion,FECHA_INI,-1,-1;FECHA_TER "FECHA_TER" true true false 8 Date 0 0 ,First,#,E:\COMPENSACION\GDB\INVERSION1%_COMPENSACION.gdb\COMPENSACIONES\OtraCompensacion,FECHA_TER,-1,-1;FECHA_PRES "FECHA_PRES" true true false 8 Date 0 0 ,First,#,E:\COMPENSACION\GDB\INVERSION1%_COMPENSACION.gdb\COMPENSACIONES\OtraCompensacion,FECHA_PRES,-1,-1;OBSER_COMP "OBSER_COMP" true true false 255 Text 0 0 ,First,#,E:\COMPENSACION\GDB\INVERSION1%_COMPENSACION.gdb\COMPENSACIONES\OtraCompensacion,OBSER_COMP,-1,-1;AREA_TOT "AREA_TOT" true true false 8 Double 0 0 ,First,#,E:\COMPENSACION\GDB\INVERSION1%_COMPENSACION.gdb\COMPENSACIONES\OtraCompensacion,AREA_TOT,-1,-1" #</Process><Process ToolSource="c:\program files (x86)\arcgis\desktop10.2\ArcToolbox\Toolboxes\Conversion Tools.tbx\FeatureClassToFeatureClass" Date="20150805" Time="194842">FeatureClassToFeatureClass E:\COMPENSACION\GDB\INVERSION1%_COMPENSACION.gdb\COMPENSACIONES\OtraCompensacion E:\COMPENSACION\GDB\INVERSION1%_COMPENSACION.gdb\COMPENSACIONES OtraCompensacion0 # "EXPEDIENTE "EXPEDIENTE" true true false 20 Text 0 0 ,First,#,E:\COMPENSACION\GDB\INVERSION1%_COMPENSACION.gdb\COMPENSACIONES\OtraCompensacion,EXPEDIENTE,-1,-1;OPERADOR "OPERADOR" true true false 100 Text 0 0 ,First,#,E:\COMPENSACION\GDB\INVERSION1%_COMPENSACION.gdb\COMPENSACIONES\OtraCompensacion,OPERADOR,-1,-1;PROYECTO "PROYECTO" true true false 200 Text 0 0 ,First,#,E:\COMPENSACION\GDB\INVERSION1%_COMPENSACION.gdb\COMPENSACIONES\OtraCompensacion,PROYECTO,-1,-1;SECTOR "SECTOR" true true false 10 Text 0 0 ,First,#,E:\COMPENSACION\GDB\INVERSION1%_COMPENSACION.gdb\COMPENSACIONES\OtraCompensacion,SECTOR,-1,-1;CAR "CAR" true true false 10 Text 0 0 ,First,#,E:\COMPENSACION\GDB\INVERSION1%_COMPENSACION.gdb\COMPENSACIONES\OtraCompensacion,CAR,-1,-1;NO_ACTOAD "NO_ACTO_ADMIN" true true false 2 Short 0 0 ,First,#,E:\COMPENSACION\GDB\INVERSION1%_COMPENSACION.gdb\COMPENSACIONES\OtraCompensacion,NO_ACTOAD,-1,-1;FE_ACTOAD "FEC_ACTO_ADMIN" true true false 8 Date 0 0 ,First,#,E:\COMPENSACION\GDB\INVERSION1%_COMPENSACION.gdb\COMPENSACIONES\OtraCompensacion,FE_ACTOAD,-1,-1;T_ACTO_OBL "T_ACTO_OBL" true true false 10 Text 0 0 ,First,#,E:\COMPENSACION\GDB\INVERSION1%_COMPENSACION.gdb\COMPENSACIONES\OtraCompensacion,T_ACTO_OBL,-1,-1;RES_OBL "RES_OBL" true true false 2 Short 0 0 ,First,#,E:\COMPENSACION\GDB\INVERSION1%_COMPENSACION.gdb\COMPENSACIONES\OtraCompensacion,RES_OBL,-1,-1;FE_OBL "FE_OBL" true true false 8 Date 0 0 ,First,#,E:\COMPENSACION\GDB\INVERSION1%_COMPENSACION.gdb\COMPENSACIONES\OtraCompensacion,FE_OBL,-1,-1;ID_OT_COMP "ID_OTR_COMP" true true false 20 Text 0 0 ,First,#,E:\COMPENSACION\GDB\INVERSION1%_COMPENSACION.gdb\COMPENSACIONES\OtraCompensacion,ID_OT_COMP,-1,-1;OT_COMP_NN "OTRAS_COMP_NN" true true false 10 Text 0 0 ,First,#,E:\COMPENSACION\GDB\INVERSION1%_COMPENSACION.gdb\COMPENSACIONES\OtraCompensacion,OT_COMP_NN,-1,-1;OT_NN "OT_NN" true true false 150 Text 0 0 ,First,#,E:\COMPENSACION\GDB\INVERSION1%_COMPENSACION.gdb\COMPENSACIONES\OtraCompensacion,OT_NN,-1,-1;ACT_ASOC "ACT_ASOC" true true false 10 Text 0 0 ,First,#,E:\COMPENSACION\GDB\INVERSION1%_COMPENSACION.gdb\COMPENSACIONES\OtraCompensacion,ACT_ASOC,-1,-1;OTRAS_ACTI "OTRAS_ACTI" true true false 150 Text 0 0 ,First,#,E:\COMPENSACION\GDB\INVERSION1%_COMPENSACION.gdb\COMPENSACIONES\OtraCompensacion,OTRAS_ACTI,-1,-1;ACTIVIDAD "ACTIVIDAD" true true false 10 Text 0 0 ,First,#,E:\COMPENSACION\GDB\INVERSION1%_COMPENSACION.gdb\COMPENSACIONES\OtraCompensacion,ACTIVIDAD,-1,-1;OTRA_ACT "OTRA_ACT" true true false 255 Text 0 0 ,First,#,E:\COMPENSACION\GDB\INVERSION1%_COMPENSACION.gdb\COMPENSACIONES\OtraCompensacion,OTRA_ACT,-1,-1;ETAPA_PRO "ETAPA_PRO" true true false 8 Double 0 0 ,First,#,E:\COMPENSACION\GDB\INVERSION1%_COMPENSACION.gdb\COMPENSACIONES\OtraCompensacion,ETAPA_PRO,-1,-1;COMPET "COMPETENCIA" true true false 10 Text 0 0 ,First,#,E:\COMPENSACION\GDB\INVERSION1%_COMPENSACION.gdb\COMPENSACIONES\OtraCompensacion,COMPET,-1,-1;SUST_TIPO "SUST_TIPO" true true false 10 Text 0 0 ,First,#,E:\COMPENSACION\GDB\INVERSION1%_COMPENSACION.gdb\COMPENSACIONES\OtraCompensacion,SUST_TIPO,-1,-1;VOLUMEN "VOLUMEN" true true false 8 Double 0 0 ,First,#,E:\COMPENSACION\GDB\INVERSION1%_COMPENSACION.gdb\COMPENSACIONES\OtraCompensacion,VOLUMEN,-1,-1;AREA_COMP "AREA_COMP" true true false 8 Double 0 0 ,First,#,E:\COMPENSACION\GDB\INVERSION1%_COMPENSACION.gdb\COMPENSACIONES\OtraCompensacion,AREA_COMP,-1,-1;ETAPA_ACT "ETAPA_ACT" true true false 8 Double 0 0 ,First,#,E:\COMPENSACION\GDB\INVERSION1%_COMPENSACION.gdb\COMPENSACIONES\OtraCompensacion,ETAPA_ACT,-1,-1;FECHA_INI "FECHA_INI" true true false 8 Date 0 0 ,First,#,E:\COMPENSACION\GDB\INVERSION1%_COMPENSACION.gdb\COMPENSACIONES\OtraCompensacion,FECHA_INI,-1,-1;FECHA_TER "FECHA_TER" true true false 8 Date 0 0 ,First,#,E:\COMPENSACION\GDB\INVERSION1%_COMPENSACION.gdb\COMPENSACIONES\OtraCompensacion,FECHA_TER,-1,-1;FECHA_PRES "FECHA_PRES" true true false 8 Date 0 0 ,First,#,E:\COMPENSACION\GDB\INVERSION1%_COMPENSACION.gdb\COMPENSACIONES\OtraCompensacion,FECHA_PRES,-1,-1;OBSER_COMP "OBSER_COMP" true true false 255 Text 0 0 ,First,#,E:\COMPENSACION\GDB\INVERSION1%_COMPENSACION.gdb\COMPENSACIONES\OtraCompensacion,OBSER_COMP,-1,-1;AREA_TOT "AREA_TOT" true true false 8 Double 0 0 ,First,#,E:\COMPENSACION\GDB\INVERSION1%_COMPENSACION.gdb\COMPENSACIONES\OtraCompensacion,AREA_TOT,-1,-1" #</Process><Process ToolSource="c:\program files (x86)\arcgis\desktop10.2\ArcToolbox\Toolboxes\Data Management Tools.tbx\Rename" Date="20150805" Time="194843">Rename E:\COMPENSACION\GDB\INVERSION1%_COMPENSACION.gdb\COMPENSACIONES\OtraCompensacion0 E:\COMPENSACION\GDB\INVERSION1%_COMPENSACION.gdb\COMPENSACIONES\OtraCompensacion FeatureClass</Process><Process ToolSource="c:\program files (x86)\arcgis\desktop10.2\ArcToolbox\Toolboxes\Conversion Tools.tbx\FeatureClassToFeatureClass" Date="20150811" Time="142500">FeatureClassToFeatureClass E:\COMPENSACION\GDB\INVERSION1%_COMPENSACION.gdb\COMPENSACIONES\OtraCompensacion E:\COMPENSACION\GDB\INVERSION1%_COMPENSACION.gdb\COMPENSACIONES OtraCompensacion0 # "EXPEDIENTE "EXPEDIENTE" true true false 20 Text 0 0 ,First,#,E:\COMPENSACION\GDB\INVERSION1%_COMPENSACION.gdb\COMPENSACIONES\OtraCompensacion,EXPEDIENTE,-1,-1;OPERADOR "OPERADOR" true true false 100 Text 0 0 ,First,#,E:\COMPENSACION\GDB\INVERSION1%_COMPENSACION.gdb\COMPENSACIONES\OtraCompensacion,OPERADOR,-1,-1;PROYECTO "PROYECTO" true true false 200 Text 0 0 ,First,#,E:\COMPENSACION\GDB\INVERSION1%_COMPENSACION.gdb\COMPENSACIONES\OtraCompensacion,PROYECTO,-1,-1;SECTOR "SECTOR" true true false 10 Text 0 0 ,First,#,E:\COMPENSACION\GDB\INVERSION1%_COMPENSACION.gdb\COMPENSACIONES\OtraCompensacion,SECTOR,-1,-1;CAR "CAR" true true false 10 Text 0 0 ,First,#,E:\COMPENSACION\GDB\INVERSION1%_COMPENSACION.gdb\COMPENSACIONES\OtraCompensacion,CAR,-1,-1;NO_ACTOAD "NO_ACTO_ADMIN" true true false 2 Short 0 0 ,First,#,E:\COMPENSACION\GDB\INVERSION1%_COMPENSACION.gdb\COMPENSACIONES\OtraCompensacion,NO_ACTOAD,-1,-1;FE_ACTOAD "FEC_ACTO_ADMIN" true true false 8 Date 0 0 ,First,#,E:\COMPENSACION\GDB\INVERSION1%_COMPENSACION.gdb\COMPENSACIONES\OtraCompensacion,FE_ACTOAD,-1,-1;T_ACTO_OBL "T_ACTO_OBL" true true false 10 Text 0 0 ,First,#,E:\COMPENSACION\GDB\INVERSION1%_COMPENSACION.gdb\COMPENSACIONES\OtraCompensacion,T_ACTO_OBL,-1,-1;RES_OBL "RES_OBL" true true false 2 Short 0 0 ,First,#,E:\COMPENSACION\GDB\INVERSION1%_COMPENSACION.gdb\COMPENSACIONES\OtraCompensacion,RES_OBL,-1,-1;FE_OBL "FE_OBL" true true false 8 Date 0 0 ,First,#,E:\COMPENSACION\GDB\INVERSION1%_COMPENSACION.gdb\COMPENSACIONES\OtraCompensacion,FE_OBL,-1,-1;ID_OT_COMP "ID_OTR_COMP" true true false 20 Text 0 0 ,First,#,E:\COMPENSACION\GDB\INVERSION1%_COMPENSACION.gdb\COMPENSACIONES\OtraCompensacion,ID_OT_COMP,-1,-1;OT_COMP_NN "OTRAS_COMP_NN" true true false 10 Text 0 0 ,First,#,E:\COMPENSACION\GDB\INVERSION1%_COMPENSACION.gdb\COMPENSACIONES\OtraCompensacion,OT_COMP_NN,-1,-1;OT_NN "OT_NN" true true false 150 Text 0 0 ,First,#,E:\COMPENSACION\GDB\INVERSION1%_COMPENSACION.gdb\COMPENSACIONES\OtraCompensacion,OT_NN,-1,-1;ACT_ASOC "ACT_ASOC" true true false 10 Text 0 0 ,First,#,E:\COMPENSACION\GDB\INVERSION1%_COMPENSACION.gdb\COMPENSACIONES\OtraCompensacion,ACT_ASOC,-1,-1;OTRAS_ACTI "OTRAS_ACTI" true true false 150 Text 0 0 ,First,#,E:\COMPENSACION\GDB\INVERSION1%_COMPENSACION.gdb\COMPENSACIONES\OtraCompensacion,OTRAS_ACTI,-1,-1;AFECT "AFECT" true true false 8 Double 0 0 ,First,#,E:\COMPENSACION\GDB\INVERSION1%_COMPENSACION.gdb\COMPENSACIONES\OtraCompensacion,AFECT,-1,-1;ACTIVIDAD "ACTIVIDAD" true true false 10 Text 0 0 ,First,#,E:\COMPENSACION\GDB\INVERSION1%_COMPENSACION.gdb\COMPENSACIONES\OtraCompensacion,ACTIVIDAD,-1,-1;OTRA_ACT "OTRA_ACT" true true false 255 Text 0 0 ,First,#,E:\COMPENSACION\GDB\INVERSION1%_COMPENSACION.gdb\COMPENSACIONES\OtraCompensacion,OTRA_ACT,-1,-1;ETAPA_PRO "ETAPA_PRO" true true false 8 Double 0 0 ,First,#,E:\COMPENSACION\GDB\INVERSION1%_COMPENSACION.gdb\COMPENSACIONES\OtraCompensacion,ETAPA_PRO,-1,-1;COMPET "COMPETENCIA" true true false 10 Text 0 0 ,First,#,E:\COMPENSACION\GDB\INVERSION1%_COMPENSACION.gdb\COMPENSACIONES\OtraCompensacion,COMPET,-1,-1;SUST_TIPO "SUST_TIPO" true true false 10 Text 0 0 ,First,#,E:\COMPENSACION\GDB\INVERSION1%_COMPENSACION.gdb\COMPENSACIONES\OtraCompensacion,SUST_TIPO,-1,-1;VOLUMEN "VOLUMEN" true true false 8 Double 0 0 ,First,#,E:\COMPENSACION\GDB\INVERSION1%_COMPENSACION.gdb\COMPENSACIONES\OtraCompensacion,VOLUMEN,-1,-1;AREA_COMP "AREA_COMP" true true false 8 Double 0 0 ,First,#,E:\COMPENSACION\GDB\INVERSION1%_COMPENSACION.gdb\COMPENSACIONES\OtraCompensacion,AREA_COMP,-1,-1;ETAPA_ACT "ETAPA_ACT" true true false 8 Double 0 0 ,First,#,E:\COMPENSACION\GDB\INVERSION1%_COMPENSACION.gdb\COMPENSACIONES\OtraCompensacion,ETAPA_ACT,-1,-1;FECHA_INI "FECHA_INI" true true false 8 Date 0 0 ,First,#,E:\COMPENSACION\GDB\INVERSION1%_COMPENSACION.gdb\COMPENSACIONES\OtraCompensacion,FECHA_INI,-1,-1;FECHA_TER "FECHA_TER" true true false 8 Date 0 0 ,First,#,E:\COMPENSACION\GDB\INVERSION1%_COMPENSACION.gdb\COMPENSACIONES\OtraCompensacion,FECHA_TER,-1,-1;FECHA_PRES "FECHA_PRES" true true false 8 Date 0 0 ,First,#,E:\COMPENSACION\GDB\INVERSION1%_COMPENSACION.gdb\COMPENSACIONES\OtraCompensacion,FECHA_PRES,-1,-1;OBSER_COMP "OBSER_COMP" true true false 255 Text 0 0 ,First,#,E:\COMPENSACION\GDB\INVERSION1%_COMPENSACION.gdb\COMPENSACIONES\OtraCompensacion,OBSER_COMP,-1,-1;AREA_TOT "AREA_TOT" true true false 8 Double 0 0 ,First,#,E:\COMPENSACION\GDB\INVERSION1%_COMPENSACION.gdb\COMPENSACIONES\OtraCompensacion,AREA_TOT,-1,-1" #</Process><Process ToolSource="c:\program files (x86)\arcgis\desktop10.2\ArcToolbox\Toolboxes\Data Management Tools.tbx\Rename" Date="20150811" Time="142502">Rename E:\COMPENSACION\GDB\INVERSION1%_COMPENSACION.gdb\COMPENSACIONES\OtraCompensacion0 E:\COMPENSACION\GDB\INVERSION1%_COMPENSACION.gdb\COMPENSACIONES\OtraCompensacion FeatureClass</Process><Process ToolSource="c:\program files (x86)\arcgis\desktop10.2\ArcToolbox\Toolboxes\Conversion Tools.tbx\FeatureClassToFeatureClass" Date="20151201" Time="121249">FeatureClassToFeatureClass E:\GEOMATICA\Modelo\GDB_ANLA-25nov15.gdb\T_34_COMPENSACION\OtraCompensacion E:\GEOMATICA\Modelo\GDB_ANLA-25nov15.gdb\T_34_COMPENSACION OtraCompensacion0 # "EXPEDIENTE "EXPEDIENTE" true true false 20 Text 0 0 ,First,#,E:\GEOMATICA\Modelo\GDB_ANLA-25nov15.gdb\T_34_COMPENSACION\OtraCompensacion,EXPEDIENTE,-1,-1;OPERADOR "OPERADOR" true true false 100 Text 0 0 ,First,#,E:\GEOMATICA\Modelo\GDB_ANLA-25nov15.gdb\T_34_COMPENSACION\OtraCompensacion,OPERADOR,-1,-1;PROYECTO "PROYECTO" true true false 200 Text 0 0 ,First,#,E:\GEOMATICA\Modelo\GDB_ANLA-25nov15.gdb\T_34_COMPENSACION\OtraCompensacion,PROYECTO,-1,-1;NO_ACTOAD "NO_ACTO_ADMIN" true true false 2 Short 0 0 ,First,#,E:\GEOMATICA\Modelo\GDB_ANLA-25nov15.gdb\T_34_COMPENSACION\OtraCompensacion,NO_ACTOAD,-1,-1;FE_ACTOAD "FEC_ACTO_ADMIN" true true false 8 Date 0 0 ,First,#,E:\GEOMATICA\Modelo\GDB_ANLA-25nov15.gdb\T_34_COMPENSACION\OtraCompensacion,FE_ACTOAD,-1,-1;T_ACTO_OBL "T_ACTO_OBL" true true false 8 Double 0 0 ,First,#,E:\GEOMATICA\Modelo\GDB_ANLA-25nov15.gdb\T_34_COMPENSACION\OtraCompensacion,T_ACTO_OBL,-1,-1;RES_OBL "RES_OBL" true true false 2 Short 0 0 ,First,#,E:\GEOMATICA\Modelo\GDB_ANLA-25nov15.gdb\T_34_COMPENSACION\OtraCompensacion,RES_OBL,-1,-1;FE_OBL "FE_OBL" true true false 8 Date 0 0 ,First,#,E:\GEOMATICA\Modelo\GDB_ANLA-25nov15.gdb\T_34_COMPENSACION\OtraCompensacion,FE_OBL,-1,-1;ID_OT_COMP "ID_OTR_COMP" true true false 20 Text 0 0 ,First,#,E:\GEOMATICA\Modelo\GDB_ANLA-25nov15.gdb\T_34_COMPENSACION\OtraCompensacion,ID_OT_COMP,-1,-1;ACT_ASOC "ACT_ASOC" true true false 8 Double 0 0 ,First,#,E:\GEOMATICA\Modelo\GDB_ANLA-25nov15.gdb\T_34_COMPENSACION\OtraCompensacion,ACT_ASOC,-1,-1;OT_COMP_NN "OTRAS_COMP_NN" true true false 8 Double 0 0 ,First,#,E:\GEOMATICA\Modelo\GDB_ANLA-25nov15.gdb\T_34_COMPENSACION\OtraCompensacion,OT_COMP_NN,-1,-1;OT_NN "OT_NN" true true false 150 Text 0 0 ,First,#,E:\GEOMATICA\Modelo\GDB_ANLA-25nov15.gdb\T_34_COMPENSACION\OtraCompensacion,OT_NN,-1,-1;ACTIVIDAD "ACTIVIDAD" true true false 8 Double 0 0 ,First,#,E:\GEOMATICA\Modelo\GDB_ANLA-25nov15.gdb\T_34_COMPENSACION\OtraCompensacion,ACTIVIDAD,-1,-1;OTRA_ACT "OTRA_ACT" true true false 255 Text 0 0 ,First,#,E:\GEOMATICA\Modelo\GDB_ANLA-25nov15.gdb\T_34_COMPENSACION\OtraCompensacion,OTRA_ACT,-1,-1;COMPET "COMPETENCIA" true true false 8 Double 0 0 ,First,#,E:\GEOMATICA\Modelo\GDB_ANLA-25nov15.gdb\T_34_COMPENSACION\OtraCompensacion,COMPET,-1,-1;SUST_TIPO "SUST_TIPO" true true false 8 Double 0 0 ,First,#,E:\GEOMATICA\Modelo\GDB_ANLA-25nov15.gdb\T_34_COMPENSACION\OtraCompensacion,SUST_TIPO,-1,-1;VOLUMEN "VOLUMEN" true true false 8 Double 0 0 ,First,#,E:\GEOMATICA\Modelo\GDB_ANLA-25nov15.gdb\T_34_COMPENSACION\OtraCompensacion,VOLUMEN,-1,-1;AREA_COMP "AREA_COMP" true true false 8 Double 0 0 ,First,#,E:\GEOMATICA\Modelo\GDB_ANLA-25nov15.gdb\T_34_COMPENSACION\OtraCompensacion,AREA_COMP,-1,-1;PREC_SUELO "PREC_SUELO" true true false 8 Double 0 0 ,First,#,E:\GEOMATICA\Modelo\GDB_ANLA-25nov15.gdb\T_34_COMPENSACION\OtraCompensacion,PREC_SUELO,-1,-1;FECHA_INI "FECHA_INI" true true false 8 Date 0 0 ,First,#,E:\GEOMATICA\Modelo\GDB_ANLA-25nov15.gdb\T_34_COMPENSACION\OtraCompensacion,FECHA_INI,-1,-1;FECHA_TER "FECHA_TER" true true false 8 Date 0 0 ,First,#,E:\GEOMATICA\Modelo\GDB_ANLA-25nov15.gdb\T_34_COMPENSACION\OtraCompensacion,FECHA_TER,-1,-1;OBSER_COMP "OBSER_COMP" true true false 255 Text 0 0 ,First,#,E:\GEOMATICA\Modelo\GDB_ANLA-25nov15.gdb\T_34_COMPENSACION\OtraCompensacion,OBSER_COMP,-1,-1;AREA_TOT "AREA_TOT" true true false 8 Double 0 0 ,First,#,E:\GEOMATICA\Modelo\GDB_ANLA-25nov15.gdb\T_34_COMPENSACION\OtraCompensacion,AREA_TOT,-1,-1" #</Process><Process ToolSource="c:\program files (x86)\arcgis\desktop10.2\ArcToolbox\Toolboxes\Data Management Tools.tbx\Rename" Date="20151201" Time="121251">Rename E:\GEOMATICA\Modelo\GDB_ANLA-25nov15.gdb\T_34_COMPENSACION\OtraCompensacion0 E:\GEOMATICA\Modelo\GDB_ANLA-25nov15.gdb\T_34_COMPENSACION\OtraCompensacion FeatureClass</Process><Process ToolSource="c:\program files (x86)\arcgis\desktop10.3\ArcToolbox\Toolboxes\Conversion Tools.tbx\FeatureClassToFeatureClass" Date="20160531" Time="120601">FeatureClassToFeatureClass "D:\ngonzalez\Desktop\Skydrive\SkyDrive Pro\MODELO DATOS\FINALES\GDB_ANLA_MCB.gdb\T_34_COMPENSACION\OtraCompensacion" "D:\ngonzalez\Desktop\Skydrive\SkyDrive Pro\MODELO DATOS\FINALES\GDB_ANLA_MCB.gdb\T_34_COMPENSACION" OtraCompensacion0 # "EXPEDIENTE "EXPEDIENTE" true true false 20 Text 0 0 ,First,#,D:\ngonzalez\Desktop\Skydrive\SkyDrive Pro\MODELO DATOS\FINALES\GDB_ANLA_MCB.gdb\T_34_COMPENSACION\OtraCompensacion,EXPEDIENTE,-1,-1;OPERADOR "OPERADOR" true true false 100 Text 0 0 ,First,#,D:\ngonzalez\Desktop\Skydrive\SkyDrive Pro\MODELO DATOS\FINALES\GDB_ANLA_MCB.gdb\T_34_COMPENSACION\OtraCompensacion,OPERADOR,-1,-1;PROYECTO "PROYECTO" true true false 200 Text 0 0 ,First,#,D:\ngonzalez\Desktop\Skydrive\SkyDrive Pro\MODELO DATOS\FINALES\GDB_ANLA_MCB.gdb\T_34_COMPENSACION\OtraCompensacion,PROYECTO,-1,-1;NO_ACTOAD "NO_ACTO_ADMIN" true true false 2 Short 0 0 ,First,#,D:\ngonzalez\Desktop\Skydrive\SkyDrive Pro\MODELO DATOS\FINALES\GDB_ANLA_MCB.gdb\T_34_COMPENSACION\OtraCompensacion,NO_ACTOAD,-1,-1;FE_ACTOAD "FEC_ACTO_ADMIN" true true false 8 Date 0 0 ,First,#,D:\ngonzalez\Desktop\Skydrive\SkyDrive Pro\MODELO DATOS\FINALES\GDB_ANLA_MCB.gdb\T_34_COMPENSACION\OtraCompensacion,FE_ACTOAD,-1,-1;T_ACTO_OBL "T_ACTO_OBL" true true false 8 Double 0 0 ,First,#,D:\ngonzalez\Desktop\Skydrive\SkyDrive Pro\MODELO DATOS\FINALES\GDB_ANLA_MCB.gdb\T_34_COMPENSACION\OtraCompensacion,T_ACTO_OBL,-1,-1;RES_OBL "RES_OBL" true true false 2 Short 0 0 ,First,#,D:\ngonzalez\Desktop\Skydrive\SkyDrive Pro\MODELO DATOS\FINALES\GDB_ANLA_MCB.gdb\T_34_COMPENSACION\OtraCompensacion,RES_OBL,-1,-1;FE_OBL "FE_OBL" true true false 8 Date 0 0 ,First,#,D:\ngonzalez\Desktop\Skydrive\SkyDrive Pro\MODELO DATOS\FINALES\GDB_ANLA_MCB.gdb\T_34_COMPENSACION\OtraCompensacion,FE_OBL,-1,-1;ID_OT_COMP "ID_OTR_COMP" true true false 20 Text 0 0 ,First,#,D:\ngonzalez\Desktop\Skydrive\SkyDrive Pro\MODELO DATOS\FINALES\GDB_ANLA_MCB.gdb\T_34_COMPENSACION\OtraCompensacion,ID_OT_COMP,-1,-1;ACT_ASOC "ACT_ASOC" true true false 8 Double 0 0 ,First,#,D:\ngonzalez\Desktop\Skydrive\SkyDrive Pro\MODELO DATOS\FINALES\GDB_ANLA_MCB.gdb\T_34_COMPENSACION\OtraCompensacion,ACT_ASOC,-1,-1;OT_COMP_NN "OTRAS_COMP_NN" true true false 8 Double 0 0 ,First,#,D:\ngonzalez\Desktop\Skydrive\SkyDrive Pro\MODELO DATOS\FINALES\GDB_ANLA_MCB.gdb\T_34_COMPENSACION\OtraCompensacion,OT_COMP_NN,-1,-1;OT_NN "OT_NN" true true false 150 Text 0 0 ,First,#,D:\ngonzalez\Desktop\Skydrive\SkyDrive Pro\MODELO DATOS\FINALES\GDB_ANLA_MCB.gdb\T_34_COMPENSACION\OtraCompensacion,OT_NN,-1,-1;ACTIVIDAD "ACTIVIDAD" true true false 8 Double 0 0 ,First,#,D:\ngonzalez\Desktop\Skydrive\SkyDrive Pro\MODELO DATOS\FINALES\GDB_ANLA_MCB.gdb\T_34_COMPENSACION\OtraCompensacion,ACTIVIDAD,-1,-1;OTRA_ACT "OTRA_ACT" true true false 255 Text 0 0 ,First,#,D:\ngonzalez\Desktop\Skydrive\SkyDrive Pro\MODELO DATOS\FINALES\GDB_ANLA_MCB.gdb\T_34_COMPENSACION\OtraCompensacion,OTRA_ACT,-1,-1;ESTADO "ESTADO" true true false 8 Double 0 0 ,First,#,D:\ngonzalez\Desktop\Skydrive\SkyDrive Pro\MODELO DATOS\FINALES\GDB_ANLA_MCB.gdb\T_34_COMPENSACION\OtraCompensacion,ESTADO,-1,-1;COMPET "COMPETENCIA" true true false 8 Double 0 0 ,First,#,D:\ngonzalez\Desktop\Skydrive\SkyDrive Pro\MODELO DATOS\FINALES\GDB_ANLA_MCB.gdb\T_34_COMPENSACION\OtraCompensacion,COMPET,-1,-1;SUST_TIPO "SUST_TIPO" true true false 8 Double 0 0 ,First,#,D:\ngonzalez\Desktop\Skydrive\SkyDrive Pro\MODELO DATOS\FINALES\GDB_ANLA_MCB.gdb\T_34_COMPENSACION\OtraCompensacion,SUST_TIPO,-1,-1;VOLUMEN "VOLUMEN" true true false 8 Double 0 0 ,First,#,D:\ngonzalez\Desktop\Skydrive\SkyDrive Pro\MODELO DATOS\FINALES\GDB_ANLA_MCB.gdb\T_34_COMPENSACION\OtraCompensacion,VOLUMEN,-1,-1;AREA_COMP "AREA_COMP" true true false 8 Double 0 0 ,First,#,D:\ngonzalez\Desktop\Skydrive\SkyDrive Pro\MODELO DATOS\FINALES\GDB_ANLA_MCB.gdb\T_34_COMPENSACION\OtraCompensacion,AREA_COMP,-1,-1;PREC_SUELO "PREC_SUELO" true true false 8 Double 0 0 ,First,#,D:\ngonzalez\Desktop\Skydrive\SkyDrive Pro\MODELO DATOS\FINALES\GDB_ANLA_MCB.gdb\T_34_COMPENSACION\OtraCompensacion,PREC_SUELO,-1,-1;FECHA_INI "FECHA_INI" true true false 8 Date 0 0 ,First,#,D:\ngonzalez\Desktop\Skydrive\SkyDrive Pro\MODELO DATOS\FINALES\GDB_ANLA_MCB.gdb\T_34_COMPENSACION\OtraCompensacion,FECHA_INI,-1,-1;FECHA_TER "FECHA_TER" true true false 8 Date 0 0 ,First,#,D:\ngonzalez\Desktop\Skydrive\SkyDrive Pro\MODELO DATOS\FINALES\GDB_ANLA_MCB.gdb\T_34_COMPENSACION\OtraCompensacion,FECHA_TER,-1,-1;OBSER_COMP "OBSER_COMP" true true false 255 Text 0 0 ,First,#,D:\ngonzalez\Desktop\Skydrive\SkyDrive Pro\MODELO DATOS\FINALES\GDB_ANLA_MCB.gdb\T_34_COMPENSACION\OtraCompensacion,OBSER_COMP,-1,-1;AREA_TOT "AREA_TOT" true true false 8 Double 0 0 ,First,#,D:\ngonzalez\Desktop\Skydrive\SkyDrive Pro\MODELO DATOS\FINALES\GDB_ANLA_MCB.gdb\T_34_COMPENSACION\OtraCompensacion,AREA_TOT,-1,-1" #</Process><Process ToolSource="c:\program files (x86)\arcgis\desktop10.3\ArcToolbox\Toolboxes\Data Management Tools.tbx\Rename" Date="20160531" Time="120607">Rename "D:\ngonzalez\Desktop\Skydrive\SkyDrive Pro\MODELO DATOS\FINALES\GDB_ANLA_MCB.gdb\T_34_COMPENSACION\OtraCompensacion0" "D:\ngonzalez\Desktop\Skydrive\SkyDrive Pro\MODELO DATOS\FINALES\GDB_ANLA_MCB.gdb\T_34_COMPENSACION\OtraCompensacion" FeatureClass</Process><Process ToolSource="c:\program files (x86)\arcgis\desktop10.4\ArcToolbox\Toolboxes\Conversion Tools.tbx\FeatureClassToFeatureClass" Date="20160713" Time="173749">FeatureClassToFeatureClass "D:\ngonzalez\Desktop\Skydrive\SkyDrive Pro\MODELO DATOS\FINALES\GDB_ANLA_MCB.gdb\T_34_COMPENSACION\OtraCompensacion" "D:\ngonzalez\Desktop\Skydrive\SkyDrive Pro\MODELO DATOS\FINALES\GDB_ANLA_MCB.gdb\T_34_COMPENSACION" OtraCompensacion0 # "EXPEDIENTE "EXPEDIENTE" true true false 20 Text 0 0 ,First,#,D:\ngonzalez\Desktop\Skydrive\SkyDrive Pro\MODELO DATOS\FINALES\GDB_ANLA_MCB.gdb\T_34_COMPENSACION\OtraCompensacion,EXPEDIENTE,-1,-1;OPERADOR "OPERADOR" true true false 100 Text 0 0 ,First,#,D:\ngonzalez\Desktop\Skydrive\SkyDrive Pro\MODELO DATOS\FINALES\GDB_ANLA_MCB.gdb\T_34_COMPENSACION\OtraCompensacion,OPERADOR,-1,-1;PROYECTO "PROYECTO" true true false 200 Text 0 0 ,First,#,D:\ngonzalez\Desktop\Skydrive\SkyDrive Pro\MODELO DATOS\FINALES\GDB_ANLA_MCB.gdb\T_34_COMPENSACION\OtraCompensacion,PROYECTO,-1,-1;ID_OT_COMP "ID_OTR_COMP" true true false 20 Text 0 0 ,First,#,D:\ngonzalez\Desktop\Skydrive\SkyDrive Pro\MODELO DATOS\FINALES\GDB_ANLA_MCB.gdb\T_34_COMPENSACION\OtraCompensacion,ID_OT_COMP,-1,-1;NO_ACTOAD "NO_ACTO_ADMIN" true true false 2 Short 0 0 ,First,#,D:\ngonzalez\Desktop\Skydrive\SkyDrive Pro\MODELO DATOS\FINALES\GDB_ANLA_MCB.gdb\T_34_COMPENSACION\OtraCompensacion,NO_ACTOAD,-1,-1;FE_ACTOAD "FEC_ACTO_ADMIN" true true false 8 Date 0 0 ,First,#,D:\ngonzalez\Desktop\Skydrive\SkyDrive Pro\MODELO DATOS\FINALES\GDB_ANLA_MCB.gdb\T_34_COMPENSACION\OtraCompensacion,FE_ACTOAD,-1,-1;T_ACTO_OBL "T_ACTO_OBL" true true false 8 Double 0 0 ,First,#,D:\ngonzalez\Desktop\Skydrive\SkyDrive Pro\MODELO DATOS\FINALES\GDB_ANLA_MCB.gdb\T_34_COMPENSACION\OtraCompensacion,T_ACTO_OBL,-1,-1;RES_OBL "RES_OBL" true true false 2 Short 0 0 ,First,#,D:\ngonzalez\Desktop\Skydrive\SkyDrive Pro\MODELO DATOS\FINALES\GDB_ANLA_MCB.gdb\T_34_COMPENSACION\OtraCompensacion,RES_OBL,-1,-1;FE_OBL "FE_OBL" true true false 8 Date 0 0 ,First,#,D:\ngonzalez\Desktop\Skydrive\SkyDrive Pro\MODELO DATOS\FINALES\GDB_ANLA_MCB.gdb\T_34_COMPENSACION\OtraCompensacion,FE_OBL,-1,-1;AREA_COMP "AREA_COMP" true true false 8 Double 0 0 ,First,#,D:\ngonzalez\Desktop\Skydrive\SkyDrive Pro\MODELO DATOS\FINALES\GDB_ANLA_MCB.gdb\T_34_COMPENSACION\OtraCompensacion,AREA_COMP,-1,-1;ACTIVIDAD "ACTIVIDAD" true true false 8 Double 0 0 ,First,#,D:\ngonzalez\Desktop\Skydrive\SkyDrive Pro\MODELO DATOS\FINALES\GDB_ANLA_MCB.gdb\T_34_COMPENSACION\OtraCompensacion,ACTIVIDAD,-1,-1;OTRA_ACT "OTRA_ACT" true true false 255 Text 0 0 ,First,#,D:\ngonzalez\Desktop\Skydrive\SkyDrive Pro\MODELO DATOS\FINALES\GDB_ANLA_MCB.gdb\T_34_COMPENSACION\OtraCompensacion,OTRA_ACT,-1,-1;DESCRIPCIO "DESCRIPCIO" true true false 255 Text 0 0 ,First,#,D:\ngonzalez\Desktop\Skydrive\SkyDrive Pro\MODELO DATOS\FINALES\GDB_ANLA_MCB.gdb\T_34_COMPENSACION\OtraCompensacion,DESCRIPCIO,-1,-1;AREA_PG_ha "AREA_TOT" true true false 8 Double 0 0 ,First,#,D:\ngonzalez\Desktop\Skydrive\SkyDrive Pro\MODELO DATOS\FINALES\GDB_ANLA_MCB.gdb\T_34_COMPENSACION\OtraCompensacion,AREA_PG_ha,-1,-1;ESTADO "ESTADO" true true false 8 Double 0 0 ,First,#,D:\ngonzalez\Desktop\Skydrive\SkyDrive Pro\MODELO DATOS\FINALES\GDB_ANLA_MCB.gdb\T_34_COMPENSACION\OtraCompensacion,ESTADO,-1,-1;FECHA_INI "FECHA_INI" true true false 8 Date 0 0 ,First,#,D:\ngonzalez\Desktop\Skydrive\SkyDrive Pro\MODELO DATOS\FINALES\GDB_ANLA_MCB.gdb\T_34_COMPENSACION\OtraCompensacion,FECHA_INI,-1,-1;FECHA_TER "FECHA_TER" true true false 8 Date 0 0 ,First,#,D:\ngonzalez\Desktop\Skydrive\SkyDrive Pro\MODELO DATOS\FINALES\GDB_ANLA_MCB.gdb\T_34_COMPENSACION\OtraCompensacion,FECHA_TER,-1,-1;OT_COMP_NN "OTRAS_COMP_NN" true true false 8 Double 0 0 ,First,#,D:\ngonzalez\Desktop\Skydrive\SkyDrive Pro\MODELO DATOS\FINALES\GDB_ANLA_MCB.gdb\T_34_COMPENSACION\OtraCompensacion,OT_COMP_NN,-1,-1;OT_NN "OT_NN" true true false 150 Text 0 0 ,First,#,D:\ngonzalez\Desktop\Skydrive\SkyDrive Pro\MODELO DATOS\FINALES\GDB_ANLA_MCB.gdb\T_34_COMPENSACION\OtraCompensacion,OT_NN,-1,-1;PREC_SUELO "PREC_SUELO" true true false 8 Double 0 0 ,First,#,D:\ngonzalez\Desktop\Skydrive\SkyDrive Pro\MODELO DATOS\FINALES\GDB_ANLA_MCB.gdb\T_34_COMPENSACION\OtraCompensacion,PREC_SUELO,-1,-1;VAL_E_COM "VAL_E_COM" true true false 8 Double 0 0 ,First,#,D:\ngonzalez\Desktop\Skydrive\SkyDrive Pro\MODELO DATOS\FINALES\GDB_ANLA_MCB.gdb\T_34_COMPENSACION\OtraCompensacion,VAL_E_COM,-1,-1;VALOR_ACT "VALOR_ACT" true true false 8 Double 0 0 ,First,#,D:\ngonzalez\Desktop\Skydrive\SkyDrive Pro\MODELO DATOS\FINALES\GDB_ANLA_MCB.gdb\T_34_COMPENSACION\OtraCompensacion,VALOR_ACT,-1,-1;OBSER_COMP "OBSER_COMP" true true false 255 Text 0 0 ,First,#,D:\ngonzalez\Desktop\Skydrive\SkyDrive Pro\MODELO DATOS\FINALES\GDB_ANLA_MCB.gdb\T_34_COMPENSACION\OtraCompensacion,OBSER_COMP,-1,-1" #</Process><Process ToolSource="c:\program files (x86)\arcgis\desktop10.4\ArcToolbox\Toolboxes\Data Management Tools.tbx\Rename" Date="20160713" Time="173751">Rename "D:\ngonzalez\Desktop\Skydrive\SkyDrive Pro\MODELO DATOS\FINALES\GDB_ANLA_MCB.gdb\T_34_COMPENSACION\OtraCompensacion0" "D:\ngonzalez\Desktop\Skydrive\SkyDrive Pro\MODELO DATOS\FINALES\GDB_ANLA_MCB.gdb\T_34_COMPENSACION\OtraCompensacion" FeatureClass</Process><Process ToolSource="c:\program files (x86)\arcgis\desktop10.5\ArcToolbox\Toolboxes\Data Management Tools.tbx\AlterField" Date="20181129" Time="173829">AlterField D:\fpena\Desktop\TMP\MAGNA_Origen_Este\GDB\BD_ANLA_3117.gdb\OtraCompensacion ID_OT_COMP # # TEXT 20 NON_NULLABLE true</Process><Process ToolSource="c:\program files (x86)\arcgis\desktop10.5\ArcToolbox\Toolboxes\Data Management Tools.tbx\AlterField" Date="20181129" Time="173831">AlterField D:\fpena\Desktop\TMP\MAGNA_Origen_Este\GDB\BD_ANLA_3117.gdb\OtraCompensacion NO_ACTOAD # # SHORT 2 NULLABLE true</Process><Process ToolSource="c:\program files (x86)\arcgis\desktop10.5\ArcToolbox\Toolboxes\Data Management Tools.tbx\AlterField" Date="20181129" Time="173834">AlterField D:\fpena\Desktop\TMP\MAGNA_Origen_Este\GDB\BD_ANLA_3117.gdb\OtraCompensacion FE_ACTOAD # # DATE 8 NULLABLE true</Process><Process ToolSource="c:\program files (x86)\arcgis\desktop10.5\ArcToolbox\Toolboxes\Data Management Tools.tbx\AlterField" Date="20181129" Time="173838">AlterField D:\fpena\Desktop\TMP\MAGNA_Origen_Este\GDB\BD_ANLA_3117.gdb\OtraCompensacion OT_COMP_NN # # DOUBLE 8 NON_NULLABLE true</Process><Process ToolSource="c:\program files (x86)\arcgis\desktop10.5\ArcToolbox\Toolboxes\Data Management Tools.tbx\CopyFeatures" Date="20181129" Time="205424">CopyFeatures D:\fpena\Desktop\TMP\BD_ANLA_3117.gdb\OtraCompensacion D:\fpena\Desktop\TMP\BD_ANLA_3117\T_34_COMPENSACION\OtraCompensacion.shp # 0 0 0</Process></lineage><itemProps><itemName Sync="TRUE">OtraCompensacion</itemName><imsContentType Sync="TRUE">002</imsContentType><itemLocation><linkage Sync="TRUE">file://\\FPENA\D$\fpena\Desktop\TMP\BD_ANLA_3117\T_34_COMPENSACION\OtraCompensacion.shp</linkage><protocol Sync="TRUE">Local Area Network</protocol></itemLocation><itemSize Sync="TRUE">0.000</itemSize></itemProps><coordRef><type Sync="TRUE">Projected</type><geogcsn Sync="TRUE">GCS_MAGNA</geogcsn><csUnits Sync="TRUE">Linear Unit: Meter (1.000000)</csUnits><peXml Sync="TRUE">&lt;ProjectedCoordinateSystem xsi:type='typens:ProjectedCoordinateSystem' xmlns:xsi='http://www.w3.org/2001/XMLSchema-instance' xmlns:xs='http://www.w3.org/2001/XMLSchema' xmlns:typens='http://www.esri.com/schemas/ArcGIS/10.5'&gt;&lt;WKT&gt;PROJCS[&amp;quot;MAGNA_Colombia_Este&amp;quot;,GEOGCS[&amp;quot;GCS_MAGNA&amp;quot;,DATUM[&amp;quot;D_MAGNA&amp;quot;,SPHEROID[&amp;quot;GRS_1980&amp;quot;,6378137.0,298.257222101]],PRIMEM[&amp;quot;Greenwich&amp;quot;,0.0],UNIT[&amp;quot;Degree&amp;quot;,0.0174532925199433]],PROJECTION[&amp;quot;Transverse_Mercator&amp;quot;],PARAMETER[&amp;quot;False_Easting&amp;quot;,1000000.0],PARAMETER[&amp;quot;False_Northing&amp;quot;,1000000.0],PARAMETER[&amp;quot;Central_Meridian&amp;quot;,-71.07750791666666],PARAMETER[&amp;quot;Scale_Factor&amp;quot;,1.0],PARAMETER[&amp;quot;Latitude_Of_Origin&amp;quot;,4.596200416666666],UNIT[&amp;quot;Meter&amp;quot;,1.0]],VERTCS[&amp;quot;WGS_1984&amp;quot;,DATUM[&amp;quot;D_WGS_1984&amp;quot;,SPHEROID[&amp;quot;WGS_1984&amp;quot;,6378137.0,298.257223563]],PARAMETER[&amp;quot;Vertical_Shift&amp;quot;,0.0],PARAMETER[&amp;quot;Direction&amp;quot;,1.0],UNIT[&amp;quot;Meter&amp;quot;,1.0]]&lt;/WKT&gt;&lt;XOrigin&gt;-4623200&lt;/XOrigin&gt;&lt;YOrigin&gt;-9510300&lt;/YOrigin&gt;&lt;XYScale&gt;450265407.00157917&lt;/XYScale&gt;&lt;ZOrigin&gt;-100000&lt;/ZOrigin&gt;&lt;ZScale&gt;10000&lt;/ZScale&gt;&lt;MOrigin&gt;-100000&lt;/MOrigin&gt;&lt;MScale&gt;10000&lt;/MScale&gt;&lt;XYTolerance&gt;0.001&lt;/XYTolerance&gt;&lt;ZTolerance&gt;0.001&lt;/ZTolerance&gt;&lt;MTolerance&gt;0.001&lt;/MTolerance&gt;&lt;HighPrecision&gt;true&lt;/HighPrecision&gt;&lt;WKID&gt;3117&lt;/WKID&gt;&lt;LatestWKID&gt;3117&lt;/LatestWKID&gt;&lt;VCSWKID&gt;115700&lt;/VCSWKID&gt;&lt;LatestVCSWKID&gt;115700&lt;/LatestVCSWKID&gt;&lt;/ProjectedCoordinateSystem&gt;</peXml><projcsn Sync="TRUE">MAGNA_Colombia_Este</projcsn></coordRef></DataProperties><SyncDate>20181129</SyncDate><SyncTime>20542400</SyncTime><ModDate>20181129</ModDate><ModTime>20542400</ModTime></Esri><dataIdInfo><envirDesc Sync="TRUE"> Version 6.2 (Build 9200) ; Esri ArcGIS 10.5.1.7333</envirDesc><dataLang><languageCode value="spa" Sync="TRUE"></languageCode><countryCode value="COL" Sync="TRUE"></countryCode></dataLang><idCitation><resTitle Sync="TRUE">OtraCompensacion</resTitle><presForm><PresFormCd value="005" Sync="TRUE"></PresFormCd></presForm></idCitation><spatRpType><SpatRepTypCd value="001" Sync="TRUE"></SpatRepTypCd></spatRpType></dataIdInfo><mdLang><languageCode value="spa" Sync="TRUE"></languageCode><countryCode value="COL" Sync="TRUE"></countryCode></mdLang><distInfo><distFormat><formatName Sync="TRUE">Shapefile</formatName></distFormat><distTranOps><transSize Sync="TRUE">0.000</transSize></distTranOps></distInfo><mdHrLv><ScopeCd value="005" Sync="TRUE"></ScopeCd></mdHrLv><mdHrLvName Sync="TRUE">dataset</mdHrLvName><refSysInfo><RefSystem><refSysID><identCode code="3117" Sync="TRUE"></identCode><idCodeSpace Sync="TRUE">EPSG</idCodeSpace><idVersion Sync="TRUE">8.6(9.2.0)</idVersion></refSysID></RefSystem></refSysInfo><spatRepInfo><VectSpatRep><geometObjs Name="OtraCompensacion"><geoObjTyp><GeoObjTypCd value="002" Sync="TRUE"></GeoObjTypCd></geoObjTyp><geoObjCnt Sync="TRUE">0</geoObjCnt></geometObjs><topLvl><TopoLevCd value="001" Sync="TRUE"></TopoLevCd></topLvl></VectSpatRep></spatRepInfo><spdoinfo><ptvctinf><esriterm Name="OtraCompensacion"><efeatyp Sync="TRUE">Simple</efeatyp><efeageom code="4" Sync="TRUE"></efeageom><esritopo Sync="TRUE">FALSE</esritopo><efeacnt Sync="TRUE">0</efeacnt><spindex Sync="TRUE">FALSE</spindex><linrefer Sync="TRUE">FALSE</linrefer></esriterm></ptvctinf></spdoinfo><eainfo><detailed Name="OtraCompensacion"><enttyp><enttypl Sync="TRUE">OtraCompensacion</enttypl><enttypt Sync="TRUE">Feature Class</enttypt><enttypc Sync="TRUE">0</enttypc></enttyp><attr><attrlabl Sync="TRUE">FID</attrlabl><attalias Sync="TRUE">FID</attalias><attrtype Sync="TRUE">OID</attrtype><attwidth Sync="TRUE">4</attwidth><atprecis Sync="TRUE">0</atprecis><attscale Sync="TRUE">0</attscale><attrdef Sync="TRUE">Internal feature number.</attrdef><attrdefs Sync="TRUE">Esri</attrdefs><attrdomv><udom Sync="TRUE">Sequential unique whole numbers that are automatically generated.</udom></attrdomv></attr><attr><attrlabl Sync="TRUE">Shape</attrlabl><attalias Sync="TRUE">Shape</attalias><attrtype Sync="TRUE">Geometry</attrtype><attwidth Sync="TRUE">0</attwidth><atprecis Sync="TRUE">0</atprecis><attscale Sync="TRUE">0</attscale><attrdef Sync="TRUE">Feature geometry.</attrdef><attrdefs Sync="TRUE">Esri</attrdefs><attrdomv><udom Sync="TRUE">Coordinates defining the features.</udom></attrdomv></attr><attr><attrlabl Sync="TRUE">EXPEDIENTE</attrlabl><attalias Sync="TRUE">EXPEDIENTE</attalias><attrtype Sync="TRUE">String</attrtype><attwidth Sync="TRUE">20</attwidth><atprecis Sync="TRUE">0</atprecis><attscale Sync="TRUE">0</attscale></attr><attr><attrlabl Sync="TRUE">OPERADOR</attrlabl><attalias Sync="TRUE">OPERADOR</attalias><attrtype Sync="TRUE">String</attrtype><attwidth Sync="TRUE">100</attwidth><atprecis Sync="TRUE">0</atprecis><attscale Sync="TRUE">0</attscale></attr><attr><attrlabl Sync="TRUE">PROYECTO</attrlabl><attalias Sync="TRUE">PROYECTO</attalias><attrtype Sync="TRUE">String</attrtype><attwidth Sync="TRUE">200</attwidth><atprecis Sync="TRUE">0</atprecis><attscale Sync="TRUE">0</attscale></attr><attr><attrlabl Sync="TRUE">NO_ACTOAD</attrlabl><attalias Sync="TRUE">NO_ACTOAD</attalias><attrtype Sync="TRUE">Integer</attrtype><attwidth Sync="TRUE">5</attwidth><atprecis Sync="TRUE">5</atprecis><attscale Sync="TRUE">0</attscale></attr><attr><attrlabl Sync="TRUE">FE_ACTOAD</attrlabl><attalias Sync="TRUE">FE_ACTOAD</attalias><attrtype Sync="TRUE">Date</attrtype><attwidth Sync="TRUE">8</attwidth><atprecis Sync="TRUE">0</atprecis><attscale Sync="TRUE">0</attscale></attr><attr><attrlabl Sync="TRUE">T_ACTO_OBL</attrlabl><attalias Sync="TRUE">T_ACTO_OBL</attalias><attrtype Sync="TRUE">Double</attrtype><attwidth Sync="TRUE">19</attwidth><atprecis Sync="TRUE">0</atprecis><attscale Sync="TRUE">0</attscale></attr><attr><attrlabl Sync="TRUE">RES_OBL</attrlabl><attalias Sync="TRUE">RES_OBL</attalias><attrtype Sync="TRUE">Integer</attrtype><attwidth Sync="TRUE">5</attwidth><atprecis Sync="TRUE">5</atprecis><attscale Sync="TRUE">0</attscale></attr><attr><attrlabl Sync="TRUE">FE_OBL</attrlabl><attalias Sync="TRUE">FE_OBL</attalias><attrtype Sync="TRUE">Date</attrtype><attwidth Sync="TRUE">8</attwidth><atprecis Sync="TRUE">0</atprecis><attscale Sync="TRUE">0</attscale></attr><attr><attrlabl Sync="TRUE">ID_OT_COMP</attrlabl><attalias Sync="TRUE">ID_OT_COMP</attalias><attrtype Sync="TRUE">String</attrtype><attwidth Sync="TRUE">20</attwidth><atprecis Sync="TRUE">0</atprecis><attscale Sync="TRUE">0</attscale></attr><attr><attrlabl Sync="TRUE">OT_COMP_NN</attrlabl><attalias Sync="TRUE">OT_COMP_NN</attalias><attrtype Sync="TRUE">Double</attrtype><attwidth Sync="TRUE">19</attwidth><atprecis Sync="TRUE">0</atprecis><attscale Sync="TRUE">0</attscale></attr><attr><attrlabl Sync="TRUE">OT_NN</attrlabl><attalias Sync="TRUE">OT_NN</attalias><attrtype Sync="TRUE">String</attrtype><attwidth Sync="TRUE">150</attwidth><atprecis Sync="TRUE">0</atprecis><attscale Sync="TRUE">0</attscale></attr><attr><attrlabl Sync="TRUE">ACTIVIDAD</attrlabl><attalias Sync="TRUE">ACTIVIDAD</attalias><attrtype Sync="TRUE">Double</attrtype><attwidth Sync="TRUE">19</attwidth><atprecis Sync="TRUE">0</atprecis><attscale Sync="TRUE">0</attscale></attr><attr><attrlabl Sync="TRUE">DESCRIPCIO</attrlabl><attalias Sync="TRUE">DESCRIPCIO</attalias><attrtype Sync="TRUE">String</attrtype><attwidth Sync="TRUE">254</attwidth><atprecis Sync="TRUE">0</atprecis><attscale Sync="TRUE">0</attscale></attr><attr><attrlabl Sync="TRUE">AREA_PG_ha</attrlabl><attalias Sync="TRUE">AREA_PG_ha</attalias><attrtype Sync="TRUE">Double</attrtype><attwidth Sync="TRUE">19</attwidth><atprecis Sync="TRUE">0</atprecis><attscale Sync="TRUE">0</attscale></attr><attr><attrlabl Sync="TRUE">OTRA_ACT</attrlabl><attalias Sync="TRUE">OTRA_ACT</attalias><attrtype Sync="TRUE">String</attrtype><attwidth Sync="TRUE">254</attwidth><atprecis Sync="TRUE">0</atprecis><attscale Sync="TRUE">0</attscale></attr><attr><attrlabl Sync="TRUE">ESTADO</attrlabl><attalias Sync="TRUE">ESTADO</attalias><attrtype Sync="TRUE">Double</attrtype><attwidth Sync="TRUE">19</attwidth><atprecis Sync="TRUE">0</atprecis><attscale Sync="TRUE">0</attscale></attr><attr><attrlabl Sync="TRUE">AREA_COMP</attrlabl><attalias Sync="TRUE">AREA_COMP</attalias><attrtype Sync="TRUE">Double</attrtype><attwidth Sync="TRUE">19</attwidth><atprecis Sync="TRUE">0</atprecis><attscale Sync="TRUE">0</attscale></attr><attr><attrlabl Sync="TRUE">PREC_SUELO</attrlabl><attalias Sync="TRUE">PREC_SUELO</attalias><attrtype Sync="TRUE">Double</attrtype><attwidth Sync="TRUE">19</attwidth><atprecis Sync="TRUE">0</atprecis><attscale Sync="TRUE">0</attscale></attr><attr><attrlabl Sync="TRUE">FECHA_INI</attrlabl><attalias Sync="TRUE">FECHA_INI</attalias><attrtype Sync="TRUE">Date</attrtype><attwidth Sync="TRUE">8</attwidth><atprecis Sync="TRUE">0</atprecis><attscale Sync="TRUE">0</attscale></attr><attr><attrlabl Sync="TRUE">FECHA_TER</attrlabl><attalias Sync="TRUE">FECHA_TER</attalias><attrtype Sync="TRUE">Date</attrtype><attwidth Sync="TRUE">8</attwidth><atprecis Sync="TRUE">0</atprecis><attscale Sync="TRUE">0</attscale></attr><attr><attrlabl Sync="TRUE">VAL_E_COM</attrlabl><attalias Sync="TRUE">VAL_E_COM</attalias><attrtype Sync="TRUE">Double</attrtype><attwidth Sync="TRUE">19</attwidth><atprecis Sync="TRUE">0</atprecis><attscale Sync="TRUE">0</attscale></attr><attr><attrlabl Sync="TRUE">VALOR_ACT</attrlabl><attalias Sync="TRUE">VALOR_ACT</attalias><attrtype Sync="TRUE">Double</attrtype><attwidth Sync="TRUE">19</attwidth><atprecis Sync="TRUE">0</atprecis><attscale Sync="TRUE">0</attscale></attr><attr><attrlabl Sync="TRUE">OBSER_COMP</attrlabl><attalias Sync="TRUE">OBSER_COMP</attalias><attrtype Sync="TRUE">String</attrtype><attwidth Sync="TRUE">254</attwidth><atprecis Sync="TRUE">0</atprecis><attscale Sync="TRUE">0</attscale></attr><attr><attrlabl Sync="TRUE">Shape_Leng</attrlabl><attalias Sync="TRUE">Shape_Leng</attalias><attrtype Sync="TRUE">Double</attrtype><attwidth Sync="TRUE">19</attwidth><atprecis Sync="TRUE">0</atprecis><attscale Sync="TRUE">0</attscale></attr><attr><attrlabl Sync="TRUE">Shape_Area</attrlabl><attalias Sync="TRUE">Shape_Area</attalias><attrtype Sync="TRUE">Double</attrtype><attwidth Sync="TRUE">19</attwidth><atprecis Sync="TRUE">0</atprecis><attscale Sync="TRUE">0</attscale><attrdef Sync="TRUE">Area of feature in internal units squared.</attrdef><attrdefs Sync="TRUE">Esri</attrdefs><attrdomv><udom Sync="TRUE">Positive real numbers that are automatically generated.</udom></attrdomv></attr></detailed></eainfo><mdDateSt Sync="TRUE">20181129</mdDateSt></metadata>
