<metadata xml:lang="es"><Esri><CreaDate>20150618</CreaDate><CreaTime>14431900</CreaTime><ArcGISFormat>1.0</ArcGISFormat><SyncOnce>FALSE</SyncOnce><DataProperties><lineage><Process ToolSource="c:\program files (x86)\arcgis\desktop10.3\ArcToolbox\Toolboxes\Data Management Tools.tbx\CalculateField" Date="20150613" Time="124549">CalculateField D:\ayesa\implantacion\20150608\carga_geo\web.sde\GEODB.GEO.PuntoHidrogeologico EXPEDIENTE x( !Expediente! ) PYTHON_9.3 "def x(valor):\n    if valor=="NDA0976":\n        return "LAM1749"\n    elif valor=="LAV0090-13":\n        return "LAM1837"\n    elif valor=="LAV0070-13":\n        return "LAM1749"\n    elif valor=="NDA0803":\n        return "LAM2581"\n    elif valor=="LAM5023":\n        return "LAM4090"\n    elif valor=="LAM0647":\n        return "LAV0070-14"\n    elif valor=="LAM0666":\n        return "LAV0095-00-2014"\n    else:\n        return valor"</Process><Process ToolSource="c:\program files (x86)\arcgis\desktop10.3\ArcToolbox\Toolboxes\Data Management Tools.tbx\DeleteField" Date="20150827" Time="120449">DeleteField D:\MIGRACION_FINAL\GDB_ANLA_ACT\GDB_ANLA.gdb\PuntoHidrogeologico ID_INFORME</Process><Process ToolSource="c:\program files (x86)\arcgis\desktop10.3\ArcToolbox\Toolboxes\Data Management Tools.tbx\DeleteField" Date="20150827" Time="121055">DeleteField D:\MIGRACION_FINAL\GDB_ANLA_ACT\GDB_ANLA.gdb\PuntoHidrogeologico TIPO_ESTUD</Process><Process ToolSource="c:\program files (x86)\arcgis\desktop10.3\ArcToolbox\Toolboxes\Data Management Tools.tbx\DeleteField" Date="20150827" Time="121407">DeleteField D:\MIGRACION_FINAL\GDB_ANLA_ACT\GDB_ANLA.gdb\PuntoHidrogeologico FECHA</Process><Process ToolSource="c:\program files (x86)\arcgis\desktop10.3\ArcToolbox\Toolboxes\Data Management Tools.tbx\DeleteField" Date="20150827" Time="121627">DeleteField D:\MIGRACION_FINAL\GDB_ANLA_ACT\GDB_ANLA.gdb\PuntoHidrogeologico SEGUIMIENT</Process><Process ToolSource="c:\program files (x86)\arcgis\desktop10.3\ArcToolbox\Toolboxes\Data Management Tools.tbx\DeleteField" Date="20150827" Time="121940">DeleteField D:\MIGRACION_FINAL\GDB_ANLA_ACT\GDB_ANLA.gdb\PuntoHidrogeologico AUTORIZADO</Process><Process ToolSource="c:\program files (x86)\arcgis\desktop10.3\ArcToolbox\Toolboxes\Conversion Tools.tbx\FeatureClassToFeatureClass" Date="20151007" Time="165648">FeatureClassToFeatureClass D:\MIGRACION_FINAL\GDB_ANLA.gdb\T_16_HIDROGEOLOGIA\PuntoHidrogeologico D:\MIGRACION_FINAL\GDB_ANLA.gdb\T_16_HIDROGEOLOGIA PuntoHidrogeologico0 # "CODIGO "CODIGO" true true false 10 Text 0 0 ,First,#,D:\MIGRACION_FINAL\GDB_ANLA.gdb\T_16_HIDROGEOLOGIA\PuntoHidrogeologico,CODIGO,-1,-1;EXPEDIENTE "EXPEDIENTE" true true false 20 Text 0 0 ,First,#,D:\MIGRACION_FINAL\GDB_ANLA.gdb\T_16_HIDROGEOLOGIA\PuntoHidrogeologico,EXPEDIENTE,-1,-1;OPERADOR "OPERADOR" true true false 100 Text 0 0 ,First,#,D:\MIGRACION_FINAL\GDB_ANLA.gdb\T_16_HIDROGEOLOGIA\PuntoHidrogeologico,OPERADOR,-1,-1;PROYECTO "PROYECTO" true true false 200 Text 0 0 ,First,#,D:\MIGRACION_FINAL\GDB_ANLA.gdb\T_16_HIDROGEOLOGIA\PuntoHidrogeologico,PROYECTO,-1,-1;VEREDA "VEREDA" true true false 100 Text 0 0 ,First,#,D:\MIGRACION_FINAL\GDB_ANLA.gdb\T_16_HIDROGEOLOGIA\PuntoHidrogeologico,VEREDA,-1,-1;MUNICIPIO "MUNICIPIO" true true false 5 Text 0 0 ,First,#,D:\MIGRACION_FINAL\GDB_ANLA.gdb\T_16_HIDROGEOLOGIA\PuntoHidrogeologico,MUNICIPIO,-1,-1;DEPTO "DEPTO" true true false 2 Text 0 0 ,First,#,D:\MIGRACION_FINAL\GDB_ANLA.gdb\T_16_HIDROGEOLOGIA\PuntoHidrogeologico,DEPTO,-1,-1;CAR "CAR" true true false 8 Double 0 0 ,First,#,D:\MIGRACION_FINAL\GDB_ANLA.gdb\T_16_HIDROGEOLOGIA\PuntoHidrogeologico,CAR,-1,-1;NOMBRE "NOMBRE" true true false 100 Text 0 0 ,First,#,D:\MIGRACION_FINAL\GDB_ANLA.gdb\T_16_HIDROGEOLOGIA\PuntoHidrogeologico,NOMBRE,-1,-1;ID_PUNTO_H "ID_PUNTO_H" true true false 20 Text 0 0 ,First,#,D:\MIGRACION_FINAL\GDB_ANLA.gdb\T_16_HIDROGEOLOGIA\PuntoHidrogeologico,ID_PUNTO_H,-1,-1;SITIO "SITIO" true true false 100 Text 0 0 ,First,#,D:\MIGRACION_FINAL\GDB_ANLA.gdb\T_16_HIDROGEOLOGIA\PuntoHidrogeologico,SITIO,-1,-1;TIPO_PUNTO "TIPO_PUNTO" true true false 8 Double 0 0 ,First,#,D:\MIGRACION_FINAL\GDB_ANLA.gdb\T_16_HIDROGEOLOGIA\PuntoHidrogeologico,TIPO_PUNTO,-1,-1;NOM_PREDIO "NOM_PREDIO" true true false 100 Text 0 0 ,First,#,D:\MIGRACION_FINAL\GDB_ANLA.gdb\T_16_HIDROGEOLOGIA\PuntoHidrogeologico,NOM_PREDIO,-1,-1;COND_PROPI "COND_PROPI" true true false 8 Double 0 0 ,First,#,D:\MIGRACION_FINAL\GDB_ANLA.gdb\T_16_HIDROGEOLOGIA\PuntoHidrogeologico,COND_PROPI,-1,-1;FEC_CARACT "FEC_CARACT" true true false 8 Date 0 0 ,First,#,D:\MIGRACION_FINAL\GDB_ANLA.gdb\T_16_HIDROGEOLOGIA\PuntoHidrogeologico,FEC_CARACT,-1,-1;DILIGENCIA "DILIGENCIA" true true false 200 Text 0 0 ,First,#,D:\MIGRACION_FINAL\GDB_ANLA.gdb\T_16_HIDROGEOLOGIA\PuntoHidrogeologico,DILIGENCIA,-1,-1;FEC_CONST "FEC_CONST" true true false 8 Date 0 0 ,First,#,D:\MIGRACION_FINAL\GDB_ANLA.gdb\T_16_HIDROGEOLOGIA\PuntoHidrogeologico,FEC_CONST,-1,-1;DIAM_EXT "DIAM_EXT" true true false 8 Double 0 0 ,First,#,D:\MIGRACION_FINAL\GDB_ANLA.gdb\T_16_HIDROGEOLOGIA\PuntoHidrogeologico,DIAM_EXT,-1,-1;ANC_EXT "ANC_EXT" true true false 8 Double 0 0 ,First,#,D:\MIGRACION_FINAL\GDB_ANLA.gdb\T_16_HIDROGEOLOGIA\PuntoHidrogeologico,ANC_EXT,-1,-1;LAR_ETX "LAR_ETX" true true false 8 Double 0 0 ,First,#,D:\MIGRACION_FINAL\GDB_ANLA.gdb\T_16_HIDROGEOLOGIA\PuntoHidrogeologico,LAR_ETX,-1,-1;PROFUND_M "PROFUND_m" true true false 8 Double 0 0 ,First,#,D:\MIGRACION_FINAL\GDB_ANLA.gdb\T_16_HIDROGEOLOGIA\PuntoHidrogeologico,PROFUND_M,-1,-1;MATERIAL "MATERIAL" true true false 200 Text 0 0 ,First,#,D:\MIGRACION_FINAL\GDB_ANLA.gdb\T_16_HIDROGEOLOGIA\PuntoHidrogeologico,MATERIAL,-1,-1;MET_EXPLOT "MET_EXPLOT" true true false 8 Double 0 0 ,First,#,D:\MIGRACION_FINAL\GDB_ANLA.gdb\T_16_HIDROGEOLOGIA\PuntoHidrogeologico,MET_EXPLOT,-1,-1;T_ENERGIA "T_ENERGIA" true true false 8 Double 0 0 ,First,#,D:\MIGRACION_FINAL\GDB_ANLA.gdb\T_16_HIDROGEOLOGIA\PuntoHidrogeologico,T_ENERGIA,-1,-1;US_DI_POZO "US_DI_POZO" true true false 8 Double 0 0 ,First,#,D:\MIGRACION_FINAL\GDB_ANLA.gdb\T_16_HIDROGEOLOGIA\PuntoHidrogeologico,US_DI_POZO,-1,-1;MED_SURG "MED_SURG" true true false 8 Double 0 0 ,First,#,D:\MIGRACION_FINAL\GDB_ANLA.gdb\T_16_HIDROGEOLOGIA\PuntoHidrogeologico,MED_SURG,-1,-1;T_MANANT "T_MANANT" true true false 8 Double 0 0 ,First,#,D:\MIGRACION_FINAL\GDB_ANLA.gdb\T_16_HIDROGEOLOGIA\PuntoHidrogeologico,T_MANANT,-1,-1;P_MANANT "P_MANANT" true true false 8 Double 0 0 ,First,#,D:\MIGRACION_FINAL\GDB_ANLA.gdb\T_16_HIDROGEOLOGIA\PuntoHidrogeologico,P_MANANT,-1,-1;CONDI_PUNT "CONDI_PUNT" true true false 8 Double 0 0 ,First,#,D:\MIGRACION_FINAL\GDB_ANLA.gdb\T_16_HIDROGEOLOGIA\PuntoHidrogeologico,CONDI_PUNT,-1,-1;PROP_PTO "PROP_PTO" true true false 8 Double 0 0 ,First,#,D:\MIGRACION_FINAL\GDB_ANLA.gdb\T_16_HIDROGEOLOGIA\PuntoHidrogeologico,PROP_PTO,-1,-1;RESID_SOL "RESID_SOL" true true false 8 Double 0 0 ,First,#,D:\MIGRACION_FINAL\GDB_ANLA.gdb\T_16_HIDROGEOLOGIA\PuntoHidrogeologico,RESID_SOL,-1,-1;MAN_RESID "MAN_RESID" true true false 8 Double 0 0 ,First,#,D:\MIGRACION_FINAL\GDB_ANLA.gdb\T_16_HIDROGEOLOGIA\PuntoHidrogeologico,MAN_RESID,-1,-1;OBS_RESID "OBS_RESID" true true false 100 Text 0 0 ,First,#,D:\MIGRACION_FINAL\GDB_ANLA.gdb\T_16_HIDROGEOLOGIA\PuntoHidrogeologico,OBS_RESID,-1,-1;N_US_PUB "N_US_PUB" true true false 2 Short 0 0 ,First,#,D:\MIGRACION_FINAL\GDB_ANLA.gdb\T_16_HIDROGEOLOGIA\PuntoHidrogeologico,N_US_PUB,-1,-1;N_US_DOM "N_US_DOM" true true false 2 Short 0 0 ,First,#,D:\MIGRACION_FINAL\GDB_ANLA.gdb\T_16_HIDROGEOLOGIA\PuntoHidrogeologico,N_US_DOM,-1,-1;T_INDUST "T_INDUST" true true false 100 Text 0 0 ,First,#,D:\MIGRACION_FINAL\GDB_ANLA.gdb\T_16_HIDROGEOLOGIA\PuntoHidrogeologico,T_INDUST,-1,-1;T_CULTIVO "T_CULTIVO" true true false 100 Text 0 0 ,First,#,D:\MIGRACION_FINAL\GDB_ANLA.gdb\T_16_HIDROGEOLOGIA\PuntoHidrogeologico,T_CULTIVO,-1,-1;A_IRRIG_HA "A_IRRIG_ha" true true false 8 Double 0 0 ,First,#,D:\MIGRACION_FINAL\GDB_ANLA.gdb\T_16_HIDROGEOLOGIA\PuntoHidrogeologico,A_IRRIG_HA,-1,-1;T_AGROIND "T_AGROIND" true true false 100 Text 0 0 ,First,#,D:\MIGRACION_FINAL\GDB_ANLA.gdb\T_16_HIDROGEOLOGIA\PuntoHidrogeologico,T_AGROIND,-1,-1;N_ANIM "N_ANIM" true true false 4 Long 0 0 ,First,#,D:\MIGRACION_FINAL\GDB_ANLA.gdb\T_16_HIDROGEOLOGIA\PuntoHidrogeologico,N_ANIM,-1,-1;OBSERV "OBSERV" true true false 255 Text 0 0 ,First,#,D:\MIGRACION_FINAL\GDB_ANLA.gdb\T_16_HIDROGEOLOGIA\PuntoHidrogeologico,OBSERV,-1,-1;COTA "COTA" true true false 8 Double 0 0 ,First,#,D:\MIGRACION_FINAL\GDB_ANLA.gdb\T_16_HIDROGEOLOGIA\PuntoHidrogeologico,COTA,-1,-1;COOR_ESTE "COOR_ESTE" true true false 8 Double 0 0 ,First,#,D:\MIGRACION_FINAL\GDB_ANLA.gdb\T_16_HIDROGEOLOGIA\PuntoHidrogeologico,COOR_ESTE,-1,-1;COOR_NORTE "COOR_NORTE" true true false 8 Double 0 0 ,First,#,D:\MIGRACION_FINAL\GDB_ANLA.gdb\T_16_HIDROGEOLOGIA\PuntoHidrogeologico,COOR_NORTE,-1,-1;ACAB_ALJIB "ACAB_ALJIB" true true false 100 Text 0 0 ,First,#,D:\MIGRACION_FINAL\GDB_ANLA.gdb\T_16_HIDROGEOLOGIA\PuntoHidrogeologico,ACAB_ALJIB,-1,-1;SIST_MONIT "SIST_MONIT" true true false 100 Text 0 0 ,First,#,D:\MIGRACION_FINAL\GDB_ANLA.gdb\T_16_HIDROGEOLOGIA\PuntoHidrogeologico,SIST_MONIT,-1,-1;U_APROV_1 "U_APROV_1" true true false 8 Double 0 0 ,First,#,D:\MIGRACION_FINAL\GDB_ANLA.gdb\T_16_HIDROGEOLOGIA\PuntoHidrogeologico,U_APROV_1,-1,-1;U_APROV_2 "U_APROV_2" true true false 8 Double 0 0 ,First,#,D:\MIGRACION_FINAL\GDB_ANLA.gdb\T_16_HIDROGEOLOGIA\PuntoHidrogeologico,U_APROV_2,-1,-1;U_APROV_3 "U_APROV_3" true true false 8 Double 0 0 ,First,#,D:\MIGRACION_FINAL\GDB_ANLA.gdb\T_16_HIDROGEOLOGIA\PuntoHidrogeologico,U_APROV_3,-1,-1;U_APROV_4 "U_APROV_4" true true false 8 Double 0 0 ,First,#,D:\MIGRACION_FINAL\GDB_ANLA.gdb\T_16_HIDROGEOLOGIA\PuntoHidrogeologico,U_APROV_4,-1,-1;D_U_APR_1 "D_U_APR_1" true true false 8 Double 0 0 ,First,#,D:\MIGRACION_FINAL\GDB_ANLA.gdb\T_16_HIDROGEOLOGIA\PuntoHidrogeologico,D_U_APR_1,-1,-1;D_U_APR_2 "D_U_APR_2" true true false 8 Double 0 0 ,First,#,D:\MIGRACION_FINAL\GDB_ANLA.gdb\T_16_HIDROGEOLOGIA\PuntoHidrogeologico,D_U_APR_2,-1,-1;D_U_APR_3 "D_U_APR_3" true true false 8 Double 0 0 ,First,#,D:\MIGRACION_FINAL\GDB_ANLA.gdb\T_16_HIDROGEOLOGIA\PuntoHidrogeologico,D_U_APR_3,-1,-1;D_U_APR_4 "D_U_APR_4" true true false 8 Double 0 0 ,First,#,D:\MIGRACION_FINAL\GDB_ANLA.gdb\T_16_HIDROGEOLOGIA\PuntoHidrogeologico,D_U_APR_4,-1,-1;D_USO_TOT "D_USO_TOT" true true false 8 Double 0 0 ,First,#,D:\MIGRACION_FINAL\GDB_ANLA.gdb\T_16_HIDROGEOLOGIA\PuntoHidrogeologico,D_USO_TOT,-1,-1;CABE_HIDR "CABE_HIDR" true true false 8 Double 0 0 ,First,#,D:\MIGRACION_FINAL\GDB_ANLA.gdb\T_16_HIDROGEOLOGIA\PuntoHidrogeologico,CABE_HIDR,-1,-1" #</Process><Process ToolSource="c:\program files (x86)\arcgis\desktop10.3\ArcToolbox\Toolboxes\Data Management Tools.tbx\Rename" Date="20151007" Time="165650">Rename D:\MIGRACION_FINAL\GDB_ANLA.gdb\T_16_HIDROGEOLOGIA\PuntoHidrogeologico0 D:\MIGRACION_FINAL\GDB_ANLA.gdb\T_16_HIDROGEOLOGIA\PuntoHidrogeologico FeatureClass</Process><Process ToolSource="c:\program files (x86)\arcgis\desktop10.3\ArcToolbox\Toolboxes\Data Management Tools.tbx\DeleteField" Date="20151007" Time="170723">DeleteField D:\MIGRACION_FINAL\GDB_ANLA.gdb\PuntoHidrogeologico CODIGO</Process><Process ToolSource="c:\program files (x86)\arcgis\desktop10.3\ArcToolbox\Toolboxes\Conversion Tools.tbx\FeatureClassToFeatureClass" Date="20151008" Time="093917">FeatureClassToFeatureClass D:\MIGRACION_FINAL\GDB_ANLA.gdb\T_16_HIDROGEOLOGIA\PuntoHidrogeologico D:\MIGRACION_FINAL\GDB_ANLA.gdb\T_16_HIDROGEOLOGIA PuntoHidrogeologico0 # "EXPEDIENTE "EXPEDIENTE" true true false 20 Text 0 0 ,First,#,D:\MIGRACION_FINAL\GDB_ANLA.gdb\T_16_HIDROGEOLOGIA\PuntoHidrogeologico,EXPEDIENTE,-1,-1;OPERADOR "OPERADOR" true true false 100 Text 0 0 ,First,#,D:\MIGRACION_FINAL\GDB_ANLA.gdb\T_16_HIDROGEOLOGIA\PuntoHidrogeologico,OPERADOR,-1,-1;PROYECTO "PROYECTO" true true false 200 Text 0 0 ,First,#,D:\MIGRACION_FINAL\GDB_ANLA.gdb\T_16_HIDROGEOLOGIA\PuntoHidrogeologico,PROYECTO,-1,-1;VEREDA "VEREDA" true true false 100 Text 0 0 ,First,#,D:\MIGRACION_FINAL\GDB_ANLA.gdb\T_16_HIDROGEOLOGIA\PuntoHidrogeologico,VEREDA,-1,-1;MUNICIPIO "MUNICIPIO" true true false 5 Text 0 0 ,First,#,D:\MIGRACION_FINAL\GDB_ANLA.gdb\T_16_HIDROGEOLOGIA\PuntoHidrogeologico,MUNICIPIO,-1,-1;DEPTO "DEPTO" true true false 2 Text 0 0 ,First,#,D:\MIGRACION_FINAL\GDB_ANLA.gdb\T_16_HIDROGEOLOGIA\PuntoHidrogeologico,DEPTO,-1,-1;CAR "CAR" true true false 8 Double 0 0 ,First,#,D:\MIGRACION_FINAL\GDB_ANLA.gdb\T_16_HIDROGEOLOGIA\PuntoHidrogeologico,CAR,-1,-1;NOMBRE "NOMBRE" true true false 100 Text 0 0 ,First,#,D:\MIGRACION_FINAL\GDB_ANLA.gdb\T_16_HIDROGEOLOGIA\PuntoHidrogeologico,NOMBRE,-1,-1;ID_PUNTO_H "ID_PUNTO_H" true true false 20 Text 0 0 ,First,#,D:\MIGRACION_FINAL\GDB_ANLA.gdb\T_16_HIDROGEOLOGIA\PuntoHidrogeologico,ID_PUNTO_H,-1,-1;TIPO_PUNTO "TIPO_PUNTO" true true false 8 Double 0 0 ,First,#,D:\MIGRACION_FINAL\GDB_ANLA.gdb\T_16_HIDROGEOLOGIA\PuntoHidrogeologico,TIPO_PUNTO,-1,-1;UNI_HIDROG "UNI_HIDROG" true true false 255 Text 0 0 ,First,#,D:\MIGRACION_FINAL\GDB_ANLA.gdb\T_16_HIDROGEOLOGIA\PuntoHidrogeologico,UNI_HIDROG,-1,-1;NOM_PREDIO "NOM_PREDIO" true true false 100 Text 0 0 ,First,#,D:\MIGRACION_FINAL\GDB_ANLA.gdb\T_16_HIDROGEOLOGIA\PuntoHidrogeologico,NOM_PREDIO,-1,-1;COND_PROPI "COND_PROPI" true true false 8 Double 0 0 ,First,#,D:\MIGRACION_FINAL\GDB_ANLA.gdb\T_16_HIDROGEOLOGIA\PuntoHidrogeologico,COND_PROPI,-1,-1;SITIO "SITIO" true true false 100 Text 0 0 ,First,#,D:\MIGRACION_FINAL\GDB_ANLA.gdb\T_16_HIDROGEOLOGIA\PuntoHidrogeologico,SITIO,-1,-1;FEC_CARACT "FEC_CARACT" true true false 8 Date 0 0 ,First,#,D:\MIGRACION_FINAL\GDB_ANLA.gdb\T_16_HIDROGEOLOGIA\PuntoHidrogeologico,FEC_CARACT,-1,-1;DILIGENCIA "DILIGENCIA" true true false 200 Text 0 0 ,First,#,D:\MIGRACION_FINAL\GDB_ANLA.gdb\T_16_HIDROGEOLOGIA\PuntoHidrogeologico,DILIGENCIA,-1,-1;FEC_CONST "FEC_CONST" true true false 8 Date 0 0 ,First,#,D:\MIGRACION_FINAL\GDB_ANLA.gdb\T_16_HIDROGEOLOGIA\PuntoHidrogeologico,FEC_CONST,-1,-1;DIAM_EXT "DIAM_EXT" true true false 8 Double 0 0 ,First,#,D:\MIGRACION_FINAL\GDB_ANLA.gdb\T_16_HIDROGEOLOGIA\PuntoHidrogeologico,DIAM_EXT,-1,-1;ANC_EXT "ANC_EXT" true true false 8 Double 0 0 ,First,#,D:\MIGRACION_FINAL\GDB_ANLA.gdb\T_16_HIDROGEOLOGIA\PuntoHidrogeologico,ANC_EXT,-1,-1;LAR_ETX "LAR_ETX" true true false 8 Double 0 0 ,First,#,D:\MIGRACION_FINAL\GDB_ANLA.gdb\T_16_HIDROGEOLOGIA\PuntoHidrogeologico,LAR_ETX,-1,-1;PROFUND_M "PROFUND_m" true true false 8 Double 0 0 ,First,#,D:\MIGRACION_FINAL\GDB_ANLA.gdb\T_16_HIDROGEOLOGIA\PuntoHidrogeologico,PROFUND_M,-1,-1;MATERIAL "MATERIAL" true true false 200 Text 0 0 ,First,#,D:\MIGRACION_FINAL\GDB_ANLA.gdb\T_16_HIDROGEOLOGIA\PuntoHidrogeologico,MATERIAL,-1,-1;MET_EXPLOT "MET_EXPLOT" true true false 8 Double 0 0 ,First,#,D:\MIGRACION_FINAL\GDB_ANLA.gdb\T_16_HIDROGEOLOGIA\PuntoHidrogeologico,MET_EXPLOT,-1,-1;T_ENERGIA "T_ENERGIA" true true false 8 Double 0 0 ,First,#,D:\MIGRACION_FINAL\GDB_ANLA.gdb\T_16_HIDROGEOLOGIA\PuntoHidrogeologico,T_ENERGIA,-1,-1;US_DI_POZO "US_DI_POZO" true true false 8 Double 0 0 ,First,#,D:\MIGRACION_FINAL\GDB_ANLA.gdb\T_16_HIDROGEOLOGIA\PuntoHidrogeologico,US_DI_POZO,-1,-1;MED_SURG "MED_SURG" true true false 8 Double 0 0 ,First,#,D:\MIGRACION_FINAL\GDB_ANLA.gdb\T_16_HIDROGEOLOGIA\PuntoHidrogeologico,MED_SURG,-1,-1;T_MANANT "T_MANANT" true true false 8 Double 0 0 ,First,#,D:\MIGRACION_FINAL\GDB_ANLA.gdb\T_16_HIDROGEOLOGIA\PuntoHidrogeologico,T_MANANT,-1,-1;P_MANANT "P_MANANT" true true false 8 Double 0 0 ,First,#,D:\MIGRACION_FINAL\GDB_ANLA.gdb\T_16_HIDROGEOLOGIA\PuntoHidrogeologico,P_MANANT,-1,-1;CONDI_PUNT "CONDI_PUNT" true true false 8 Double 0 0 ,First,#,D:\MIGRACION_FINAL\GDB_ANLA.gdb\T_16_HIDROGEOLOGIA\PuntoHidrogeologico,CONDI_PUNT,-1,-1;PROP_PTO "PROP_PTO" true true false 8 Double 0 0 ,First,#,D:\MIGRACION_FINAL\GDB_ANLA.gdb\T_16_HIDROGEOLOGIA\PuntoHidrogeologico,PROP_PTO,-1,-1;RESID_SOL "RESID_SOL" true true false 8 Double 0 0 ,First,#,D:\MIGRACION_FINAL\GDB_ANLA.gdb\T_16_HIDROGEOLOGIA\PuntoHidrogeologico,RESID_SOL,-1,-1;MAN_RESID "MAN_RESID" true true false 8 Double 0 0 ,First,#,D:\MIGRACION_FINAL\GDB_ANLA.gdb\T_16_HIDROGEOLOGIA\PuntoHidrogeologico,MAN_RESID,-1,-1;OBS_RESID "OBS_RESID" true true false 100 Text 0 0 ,First,#,D:\MIGRACION_FINAL\GDB_ANLA.gdb\T_16_HIDROGEOLOGIA\PuntoHidrogeologico,OBS_RESID,-1,-1;N_US_PUB "N_US_PUB" true true false 2 Short 0 0 ,First,#,D:\MIGRACION_FINAL\GDB_ANLA.gdb\T_16_HIDROGEOLOGIA\PuntoHidrogeologico,N_US_PUB,-1,-1;N_US_DOM "N_US_DOM" true true false 2 Short 0 0 ,First,#,D:\MIGRACION_FINAL\GDB_ANLA.gdb\T_16_HIDROGEOLOGIA\PuntoHidrogeologico,N_US_DOM,-1,-1;T_INDUST "T_INDUST" true true false 100 Text 0 0 ,First,#,D:\MIGRACION_FINAL\GDB_ANLA.gdb\T_16_HIDROGEOLOGIA\PuntoHidrogeologico,T_INDUST,-1,-1;T_CULTIVO "T_CULTIVO" true true false 100 Text 0 0 ,First,#,D:\MIGRACION_FINAL\GDB_ANLA.gdb\T_16_HIDROGEOLOGIA\PuntoHidrogeologico,T_CULTIVO,-1,-1;A_IRRIG_HA "A_IRRIG_ha" true true false 8 Double 0 0 ,First,#,D:\MIGRACION_FINAL\GDB_ANLA.gdb\T_16_HIDROGEOLOGIA\PuntoHidrogeologico,A_IRRIG_HA,-1,-1;T_AGROIND "T_AGROIND" true true false 100 Text 0 0 ,First,#,D:\MIGRACION_FINAL\GDB_ANLA.gdb\T_16_HIDROGEOLOGIA\PuntoHidrogeologico,T_AGROIND,-1,-1;N_ANIM "N_ANIM" true true false 4 Long 0 0 ,First,#,D:\MIGRACION_FINAL\GDB_ANLA.gdb\T_16_HIDROGEOLOGIA\PuntoHidrogeologico,N_ANIM,-1,-1;OBSERV "OBSERV" true true false 255 Text 0 0 ,First,#,D:\MIGRACION_FINAL\GDB_ANLA.gdb\T_16_HIDROGEOLOGIA\PuntoHidrogeologico,OBSERV,-1,-1;COTA "COTA" true true false 8 Double 0 0 ,First,#,D:\MIGRACION_FINAL\GDB_ANLA.gdb\T_16_HIDROGEOLOGIA\PuntoHidrogeologico,COTA,-1,-1;COOR_ESTE "COOR_ESTE" true true false 8 Double 0 0 ,First,#,D:\MIGRACION_FINAL\GDB_ANLA.gdb\T_16_HIDROGEOLOGIA\PuntoHidrogeologico,COOR_ESTE,-1,-1;COOR_NORTE "COOR_NORTE" true true false 8 Double 0 0 ,First,#,D:\MIGRACION_FINAL\GDB_ANLA.gdb\T_16_HIDROGEOLOGIA\PuntoHidrogeologico,COOR_NORTE,-1,-1" #</Process><Process ToolSource="c:\program files (x86)\arcgis\desktop10.3\ArcToolbox\Toolboxes\Data Management Tools.tbx\Rename" Date="20151008" Time="093918">Rename D:\MIGRACION_FINAL\GDB_ANLA.gdb\T_16_HIDROGEOLOGIA\PuntoHidrogeologico0 D:\MIGRACION_FINAL\GDB_ANLA.gdb\T_16_HIDROGEOLOGIA\PuntoHidrogeologico FeatureClass</Process><Process ToolSource="c:\program files (x86)\arcgis\desktop10.2\ArcToolbox\Toolboxes\Conversion Tools.tbx\FeatureClassToFeatureClass" Date="20160721" Time="224048">FeatureClassToFeatureClass "E:\PARA ENTREGA FINAL\GDB_ANLA_MCB.gdb\T_16_HIDROGEOLOGIA\PuntoHidrogeologico" "E:\PARA ENTREGA FINAL\GDB_ANLA_MCB.gdb\T_16_HIDROGEOLOGIA" PuntoHidrogeologico0 # "EXPEDIENTE "EXPEDIENTE" true true false 20 Text 0 0 ,First,#,E:\PARA ENTREGA FINAL\GDB_ANLA_MCB.gdb\T_16_HIDROGEOLOGIA\PuntoHidrogeologico,EXPEDIENTE,-1,-1;OPERADOR "OPERADOR" true true false 100 Text 0 0 ,First,#,E:\PARA ENTREGA FINAL\GDB_ANLA_MCB.gdb\T_16_HIDROGEOLOGIA\PuntoHidrogeologico,OPERADOR,-1,-1;PROYECTO "PROYECTO" true true false 200 Text 0 0 ,First,#,E:\PARA ENTREGA FINAL\GDB_ANLA_MCB.gdb\T_16_HIDROGEOLOGIA\PuntoHidrogeologico,PROYECTO,-1,-1;VEREDA "VEREDA" true true false 100 Text 0 0 ,First,#,E:\PARA ENTREGA FINAL\GDB_ANLA_MCB.gdb\T_16_HIDROGEOLOGIA\PuntoHidrogeologico,VEREDA,-1,-1;MUNICIPIO "MUNICIPIO" true true false 5 Text 0 0 ,First,#,E:\PARA ENTREGA FINAL\GDB_ANLA_MCB.gdb\T_16_HIDROGEOLOGIA\PuntoHidrogeologico,MUNICIPIO,-1,-1;DEPTO "DEPTO" true true false 2 Text 0 0 ,First,#,E:\PARA ENTREGA FINAL\GDB_ANLA_MCB.gdb\T_16_HIDROGEOLOGIA\PuntoHidrogeologico,DEPTO,-1,-1;CAR "CAR" true true false 8 Double 0 0 ,First,#,E:\PARA ENTREGA FINAL\GDB_ANLA_MCB.gdb\T_16_HIDROGEOLOGIA\PuntoHidrogeologico,CAR,-1,-1;NOMBRE "NOMBRE" true true false 100 Text 0 0 ,First,#,E:\PARA ENTREGA FINAL\GDB_ANLA_MCB.gdb\T_16_HIDROGEOLOGIA\PuntoHidrogeologico,NOMBRE,-1,-1;ID_PUNTO_H "ID_PUNTO_H" true true false 20 Text 0 0 ,First,#,E:\PARA ENTREGA FINAL\GDB_ANLA_MCB.gdb\T_16_HIDROGEOLOGIA\PuntoHidrogeologico,ID_PUNTO_H,-1,-1;TIPO_PUNTO "TIPO_PUNTO" true true false 8 Double 0 0 ,First,#,E:\PARA ENTREGA FINAL\GDB_ANLA_MCB.gdb\T_16_HIDROGEOLOGIA\PuntoHidrogeologico,TIPO_PUNTO,-1,-1;UNI_GEOLO "UNI_GEOLO" true true false 255 Text 0 0 ,First,#,E:\PARA ENTREGA FINAL\GDB_ANLA_MCB.gdb\T_16_HIDROGEOLOGIA\PuntoHidrogeologico,UNI_GEOLO,-1,-1;NOM_PREDIO "NOM_PREDIO" true true false 100 Text 0 0 ,First,#,E:\PARA ENTREGA FINAL\GDB_ANLA_MCB.gdb\T_16_HIDROGEOLOGIA\PuntoHidrogeologico,NOM_PREDIO,-1,-1;COND_PROPI "COND_PROPI" true true false 8 Double 0 0 ,First,#,E:\PARA ENTREGA FINAL\GDB_ANLA_MCB.gdb\T_16_HIDROGEOLOGIA\PuntoHidrogeologico,COND_PROPI,-1,-1;SITIO "SITIO" true true false 100 Text 0 0 ,First,#,E:\PARA ENTREGA FINAL\GDB_ANLA_MCB.gdb\T_16_HIDROGEOLOGIA\PuntoHidrogeologico,SITIO,-1,-1;FEC_CARACT "FEC_CARACT" true true false 8 Date 0 0 ,First,#,E:\PARA ENTREGA FINAL\GDB_ANLA_MCB.gdb\T_16_HIDROGEOLOGIA\PuntoHidrogeologico,FEC_CARACT,-1,-1;DILIGENCIA "DILIGENCIA" true true false 200 Text 0 0 ,First,#,E:\PARA ENTREGA FINAL\GDB_ANLA_MCB.gdb\T_16_HIDROGEOLOGIA\PuntoHidrogeologico,DILIGENCIA,-1,-1;FEC_CONST "FEC_CONST" true true false 8 Date 0 0 ,First,#,E:\PARA ENTREGA FINAL\GDB_ANLA_MCB.gdb\T_16_HIDROGEOLOGIA\PuntoHidrogeologico,FEC_CONST,-1,-1;DIAM_EXT "DIAM_EXT" true true false 8 Double 0 0 ,First,#,E:\PARA ENTREGA FINAL\GDB_ANLA_MCB.gdb\T_16_HIDROGEOLOGIA\PuntoHidrogeologico,DIAM_EXT,-1,-1;DIAM_INT "DIAM_INT" true true false 8 Double 0 0 ,First,#,E:\PARA ENTREGA FINAL\GDB_ANLA_MCB.gdb\T_16_HIDROGEOLOGIA\PuntoHidrogeologico,DIAM_INT,-1,-1;ANC_EXT "ANC_EXT" true true false 8 Double 0 0 ,First,#,E:\PARA ENTREGA FINAL\GDB_ANLA_MCB.gdb\T_16_HIDROGEOLOGIA\PuntoHidrogeologico,ANC_EXT,-1,-1;LAR_ETX "LAR_ETX" true true false 8 Double 0 0 ,First,#,E:\PARA ENTREGA FINAL\GDB_ANLA_MCB.gdb\T_16_HIDROGEOLOGIA\PuntoHidrogeologico,LAR_ETX,-1,-1;PROFUND_M "PROFUND_m" true true false 8 Double 0 0 ,First,#,E:\PARA ENTREGA FINAL\GDB_ANLA_MCB.gdb\T_16_HIDROGEOLOGIA\PuntoHidrogeologico,PROFUND_M,-1,-1;LONG_SUPER "LONG_SUPER" true true false 4 Float 0 0 ,First,#,E:\PARA ENTREGA FINAL\GDB_ANLA_MCB.gdb\T_16_HIDROGEOLOGIA\PuntoHidrogeologico,LONG_SUPER,-1,-1;NIV_PIEZOM "NIV_PIEZOM" true true false 8 Double 0 0 ,First,#,E:\PARA ENTREGA FINAL\GDB_ANLA_MCB.gdb\T_16_HIDROGEOLOGIA\PuntoHidrogeologico,NIV_PIEZOM,-1,-1;PER_CORPO "PER_CORPO" true true false 8 Double 0 0 ,First,#,E:\PARA ENTREGA FINAL\GDB_ANLA_MCB.gdb\T_16_HIDROGEOLOGIA\PuntoHidrogeologico,PER_CORPO,-1,-1;CAUDA_CORP "CAUDA_CORP" true true false 8 Double 0 0 ,First,#,E:\PARA ENTREGA FINAL\GDB_ANLA_MCB.gdb\T_16_HIDROGEOLOGIA\PuntoHidrogeologico,CAUDA_CORP,-1,-1;MATERIAL "MATERIAL" true true false 200 Text 0 0 ,First,#,E:\PARA ENTREGA FINAL\GDB_ANLA_MCB.gdb\T_16_HIDROGEOLOGIA\PuntoHidrogeologico,MATERIAL,-1,-1;MET_EXPLOT "MET_EXPLOT" true true false 8 Double 0 0 ,First,#,E:\PARA ENTREGA FINAL\GDB_ANLA_MCB.gdb\T_16_HIDROGEOLOGIA\PuntoHidrogeologico,MET_EXPLOT,-1,-1;T_ENERGIA "T_ENERGIA" true true false 8 Double 0 0 ,First,#,E:\PARA ENTREGA FINAL\GDB_ANLA_MCB.gdb\T_16_HIDROGEOLOGIA\PuntoHidrogeologico,T_ENERGIA,-1,-1;US_DI_POZO "US_DI_POZO" true true false 8 Double 0 0 ,First,#,E:\PARA ENTREGA FINAL\GDB_ANLA_MCB.gdb\T_16_HIDROGEOLOGIA\PuntoHidrogeologico,US_DI_POZO,-1,-1;MED_SURG "MED_SURG" true true false 8 Double 0 0 ,First,#,E:\PARA ENTREGA FINAL\GDB_ANLA_MCB.gdb\T_16_HIDROGEOLOGIA\PuntoHidrogeologico,MED_SURG,-1,-1;T_MANANT "T_MANANT" true true false 8 Double 0 0 ,First,#,E:\PARA ENTREGA FINAL\GDB_ANLA_MCB.gdb\T_16_HIDROGEOLOGIA\PuntoHidrogeologico,T_MANANT,-1,-1;P_MANANT "P_MANANT" true true false 8 Double 0 0 ,First,#,E:\PARA ENTREGA FINAL\GDB_ANLA_MCB.gdb\T_16_HIDROGEOLOGIA\PuntoHidrogeologico,P_MANANT,-1,-1;CONDI_PUNT "CONDI_PUNT" true true false 8 Double 0 0 ,First,#,E:\PARA ENTREGA FINAL\GDB_ANLA_MCB.gdb\T_16_HIDROGEOLOGIA\PuntoHidrogeologico,CONDI_PUNT,-1,-1;PROP_PTO "PROP_PTO" true true false 8 Double 0 0 ,First,#,E:\PARA ENTREGA FINAL\GDB_ANLA_MCB.gdb\T_16_HIDROGEOLOGIA\PuntoHidrogeologico,PROP_PTO,-1,-1;U_APROV_1 "U_APROV_1" true true false 8 Double 0 0 ,First,#,E:\PARA ENTREGA FINAL\GDB_ANLA_MCB.gdb\T_16_HIDROGEOLOGIA\PuntoHidrogeologico,U_APROV_1,-1,-1;D_U_APR_1 "D_U_APR_1" true true false 8 Double 0 0 ,First,#,E:\PARA ENTREGA FINAL\GDB_ANLA_MCB.gdb\T_16_HIDROGEOLOGIA\PuntoHidrogeologico,D_U_APR_1,-1,-1;U_APROV_2 "U_APROV_2" true true false 8 Double 0 0 ,First,#,E:\PARA ENTREGA FINAL\GDB_ANLA_MCB.gdb\T_16_HIDROGEOLOGIA\PuntoHidrogeologico,U_APROV_2,-1,-1;D_U_APR_2 "D_U_APR_2" true true false 8 Double 0 0 ,First,#,E:\PARA ENTREGA FINAL\GDB_ANLA_MCB.gdb\T_16_HIDROGEOLOGIA\PuntoHidrogeologico,D_U_APR_2,-1,-1;U_APROV_3 "U_APROV_3" true true false 8 Double 0 0 ,First,#,E:\PARA ENTREGA FINAL\GDB_ANLA_MCB.gdb\T_16_HIDROGEOLOGIA\PuntoHidrogeologico,U_APROV_3,-1,-1;D_U_APR_3 "D_U_APR_3" true true false 8 Double 0 0 ,First,#,E:\PARA ENTREGA FINAL\GDB_ANLA_MCB.gdb\T_16_HIDROGEOLOGIA\PuntoHidrogeologico,D_U_APR_3,-1,-1;U_APROV_4 "U_APROV_4" true true false 8 Double 0 0 ,First,#,E:\PARA ENTREGA FINAL\GDB_ANLA_MCB.gdb\T_16_HIDROGEOLOGIA\PuntoHidrogeologico,U_APROV_4,-1,-1;D_U_APR_4 "D_U_APR_4" true true false 8 Double 0 0 ,First,#,E:\PARA ENTREGA FINAL\GDB_ANLA_MCB.gdb\T_16_HIDROGEOLOGIA\PuntoHidrogeologico,D_U_APR_4,-1,-1;D_USO_TOT "D_USO_TOT" true true false 8 Double 0 0 ,First,#,E:\PARA ENTREGA FINAL\GDB_ANLA_MCB.gdb\T_16_HIDROGEOLOGIA\PuntoHidrogeologico,D_USO_TOT,-1,-1;N_US_PUB "N_US_PUB" true true false 2 Short 0 0 ,First,#,E:\PARA ENTREGA FINAL\GDB_ANLA_MCB.gdb\T_16_HIDROGEOLOGIA\PuntoHidrogeologico,N_US_PUB,-1,-1;N_US_DOM "N_US_DOM" true true false 2 Short 0 0 ,First,#,E:\PARA ENTREGA FINAL\GDB_ANLA_MCB.gdb\T_16_HIDROGEOLOGIA\PuntoHidrogeologico,N_US_DOM,-1,-1;T_INDUST "T_INDUST" true true false 100 Text 0 0 ,First,#,E:\PARA ENTREGA FINAL\GDB_ANLA_MCB.gdb\T_16_HIDROGEOLOGIA\PuntoHidrogeologico,T_INDUST,-1,-1;T_CULTIVO "T_CULTIVO" true true false 100 Text 0 0 ,First,#,E:\PARA ENTREGA FINAL\GDB_ANLA_MCB.gdb\T_16_HIDROGEOLOGIA\PuntoHidrogeologico,T_CULTIVO,-1,-1;A_IRRIG_HA "A_IRRIG_ha" true true false 8 Double 0 0 ,First,#,E:\PARA ENTREGA FINAL\GDB_ANLA_MCB.gdb\T_16_HIDROGEOLOGIA\PuntoHidrogeologico,A_IRRIG_HA,-1,-1;T_AGROIND "T_AGROIND" true true false 100 Text 0 0 ,First,#,E:\PARA ENTREGA FINAL\GDB_ANLA_MCB.gdb\T_16_HIDROGEOLOGIA\PuntoHidrogeologico,T_AGROIND,-1,-1;N_ANIM "N_ANIM" true true false 4 Long 0 0 ,First,#,E:\PARA ENTREGA FINAL\GDB_ANLA_MCB.gdb\T_16_HIDROGEOLOGIA\PuntoHidrogeologico,N_ANIM,-1,-1;RESID_SOL "RESID_SOL" true true false 8 Double 0 0 ,First,#,E:\PARA ENTREGA FINAL\GDB_ANLA_MCB.gdb\T_16_HIDROGEOLOGIA\PuntoHidrogeologico,RESID_SOL,-1,-1;MAN_RESID "MAN_RESID" true true false 8 Double 0 0 ,First,#,E:\PARA ENTREGA FINAL\GDB_ANLA_MCB.gdb\T_16_HIDROGEOLOGIA\PuntoHidrogeologico,MAN_RESID,-1,-1;OBS_RESID "OBS_RESID" true true false 100 Text 0 0 ,First,#,E:\PARA ENTREGA FINAL\GDB_ANLA_MCB.gdb\T_16_HIDROGEOLOGIA\PuntoHidrogeologico,OBS_RESID,-1,-1;OBSERV "OBSERV" true true false 255 Text 0 0 ,First,#,E:\PARA ENTREGA FINAL\GDB_ANLA_MCB.gdb\T_16_HIDROGEOLOGIA\PuntoHidrogeologico,OBSERV,-1,-1;COTA "COTA" true true false 8 Double 0 0 ,First,#,E:\PARA ENTREGA FINAL\GDB_ANLA_MCB.gdb\T_16_HIDROGEOLOGIA\PuntoHidrogeologico,COTA,-1,-1;COOR_ESTE "COOR_ESTE" true true false 8 Double 0 0 ,First,#,E:\PARA ENTREGA FINAL\GDB_ANLA_MCB.gdb\T_16_HIDROGEOLOGIA\PuntoHidrogeologico,COOR_ESTE,-1,-1;COOR_NORTE "COOR_NORTE" true true false 8 Double 0 0 ,First,#,E:\PARA ENTREGA FINAL\GDB_ANLA_MCB.gdb\T_16_HIDROGEOLOGIA\PuntoHidrogeologico,COOR_NORTE,-1,-1" #</Process><Process ToolSource="c:\program files (x86)\arcgis\desktop10.2\ArcToolbox\Toolboxes\Data Management Tools.tbx\Rename" Date="20160721" Time="224054">Rename "E:\PARA ENTREGA FINAL\GDB_ANLA_MCB.gdb\T_16_HIDROGEOLOGIA\PuntoHidrogeologico0" "E:\PARA ENTREGA FINAL\GDB_ANLA_MCB.gdb\T_16_HIDROGEOLOGIA\PuntoHidrogeologico" FeatureClass</Process><Process ToolSource="c:\program files (x86)\arcgis\desktop10.5\ArcToolbox\Toolboxes\Data Management Tools.tbx\AlterField" Date="20181129" Time="170326">AlterField D:\fpena\Desktop\TMP\MAGNA_Origen_Bogota\GDB\BD_ANLA_3116.gdb\PuntoHidrogeologico PROFUND_M # # DOUBLE 8 NULLABLE true</Process><Process ToolSource="c:\program files (x86)\arcgis\desktop10.5\ArcToolbox\Toolboxes\Data Management Tools.tbx\AlterField" Date="20181129" Time="170330">AlterField D:\fpena\Desktop\TMP\MAGNA_Origen_Bogota\GDB\BD_ANLA_3116.gdb\PuntoHidrogeologico A_IRRIG_HA # # DOUBLE 8 NULLABLE true</Process><Process ToolSource="c:\program files (x86)\arcgis\desktop10.5\ArcToolbox\Toolboxes\Data Management Tools.tbx\CopyFeatures" Date="20181129" Time="202644">CopyFeatures D:\fpena\Desktop\TMP\BD_ANLA_3116.gdb\PuntoHidrogeologico D:\fpena\Desktop\TMP\BD_ANLA_3116\T_16_HIDROGEOLOGIA\PuntoHidrogeologico.shp # 0 0 0</Process></lineage><itemProps><itemLocation><linkage Sync="TRUE">file://\\FPENA\D$\fpena\Desktop\TMP\BD_ANLA_3116\T_16_HIDROGEOLOGIA\PuntoHidrogeologico.shp</linkage><protocol Sync="TRUE">Local Area Network</protocol></itemLocation><itemName Sync="TRUE">PuntoHidrogeologico</itemName><imsContentType Sync="TRUE">002</imsContentType><itemSize Sync="TRUE">0.000</itemSize></itemProps><coordRef><type Sync="TRUE">Projected</type><geogcsn Sync="TRUE">GCS_MAGNA</geogcsn><csUnits Sync="TRUE">Linear Unit: Meter (1.000000)</csUnits><projcsn Sync="TRUE">MAGNA_Colombia_Bogota</projcsn><peXml Sync="TRUE">&lt;ProjectedCoordinateSystem xsi:type='typens:ProjectedCoordinateSystem' xmlns:xsi='http://www.w3.org/2001/XMLSchema-instance' xmlns:xs='http://www.w3.org/2001/XMLSchema' xmlns:typens='http://www.esri.com/schemas/ArcGIS/10.5'&gt;&lt;WKT&gt;PROJCS[&amp;quot;MAGNA_Colombia_Bogota&amp;quot;,GEOGCS[&amp;quot;GCS_MAGNA&amp;quot;,DATUM[&amp;quot;D_MAGNA&amp;quot;,SPHEROID[&amp;quot;GRS_1980&amp;quot;,6378137.0,298.257222101]],PRIMEM[&amp;quot;Greenwich&amp;quot;,0.0],UNIT[&amp;quot;Degree&amp;quot;,0.0174532925199433]],PROJECTION[&amp;quot;Transverse_Mercator&amp;quot;],PARAMETER[&amp;quot;False_Easting&amp;quot;,1000000.0],PARAMETER[&amp;quot;False_Northing&amp;quot;,1000000.0],PARAMETER[&amp;quot;Central_Meridian&amp;quot;,-74.07750791666666],PARAMETER[&amp;quot;Scale_Factor&amp;quot;,1.0],PARAMETER[&amp;quot;Latitude_Of_Origin&amp;quot;,4.596200416666666],UNIT[&amp;quot;Meter&amp;quot;,1.0]],VERTCS[&amp;quot;WGS_1984&amp;quot;,DATUM[&amp;quot;D_WGS_1984&amp;quot;,SPHEROID[&amp;quot;WGS_1984&amp;quot;,6378137.0,298.257223563]],PARAMETER[&amp;quot;Vertical_Shift&amp;quot;,0.0],PARAMETER[&amp;quot;Direction&amp;quot;,1.0],UNIT[&amp;quot;Meter&amp;quot;,1.0]]&lt;/WKT&gt;&lt;XOrigin&gt;-4623200&lt;/XOrigin&gt;&lt;YOrigin&gt;-9510300&lt;/YOrigin&gt;&lt;XYScale&gt;450265407.00157917&lt;/XYScale&gt;&lt;ZOrigin&gt;-100000&lt;/ZOrigin&gt;&lt;ZScale&gt;10000&lt;/ZScale&gt;&lt;MOrigin&gt;-100000&lt;/MOrigin&gt;&lt;MScale&gt;10000&lt;/MScale&gt;&lt;XYTolerance&gt;0.001&lt;/XYTolerance&gt;&lt;ZTolerance&gt;0.001&lt;/ZTolerance&gt;&lt;MTolerance&gt;0.001&lt;/MTolerance&gt;&lt;HighPrecision&gt;true&lt;/HighPrecision&gt;&lt;WKID&gt;3116&lt;/WKID&gt;&lt;LatestWKID&gt;3116&lt;/LatestWKID&gt;&lt;VCSWKID&gt;115700&lt;/VCSWKID&gt;&lt;LatestVCSWKID&gt;115700&lt;/LatestVCSWKID&gt;&lt;/ProjectedCoordinateSystem&gt;</peXml></coordRef></DataProperties><SyncDate>20181129</SyncDate><SyncTime>20264400</SyncTime><ModDate>20181129</ModDate><ModTime>20264400</ModTime></Esri><dataIdInfo><envirDesc Sync="TRUE"> Version 6.2 (Build 9200) ; Esri ArcGIS 10.5.1.7333</envirDesc><dataLang><languageCode value="spa" Sync="TRUE"></languageCode><countryCode value="COL" Sync="TRUE"></countryCode></dataLang><idCitation><resTitle Sync="TRUE">PuntoHidrogeologico</resTitle><presForm><PresFormCd value="005" Sync="TRUE"></PresFormCd></presForm></idCitation><spatRpType><SpatRepTypCd value="001" Sync="TRUE"></SpatRepTypCd></spatRpType></dataIdInfo><mdLang><languageCode value="spa" Sync="TRUE"></languageCode><countryCode value="COL" Sync="TRUE"></countryCode></mdLang><distInfo><distFormat><formatName Sync="TRUE">Shapefile</formatName></distFormat><distTranOps><transSize Sync="TRUE">0.000</transSize></distTranOps></distInfo><mdHrLv><ScopeCd value="005" Sync="TRUE"></ScopeCd></mdHrLv><mdHrLvName Sync="TRUE">dataset</mdHrLvName><refSysInfo><RefSystem><refSysID><identCode code="3116" Sync="TRUE"></identCode><idCodeSpace Sync="TRUE">EPSG</idCodeSpace><idVersion Sync="TRUE">8.6(9.2.0)</idVersion></refSysID></RefSystem></refSysInfo><spatRepInfo><VectSpatRep><geometObjs Name="PuntoHidrogeologico"><geoObjTyp><GeoObjTypCd value="004" Sync="TRUE"></GeoObjTypCd></geoObjTyp><geoObjCnt Sync="TRUE">0</geoObjCnt></geometObjs><topLvl><TopoLevCd value="001" Sync="TRUE"></TopoLevCd></topLvl></VectSpatRep></spatRepInfo><spdoinfo><ptvctinf><esriterm Name="PuntoHidrogeologico"><efeatyp Sync="TRUE">Simple</efeatyp><efeageom code="1" Sync="TRUE"></efeageom><esritopo Sync="TRUE">FALSE</esritopo><efeacnt Sync="TRUE">0</efeacnt><spindex Sync="TRUE">FALSE</spindex><linrefer Sync="TRUE">FALSE</linrefer></esriterm></ptvctinf></spdoinfo><eainfo><detailed Name="PuntoHidrogeologico"><enttyp><enttypl Sync="TRUE">PuntoHidrogeologico</enttypl><enttypt Sync="TRUE">Feature Class</enttypt><enttypc Sync="TRUE">0</enttypc></enttyp><attr><attrlabl Sync="TRUE">FID</attrlabl><attalias Sync="TRUE">FID</attalias><attrtype Sync="TRUE">OID</attrtype><attwidth Sync="TRUE">4</attwidth><atprecis Sync="TRUE">0</atprecis><attscale Sync="TRUE">0</attscale><attrdef Sync="TRUE">Internal feature number.</attrdef><attrdefs Sync="TRUE">Esri</attrdefs><attrdomv><udom Sync="TRUE">Sequential unique whole numbers that are automatically generated.</udom></attrdomv></attr><attr><attrlabl Sync="TRUE">Shape</attrlabl><attalias Sync="TRUE">Shape</attalias><attrtype Sync="TRUE">Geometry</attrtype><attwidth Sync="TRUE">0</attwidth><atprecis Sync="TRUE">0</atprecis><attscale Sync="TRUE">0</attscale><attrdef Sync="TRUE">Feature geometry.</attrdef><attrdefs Sync="TRUE">Esri</attrdefs><attrdomv><udom Sync="TRUE">Coordinates defining the features.</udom></attrdomv></attr><attr><attrlabl Sync="TRUE">EXPEDIENTE</attrlabl><attalias Sync="TRUE">EXPEDIENTE</attalias><attrtype Sync="TRUE">String</attrtype><attwidth Sync="TRUE">20</attwidth><atprecis Sync="TRUE">0</atprecis><attscale Sync="TRUE">0</attscale></attr><attr><attrlabl Sync="TRUE">OPERADOR</attrlabl><attalias Sync="TRUE">OPERADOR</attalias><attrtype Sync="TRUE">String</attrtype><attwidth Sync="TRUE">100</attwidth><atprecis Sync="TRUE">0</atprecis><attscale Sync="TRUE">0</attscale></attr><attr><attrlabl Sync="TRUE">PROYECTO</attrlabl><attalias Sync="TRUE">PROYECTO</attalias><attrtype Sync="TRUE">String</attrtype><attwidth Sync="TRUE">200</attwidth><atprecis Sync="TRUE">0</atprecis><attscale Sync="TRUE">0</attscale></attr><attr><attrlabl Sync="TRUE">VEREDA</attrlabl><attalias Sync="TRUE">VEREDA</attalias><attrtype Sync="TRUE">String</attrtype><attwidth Sync="TRUE">100</attwidth><atprecis Sync="TRUE">0</atprecis><attscale Sync="TRUE">0</attscale></attr><attr><attrlabl Sync="TRUE">MUNICIPIO</attrlabl><attalias Sync="TRUE">MUNICIPIO</attalias><attrtype Sync="TRUE">String</attrtype><attwidth Sync="TRUE">5</attwidth><atprecis Sync="TRUE">0</atprecis><attscale Sync="TRUE">0</attscale></attr><attr><attrlabl Sync="TRUE">DEPTO</attrlabl><attalias Sync="TRUE">DEPTO</attalias><attrtype Sync="TRUE">String</attrtype><attwidth Sync="TRUE">2</attwidth><atprecis Sync="TRUE">0</atprecis><attscale Sync="TRUE">0</attscale></attr><attr><attrlabl Sync="TRUE">CAR</attrlabl><attalias Sync="TRUE">CAR</attalias><attrtype Sync="TRUE">Double</attrtype><attwidth Sync="TRUE">19</attwidth><atprecis Sync="TRUE">0</atprecis><attscale Sync="TRUE">0</attscale></attr><attr><attrlabl Sync="TRUE">NOMBRE</attrlabl><attalias Sync="TRUE">NOMBRE</attalias><attrtype Sync="TRUE">String</attrtype><attwidth Sync="TRUE">100</attwidth><atprecis Sync="TRUE">0</atprecis><attscale Sync="TRUE">0</attscale></attr><attr><attrlabl Sync="TRUE">ID_PUNTO_H</attrlabl><attalias Sync="TRUE">ID_PUNTO_H</attalias><attrtype Sync="TRUE">String</attrtype><attwidth Sync="TRUE">20</attwidth><atprecis Sync="TRUE">0</atprecis><attscale Sync="TRUE">0</attscale></attr><attr><attrlabl Sync="TRUE">SITIO</attrlabl><attalias Sync="TRUE">SITIO</attalias><attrtype Sync="TRUE">String</attrtype><attwidth Sync="TRUE">100</attwidth><atprecis Sync="TRUE">0</atprecis><attscale Sync="TRUE">0</attscale></attr><attr><attrlabl Sync="TRUE">UNI_GEOLO</attrlabl><attalias Sync="TRUE">UNI_GEOLO</attalias><attrtype Sync="TRUE">String</attrtype><attwidth Sync="TRUE">254</attwidth><atprecis Sync="TRUE">0</atprecis><attscale Sync="TRUE">0</attscale></attr><attr><attrlabl Sync="TRUE">TIPO_PUNTO</attrlabl><attalias Sync="TRUE">TIPO_PUNTO</attalias><attrtype Sync="TRUE">Double</attrtype><attwidth Sync="TRUE">19</attwidth><atprecis Sync="TRUE">0</atprecis><attscale Sync="TRUE">0</attscale></attr><attr><attrlabl Sync="TRUE">NOM_PREDIO</attrlabl><attalias Sync="TRUE">NOM_PREDIO</attalias><attrtype Sync="TRUE">String</attrtype><attwidth Sync="TRUE">100</attwidth><atprecis Sync="TRUE">0</atprecis><attscale Sync="TRUE">0</attscale></attr><attr><attrlabl Sync="TRUE">COND_PROPI</attrlabl><attalias Sync="TRUE">COND_PROPI</attalias><attrtype Sync="TRUE">Double</attrtype><attwidth Sync="TRUE">19</attwidth><atprecis Sync="TRUE">0</atprecis><attscale Sync="TRUE">0</attscale></attr><attr><attrlabl Sync="TRUE">FEC_CARACT</attrlabl><attalias Sync="TRUE">FEC_CARACT</attalias><attrtype Sync="TRUE">Date</attrtype><attwidth Sync="TRUE">8</attwidth><atprecis Sync="TRUE">0</atprecis><attscale Sync="TRUE">0</attscale></attr><attr><attrlabl Sync="TRUE">DILIGENCIA</attrlabl><attalias Sync="TRUE">DILIGENCIA</attalias><attrtype Sync="TRUE">String</attrtype><attwidth Sync="TRUE">200</attwidth><atprecis Sync="TRUE">0</atprecis><attscale Sync="TRUE">0</attscale></attr><attr><attrlabl Sync="TRUE">FEC_CONST</attrlabl><attalias Sync="TRUE">FEC_CONST</attalias><attrtype Sync="TRUE">Date</attrtype><attwidth Sync="TRUE">8</attwidth><atprecis Sync="TRUE">0</atprecis><attscale Sync="TRUE">0</attscale></attr><attr><attrlabl Sync="TRUE">DIAM_EXT</attrlabl><attalias Sync="TRUE">DIAM_EXT</attalias><attrtype Sync="TRUE">Double</attrtype><attwidth Sync="TRUE">19</attwidth><atprecis Sync="TRUE">0</atprecis><attscale Sync="TRUE">0</attscale></attr><attr><attrlabl Sync="TRUE">DIAM_INT</attrlabl><attalias Sync="TRUE">DIAM_INT</attalias><attrtype Sync="TRUE">Double</attrtype><attwidth Sync="TRUE">19</attwidth><atprecis Sync="TRUE">0</atprecis><attscale Sync="TRUE">0</attscale></attr><attr><attrlabl Sync="TRUE">ANC_EXT</attrlabl><attalias Sync="TRUE">ANC_EXT</attalias><attrtype Sync="TRUE">Double</attrtype><attwidth Sync="TRUE">19</attwidth><atprecis Sync="TRUE">0</atprecis><attscale Sync="TRUE">0</attscale></attr><attr><attrlabl Sync="TRUE">LAR_ETX</attrlabl><attalias Sync="TRUE">LAR_ETX</attalias><attrtype Sync="TRUE">Double</attrtype><attwidth Sync="TRUE">19</attwidth><atprecis Sync="TRUE">0</atprecis><attscale Sync="TRUE">0</attscale></attr><attr><attrlabl Sync="TRUE">PROFUND_M</attrlabl><attalias Sync="TRUE">PROFUND_M</attalias><attrtype Sync="TRUE">Double</attrtype><attwidth Sync="TRUE">19</attwidth><atprecis Sync="TRUE">0</atprecis><attscale Sync="TRUE">0</attscale></attr><attr><attrlabl Sync="TRUE">LONG_SUPER</attrlabl><attalias Sync="TRUE">LONG_SUPER</attalias><attrtype Sync="TRUE">Single</attrtype><attwidth Sync="TRUE">13</attwidth><atprecis Sync="TRUE">0</atprecis><attscale Sync="TRUE">0</attscale></attr><attr><attrlabl Sync="TRUE">MATERIAL</attrlabl><attalias Sync="TRUE">MATERIAL</attalias><attrtype Sync="TRUE">String</attrtype><attwidth Sync="TRUE">200</attwidth><atprecis Sync="TRUE">0</atprecis><attscale Sync="TRUE">0</attscale></attr><attr><attrlabl Sync="TRUE">MET_EXPLOT</attrlabl><attalias Sync="TRUE">MET_EXPLOT</attalias><attrtype Sync="TRUE">Double</attrtype><attwidth Sync="TRUE">19</attwidth><atprecis Sync="TRUE">0</atprecis><attscale Sync="TRUE">0</attscale></attr><attr><attrlabl Sync="TRUE">T_ENERGIA</attrlabl><attalias Sync="TRUE">T_ENERGIA</attalias><attrtype Sync="TRUE">Double</attrtype><attwidth Sync="TRUE">19</attwidth><atprecis Sync="TRUE">0</atprecis><attscale Sync="TRUE">0</attscale></attr><attr><attrlabl Sync="TRUE">US_DI_POZO</attrlabl><attalias Sync="TRUE">US_DI_POZO</attalias><attrtype Sync="TRUE">Double</attrtype><attwidth Sync="TRUE">19</attwidth><atprecis Sync="TRUE">0</atprecis><attscale Sync="TRUE">0</attscale></attr><attr><attrlabl Sync="TRUE">MED_SURG</attrlabl><attalias Sync="TRUE">MED_SURG</attalias><attrtype Sync="TRUE">Double</attrtype><attwidth Sync="TRUE">19</attwidth><atprecis Sync="TRUE">0</atprecis><attscale Sync="TRUE">0</attscale></attr><attr><attrlabl Sync="TRUE">T_MANANT</attrlabl><attalias Sync="TRUE">T_MANANT</attalias><attrtype Sync="TRUE">Double</attrtype><attwidth Sync="TRUE">19</attwidth><atprecis Sync="TRUE">0</atprecis><attscale Sync="TRUE">0</attscale></attr><attr><attrlabl Sync="TRUE">P_MANANT</attrlabl><attalias Sync="TRUE">P_MANANT</attalias><attrtype Sync="TRUE">Double</attrtype><attwidth Sync="TRUE">19</attwidth><atprecis Sync="TRUE">0</atprecis><attscale Sync="TRUE">0</attscale></attr><attr><attrlabl Sync="TRUE">CONDI_PUNT</attrlabl><attalias Sync="TRUE">CONDI_PUNT</attalias><attrtype Sync="TRUE">Double</attrtype><attwidth Sync="TRUE">19</attwidth><atprecis Sync="TRUE">0</atprecis><attscale Sync="TRUE">0</attscale></attr><attr><attrlabl Sync="TRUE">PROP_PTO</attrlabl><attalias Sync="TRUE">PROP_PTO</attalias><attrtype Sync="TRUE">Double</attrtype><attwidth Sync="TRUE">19</attwidth><atprecis Sync="TRUE">0</atprecis><attscale Sync="TRUE">0</attscale></attr><attr><attrlabl Sync="TRUE">RESID_SOL</attrlabl><attalias Sync="TRUE">RESID_SOL</attalias><attrtype Sync="TRUE">Double</attrtype><attwidth Sync="TRUE">19</attwidth><atprecis Sync="TRUE">0</atprecis><attscale Sync="TRUE">0</attscale></attr><attr><attrlabl Sync="TRUE">MAN_RESID</attrlabl><attalias Sync="TRUE">MAN_RESID</attalias><attrtype Sync="TRUE">Double</attrtype><attwidth Sync="TRUE">19</attwidth><atprecis Sync="TRUE">0</atprecis><attscale Sync="TRUE">0</attscale></attr><attr><attrlabl Sync="TRUE">OBS_RESID</attrlabl><attalias Sync="TRUE">OBS_RESID</attalias><attrtype Sync="TRUE">String</attrtype><attwidth Sync="TRUE">100</attwidth><atprecis Sync="TRUE">0</atprecis><attscale Sync="TRUE">0</attscale></attr><attr><attrlabl Sync="TRUE">N_US_PUB</attrlabl><attalias Sync="TRUE">N_US_PUB</attalias><attrtype Sync="TRUE">Integer</attrtype><attwidth Sync="TRUE">5</attwidth><atprecis Sync="TRUE">5</atprecis><attscale Sync="TRUE">0</attscale></attr><attr><attrlabl Sync="TRUE">N_US_DOM</attrlabl><attalias Sync="TRUE">N_US_DOM</attalias><attrtype Sync="TRUE">Integer</attrtype><attwidth Sync="TRUE">5</attwidth><atprecis Sync="TRUE">5</atprecis><attscale Sync="TRUE">0</attscale></attr><attr><attrlabl Sync="TRUE">T_INDUST</attrlabl><attalias Sync="TRUE">T_INDUST</attalias><attrtype Sync="TRUE">String</attrtype><attwidth Sync="TRUE">100</attwidth><atprecis Sync="TRUE">0</atprecis><attscale Sync="TRUE">0</attscale></attr><attr><attrlabl Sync="TRUE">T_CULTIVO</attrlabl><attalias Sync="TRUE">T_CULTIVO</attalias><attrtype Sync="TRUE">String</attrtype><attwidth Sync="TRUE">100</attwidth><atprecis Sync="TRUE">0</atprecis><attscale Sync="TRUE">0</attscale></attr><attr><attrlabl Sync="TRUE">A_IRRIG_HA</attrlabl><attalias Sync="TRUE">A_IRRIG_HA</attalias><attrtype Sync="TRUE">Double</attrtype><attwidth Sync="TRUE">19</attwidth><atprecis Sync="TRUE">0</atprecis><attscale Sync="TRUE">0</attscale></attr><attr><attrlabl Sync="TRUE">T_AGROIND</attrlabl><attalias Sync="TRUE">T_AGROIND</attalias><attrtype Sync="TRUE">String</attrtype><attwidth Sync="TRUE">100</attwidth><atprecis Sync="TRUE">0</atprecis><attscale Sync="TRUE">0</attscale></attr><attr><attrlabl Sync="TRUE">N_ANIM</attrlabl><attalias Sync="TRUE">N_ANIM</attalias><attrtype Sync="TRUE">Integer</attrtype><attwidth Sync="TRUE">10</attwidth><atprecis Sync="TRUE">10</atprecis><attscale Sync="TRUE">0</attscale></attr><attr><attrlabl Sync="TRUE">OBSERV</attrlabl><attalias Sync="TRUE">OBSERV</attalias><attrtype Sync="TRUE">String</attrtype><attwidth Sync="TRUE">254</attwidth><atprecis Sync="TRUE">0</atprecis><attscale Sync="TRUE">0</attscale></attr><attr><attrlabl Sync="TRUE">COTA</attrlabl><attalias Sync="TRUE">COTA</attalias><attrtype Sync="TRUE">Double</attrtype><attwidth Sync="TRUE">19</attwidth><atprecis Sync="TRUE">0</atprecis><attscale Sync="TRUE">0</attscale></attr><attr><attrlabl Sync="TRUE">COOR_ESTE</attrlabl><attalias Sync="TRUE">COOR_ESTE</attalias><attrtype Sync="TRUE">Double</attrtype><attwidth Sync="TRUE">19</attwidth><atprecis Sync="TRUE">0</atprecis><attscale Sync="TRUE">0</attscale></attr><attr><attrlabl Sync="TRUE">COOR_NORTE</attrlabl><attalias Sync="TRUE">COOR_NORTE</attalias><attrtype Sync="TRUE">Double</attrtype><attwidth Sync="TRUE">19</attwidth><atprecis Sync="TRUE">0</atprecis><attscale Sync="TRUE">0</attscale></attr><attr><attrlabl Sync="TRUE">NIV_PIEZOM</attrlabl><attalias Sync="TRUE">NIV_PIEZOM</attalias><attrtype Sync="TRUE">Double</attrtype><attwidth Sync="TRUE">19</attwidth><atprecis Sync="TRUE">0</atprecis><attscale Sync="TRUE">0</attscale></attr><attr><attrlabl Sync="TRUE">PER_CORPO</attrlabl><attalias Sync="TRUE">PER_CORPO</attalias><attrtype Sync="TRUE">Double</attrtype><attwidth Sync="TRUE">19</attwidth><atprecis Sync="TRUE">0</atprecis><attscale Sync="TRUE">0</attscale></attr><attr><attrlabl Sync="TRUE">CAUDA_CORP</attrlabl><attalias Sync="TRUE">CAUDA_CORP</attalias><attrtype Sync="TRUE">Double</attrtype><attwidth Sync="TRUE">19</attwidth><atprecis Sync="TRUE">0</atprecis><attscale Sync="TRUE">0</attscale></attr><attr><attrlabl Sync="TRUE">U_APROV_1</attrlabl><attalias Sync="TRUE">U_APROV_1</attalias><attrtype Sync="TRUE">Double</attrtype><attwidth Sync="TRUE">19</attwidth><atprecis Sync="TRUE">0</atprecis><attscale Sync="TRUE">0</attscale></attr><attr><attrlabl Sync="TRUE">D_U_APR_1</attrlabl><attalias Sync="TRUE">D_U_APR_1</attalias><attrtype Sync="TRUE">Double</attrtype><attwidth Sync="TRUE">19</attwidth><atprecis Sync="TRUE">0</atprecis><attscale Sync="TRUE">0</attscale></attr><attr><attrlabl Sync="TRUE">U_APROV_2</attrlabl><attalias Sync="TRUE">U_APROV_2</attalias><attrtype Sync="TRUE">Double</attrtype><attwidth Sync="TRUE">19</attwidth><atprecis Sync="TRUE">0</atprecis><attscale Sync="TRUE">0</attscale></attr><attr><attrlabl Sync="TRUE">D_U_APR_2</attrlabl><attalias Sync="TRUE">D_U_APR_2</attalias><attrtype Sync="TRUE">Double</attrtype><attwidth Sync="TRUE">19</attwidth><atprecis Sync="TRUE">0</atprecis><attscale Sync="TRUE">0</attscale></attr><attr><attrlabl Sync="TRUE">U_APROV_3</attrlabl><attalias Sync="TRUE">U_APROV_3</attalias><attrtype Sync="TRUE">Double</attrtype><attwidth Sync="TRUE">19</attwidth><atprecis Sync="TRUE">0</atprecis><attscale Sync="TRUE">0</attscale></attr><attr><attrlabl Sync="TRUE">D_U_APR_3</attrlabl><attalias Sync="TRUE">D_U_APR_3</attalias><attrtype Sync="TRUE">Double</attrtype><attwidth Sync="TRUE">19</attwidth><atprecis Sync="TRUE">0</atprecis><attscale Sync="TRUE">0</attscale></attr><attr><attrlabl Sync="TRUE">U_APROV_4</attrlabl><attalias Sync="TRUE">U_APROV_4</attalias><attrtype Sync="TRUE">Double</attrtype><attwidth Sync="TRUE">19</attwidth><atprecis Sync="TRUE">0</atprecis><attscale Sync="TRUE">0</attscale></attr><attr><attrlabl Sync="TRUE">D_U_APR_4</attrlabl><attalias Sync="TRUE">D_U_APR_4</attalias><attrtype Sync="TRUE">Double</attrtype><attwidth Sync="TRUE">19</attwidth><atprecis Sync="TRUE">0</atprecis><attscale Sync="TRUE">0</attscale></attr><attr><attrlabl Sync="TRUE">D_USO_TOT</attrlabl><attalias Sync="TRUE">D_USO_TOT</attalias><attrtype Sync="TRUE">Double</attrtype><attwidth Sync="TRUE">19</attwidth><atprecis Sync="TRUE">0</atprecis><attscale Sync="TRUE">0</attscale></attr></detailed></eainfo><mdDateSt Sync="TRUE">20181129</mdDateSt></metadata>
