<metadata xml:lang="es"><Esri><CreaDate>20150618</CreaDate><CreaTime>14440000</CreaTime><ArcGISFormat>1.0</ArcGISFormat><SyncOnce>FALSE</SyncOnce><DataProperties><lineage><Process ToolSource="c:\program files (x86)\arcgis\desktop10.3\ArcToolbox\Toolboxes\Data Management Tools.tbx\CalculateField" Date="20150613" Time="125106">CalculateField D:\ayesa\implantacion\20150608\carga_geo\web.sde\GEODB.GEO.PuntoMustreoFauna EXPEDIENTE x( !Expediente! ) PYTHON_9.3 "def x(valor):\n    if valor=="NDA0976":\n        return "LAM1749"\n    elif valor=="LAV0090-13":\n        return "LAM1837"\n    elif valor=="LAV0070-13":\n        return "LAM1749"\n    elif valor=="NDA0803":\n        return "LAM2581"\n    elif valor=="LAM5023":\n        return "LAM4090"\n    elif valor=="LAM0647":\n        return "LAV0070-14"\n    elif valor=="LAM0666":\n        return "LAV0095-00-2014"\n    else:\n        return valor"</Process><Process ToolSource="c:\program files (x86)\arcgis\desktop10.3\ArcToolbox\Toolboxes\Data Management Tools.tbx\DeleteField" Date="20150827" Time="120510">DeleteField D:\MIGRACION_FINAL\GDB_ANLA_ACT\GDB_ANLA.gdb\PuntoMustreoFauna ID_INFORME</Process><Process ToolSource="c:\program files (x86)\arcgis\desktop10.3\ArcToolbox\Toolboxes\Data Management Tools.tbx\DeleteField" Date="20150827" Time="121117">DeleteField D:\MIGRACION_FINAL\GDB_ANLA_ACT\GDB_ANLA.gdb\PuntoMustreoFauna TIPO_ESTUD</Process><Process ToolSource="c:\program files (x86)\arcgis\desktop10.3\ArcToolbox\Toolboxes\Data Management Tools.tbx\DeleteField" Date="20150827" Time="121428">DeleteField D:\MIGRACION_FINAL\GDB_ANLA_ACT\GDB_ANLA.gdb\PuntoMustreoFauna FECHA</Process><Process ToolSource="c:\program files (x86)\arcgis\desktop10.3\ArcToolbox\Toolboxes\Data Management Tools.tbx\DeleteField" Date="20150827" Time="121649">DeleteField D:\MIGRACION_FINAL\GDB_ANLA_ACT\GDB_ANLA.gdb\PuntoMustreoFauna SEGUIMIENT</Process><Process ToolSource="c:\program files (x86)\arcgis\desktop10.3\ArcToolbox\Toolboxes\Data Management Tools.tbx\DeleteField" Date="20150827" Time="122004">DeleteField D:\MIGRACION_FINAL\GDB_ANLA_ACT\GDB_ANLA.gdb\PuntoMustreoFauna AUTORIZADO</Process><Process ToolSource="c:\program files (x86)\arcgis\desktop10.3\ArcToolbox\Toolboxes\Data Management Tools.tbx\DeleteField" Date="20151007" Time="170735">DeleteField D:\MIGRACION_FINAL\GDB_ANLA.gdb\PuntoMuestreoFauna CODIGO</Process><Process ToolSource="c:\program files (x86)\arcgis\desktop10.4\ArcToolbox\Toolboxes\Conversion Tools.tbx\FeatureClassToFeatureClass" Date="20160706" Time="120903">FeatureClassToFeatureClass "D:\ngonzalez\Desktop\Skydrive\SkyDrive Pro\MODELO DATOS\FINALES\GDB_ANLA_MCB.gdb\T_20_BIOTICO_CONTI_COSTE\PuntoMuestreoFauna" "D:\ngonzalez\Desktop\Skydrive\SkyDrive Pro\MODELO DATOS\FINALES\GDB_ANLA_MCB.gdb\T_20_BIOTICO_CONTI_COSTE" PuntoMuestreoFauna0 # "EXPEDIENTE "EXPEDIENTE" true true false 20 Text 0 0 ,First,#,D:\ngonzalez\Desktop\Skydrive\SkyDrive Pro\MODELO DATOS\FINALES\GDB_ANLA_MCB.gdb\T_20_BIOTICO_CONTI_COSTE\PuntoMuestreoFauna,EXPEDIENTE,-1,-1;OPERADOR "OPERADOR" true true false 100 Text 0 0 ,First,#,D:\ngonzalez\Desktop\Skydrive\SkyDrive Pro\MODELO DATOS\FINALES\GDB_ANLA_MCB.gdb\T_20_BIOTICO_CONTI_COSTE\PuntoMuestreoFauna,OPERADOR,-1,-1;PROYECTO "PROYECTO" true true false 200 Text 0 0 ,First,#,D:\ngonzalez\Desktop\Skydrive\SkyDrive Pro\MODELO DATOS\FINALES\GDB_ANLA_MCB.gdb\T_20_BIOTICO_CONTI_COSTE\PuntoMuestreoFauna,PROYECTO,-1,-1;NUM_ACT_AD "NUM_ACT_AD" true true false 20 Text 0 0 ,First,#,D:\ngonzalez\Desktop\Skydrive\SkyDrive Pro\MODELO DATOS\FINALES\GDB_ANLA_MCB.gdb\T_20_BIOTICO_CONTI_COSTE\PuntoMuestreoFauna,NUM_ACT_AD,-1,-1;FEC_ACT_AD "FEC_ACT_AD" true true false 8 Date 0 0 ,First,#,D:\ngonzalez\Desktop\Skydrive\SkyDrive Pro\MODELO DATOS\FINALES\GDB_ANLA_MCB.gdb\T_20_BIOTICO_CONTI_COSTE\PuntoMuestreoFauna,FEC_ACT_AD,-1,-1;ART_ACT_AD "ART_ACT_AD" true true false 50 Text 0 0 ,First,#,D:\ngonzalez\Desktop\Skydrive\SkyDrive Pro\MODELO DATOS\FINALES\GDB_ANLA_MCB.gdb\T_20_BIOTICO_CONTI_COSTE\PuntoMuestreoFauna,ART_ACT_AD,-1,-1;VEREDA "VEREDA" true true false 100 Text 0 0 ,First,#,D:\ngonzalez\Desktop\Skydrive\SkyDrive Pro\MODELO DATOS\FINALES\GDB_ANLA_MCB.gdb\T_20_BIOTICO_CONTI_COSTE\PuntoMuestreoFauna,VEREDA,-1,-1;MUNICIPIO "MUNICIPIO" true true false 5 Text 0 0 ,First,#,D:\ngonzalez\Desktop\Skydrive\SkyDrive Pro\MODELO DATOS\FINALES\GDB_ANLA_MCB.gdb\T_20_BIOTICO_CONTI_COSTE\PuntoMuestreoFauna,MUNICIPIO,-1,-1;DEPTO "DEPTO" true true false 2 Text 0 0 ,First,#,D:\ngonzalez\Desktop\Skydrive\SkyDrive Pro\MODELO DATOS\FINALES\GDB_ANLA_MCB.gdb\T_20_BIOTICO_CONTI_COSTE\PuntoMuestreoFauna,DEPTO,-1,-1;NOMBRE "NOMBRE" true true false 100 Text 0 0 ,First,#,D:\ngonzalez\Desktop\Skydrive\SkyDrive Pro\MODELO DATOS\FINALES\GDB_ANLA_MCB.gdb\T_20_BIOTICO_CONTI_COSTE\PuntoMuestreoFauna,NOMBRE,-1,-1;ID_MUES_PT "ID_MUEST" true true false 20 Text 0 0 ,First,#,D:\ngonzalez\Desktop\Skydrive\SkyDrive Pro\MODELO DATOS\FINALES\GDB_ANLA_MCB.gdb\T_20_BIOTICO_CONTI_COSTE\PuntoMuestreoFauna,ID_MUES_PT,-1,-1;N_COBERT "N_COBERT" true true false 100 Text 0 0 ,First,#,D:\ngonzalez\Desktop\Skydrive\SkyDrive Pro\MODELO DATOS\FINALES\GDB_ANLA_MCB.gdb\T_20_BIOTICO_CONTI_COSTE\PuntoMuestreoFauna,N_COBERT,-1,-1;NOMENCLAT "NOMENCLAT" true true false 4 Long 0 0 ,First,#,D:\ngonzalez\Desktop\Skydrive\SkyDrive Pro\MODELO DATOS\FINALES\GDB_ANLA_MCB.gdb\T_20_BIOTICO_CONTI_COSTE\PuntoMuestreoFauna,NOMENCLAT,-1,-1;T_MUEST "T_MUEST" true true false 8 Double 0 0 ,First,#,D:\ngonzalez\Desktop\Skydrive\SkyDrive Pro\MODELO DATOS\FINALES\GDB_ANLA_MCB.gdb\T_20_BIOTICO_CONTI_COSTE\PuntoMuestreoFauna,T_MUEST,-1,-1;HABITAT "HABITAT" true true false 255 Text 0 0 ,First,#,D:\ngonzalez\Desktop\Skydrive\SkyDrive Pro\MODELO DATOS\FINALES\GDB_ANLA_MCB.gdb\T_20_BIOTICO_CONTI_COSTE\PuntoMuestreoFauna,HABITAT,-1,-1;DESCRIP "DESCRIP" true true false 255 Text 0 0 ,First,#,D:\ngonzalez\Desktop\Skydrive\SkyDrive Pro\MODELO DATOS\FINALES\GDB_ANLA_MCB.gdb\T_20_BIOTICO_CONTI_COSTE\PuntoMuestreoFauna,DESCRIP,-1,-1;FEC_MUEST "FEC_MUEST" true true false 8 Date 0 0 ,First,#,D:\ngonzalez\Desktop\Skydrive\SkyDrive Pro\MODELO DATOS\FINALES\GDB_ANLA_MCB.gdb\T_20_BIOTICO_CONTI_COSTE\PuntoMuestreoFauna,FEC_MUEST,-1,-1;ESTACIONAL "ESTACIONAL" true true false 8 Double 0 0 ,First,#,D:\ngonzalez\Desktop\Skydrive\SkyDrive Pro\MODELO DATOS\FINALES\GDB_ANLA_MCB.gdb\T_20_BIOTICO_CONTI_COSTE\PuntoMuestreoFauna,ESTACIONAL,-1,-1;CUERPO_AGU "CUERPO_AGU" true true false 100 Text 0 0 ,First,#,D:\ngonzalez\Desktop\Skydrive\SkyDrive Pro\MODELO DATOS\FINALES\GDB_ANLA_MCB.gdb\T_20_BIOTICO_CONTI_COSTE\PuntoMuestreoFauna,CUERPO_AGU,-1,-1;COTA "COTA" true true false 8 Double 0 0 ,First,#,D:\ngonzalez\Desktop\Skydrive\SkyDrive Pro\MODELO DATOS\FINALES\GDB_ANLA_MCB.gdb\T_20_BIOTICO_CONTI_COSTE\PuntoMuestreoFauna,COTA,-1,-1;COOR_ESTE "COOR_ESTE" true true false 8 Double 0 0 ,First,#,D:\ngonzalez\Desktop\Skydrive\SkyDrive Pro\MODELO DATOS\FINALES\GDB_ANLA_MCB.gdb\T_20_BIOTICO_CONTI_COSTE\PuntoMuestreoFauna,COOR_ESTE,-1,-1;COOR_NORTE "COOR_NORTE" true true false 8 Double 0 0 ,First,#,D:\ngonzalez\Desktop\Skydrive\SkyDrive Pro\MODELO DATOS\FINALES\GDB_ANLA_MCB.gdb\T_20_BIOTICO_CONTI_COSTE\PuntoMuestreoFauna,COOR_NORTE,-1,-1" #</Process><Process ToolSource="c:\program files (x86)\arcgis\desktop10.4\ArcToolbox\Toolboxes\Data Management Tools.tbx\Rename" Date="20160706" Time="120905">Rename "D:\ngonzalez\Desktop\Skydrive\SkyDrive Pro\MODELO DATOS\FINALES\GDB_ANLA_MCB.gdb\T_20_BIOTICO_CONTI_COSTE\PuntoMuestreoFauna0" "D:\ngonzalez\Desktop\Skydrive\SkyDrive Pro\MODELO DATOS\FINALES\GDB_ANLA_MCB.gdb\T_20_BIOTICO_CONTI_COSTE\PuntoMuestreoFauna" FeatureClass</Process><Process ToolSource="c:\program files (x86)\arcgis\desktop10.5\ArcToolbox\Toolboxes\Data Management Tools.tbx\AlterField" Date="20181129" Time="173402">AlterField D:\fpena\Desktop\TMP\MAGNA_Origen_Este\GDB\BD_ANLA_3117.gdb\PuntoMuestreoFauna ID_MUES_PT # # TEXT 20 NON_NULLABLE true</Process><Process ToolSource="c:\program files (x86)\arcgis\desktop10.5\ArcToolbox\Toolboxes\Data Management Tools.tbx\CopyFeatures" Date="20181129" Time="204927">CopyFeatures D:\fpena\Desktop\TMP\BD_ANLA_3117.gdb\PuntoMuestreoFauna D:\fpena\Desktop\TMP\BD_ANLA_3117\T_20_BIOTICO_CONTI_COSTE\PuntoMuestreoFauna.shp # 0 0 0</Process></lineage><itemProps><itemLocation><linkage Sync="TRUE">file://\\FPENA\D$\fpena\Desktop\TMP\BD_ANLA_3117\T_20_BIOTICO_CONTI_COSTE\PuntoMuestreoFauna.shp</linkage><protocol Sync="TRUE">Local Area Network</protocol></itemLocation><itemName Sync="TRUE">PuntoMuestreoFauna</itemName><imsContentType Sync="TRUE">002</imsContentType><itemSize Sync="TRUE">0.000</itemSize></itemProps><coordRef><type Sync="TRUE">Projected</type><geogcsn Sync="TRUE">GCS_MAGNA</geogcsn><csUnits Sync="TRUE">Linear Unit: Meter (1.000000)</csUnits><projcsn Sync="TRUE">MAGNA_Colombia_Este</projcsn><peXml Sync="TRUE">&lt;ProjectedCoordinateSystem xsi:type='typens:ProjectedCoordinateSystem' xmlns:xsi='http://www.w3.org/2001/XMLSchema-instance' xmlns:xs='http://www.w3.org/2001/XMLSchema' xmlns:typens='http://www.esri.com/schemas/ArcGIS/10.5'&gt;&lt;WKT&gt;PROJCS[&amp;quot;MAGNA_Colombia_Este&amp;quot;,GEOGCS[&amp;quot;GCS_MAGNA&amp;quot;,DATUM[&amp;quot;D_MAGNA&amp;quot;,SPHEROID[&amp;quot;GRS_1980&amp;quot;,6378137.0,298.257222101]],PRIMEM[&amp;quot;Greenwich&amp;quot;,0.0],UNIT[&amp;quot;Degree&amp;quot;,0.0174532925199433]],PROJECTION[&amp;quot;Transverse_Mercator&amp;quot;],PARAMETER[&amp;quot;False_Easting&amp;quot;,1000000.0],PARAMETER[&amp;quot;False_Northing&amp;quot;,1000000.0],PARAMETER[&amp;quot;Central_Meridian&amp;quot;,-71.07750791666666],PARAMETER[&amp;quot;Scale_Factor&amp;quot;,1.0],PARAMETER[&amp;quot;Latitude_Of_Origin&amp;quot;,4.596200416666666],UNIT[&amp;quot;Meter&amp;quot;,1.0]],VERTCS[&amp;quot;WGS_1984&amp;quot;,DATUM[&amp;quot;D_WGS_1984&amp;quot;,SPHEROID[&amp;quot;WGS_1984&amp;quot;,6378137.0,298.257223563]],PARAMETER[&amp;quot;Vertical_Shift&amp;quot;,0.0],PARAMETER[&amp;quot;Direction&amp;quot;,1.0],UNIT[&amp;quot;Meter&amp;quot;,1.0]]&lt;/WKT&gt;&lt;XOrigin&gt;-4623200&lt;/XOrigin&gt;&lt;YOrigin&gt;-9510300&lt;/YOrigin&gt;&lt;XYScale&gt;450265407.00157917&lt;/XYScale&gt;&lt;ZOrigin&gt;-100000&lt;/ZOrigin&gt;&lt;ZScale&gt;10000&lt;/ZScale&gt;&lt;MOrigin&gt;-100000&lt;/MOrigin&gt;&lt;MScale&gt;10000&lt;/MScale&gt;&lt;XYTolerance&gt;0.001&lt;/XYTolerance&gt;&lt;ZTolerance&gt;0.001&lt;/ZTolerance&gt;&lt;MTolerance&gt;0.001&lt;/MTolerance&gt;&lt;HighPrecision&gt;true&lt;/HighPrecision&gt;&lt;WKID&gt;3117&lt;/WKID&gt;&lt;LatestWKID&gt;3117&lt;/LatestWKID&gt;&lt;VCSWKID&gt;115700&lt;/VCSWKID&gt;&lt;LatestVCSWKID&gt;115700&lt;/LatestVCSWKID&gt;&lt;/ProjectedCoordinateSystem&gt;</peXml></coordRef></DataProperties><SyncDate>20181129</SyncDate><SyncTime>20492600</SyncTime><ModDate>20181129</ModDate><ModTime>20492600</ModTime></Esri><dataIdInfo><envirDesc Sync="TRUE"> Version 6.2 (Build 9200) ; Esri ArcGIS 10.5.1.7333</envirDesc><dataLang><languageCode value="spa" Sync="TRUE"></languageCode><countryCode value="COL" Sync="TRUE"></countryCode></dataLang><idCitation><resTitle Sync="TRUE">PuntoMuestreoFauna</resTitle><presForm><PresFormCd value="005" Sync="TRUE"></PresFormCd></presForm></idCitation><spatRpType><SpatRepTypCd value="001" Sync="TRUE"></SpatRepTypCd></spatRpType></dataIdInfo><mdLang><languageCode value="spa" Sync="TRUE"></languageCode><countryCode value="COL" Sync="TRUE"></countryCode></mdLang><distInfo><distFormat><formatName Sync="TRUE">Shapefile</formatName></distFormat><distTranOps><transSize Sync="TRUE">0.000</transSize></distTranOps></distInfo><mdHrLv><ScopeCd value="005" Sync="TRUE"></ScopeCd></mdHrLv><mdHrLvName Sync="TRUE">dataset</mdHrLvName><refSysInfo><RefSystem><refSysID><identCode code="3117" Sync="TRUE"></identCode><idCodeSpace Sync="TRUE">EPSG</idCodeSpace><idVersion Sync="TRUE">8.6(9.2.0)</idVersion></refSysID></RefSystem></refSysInfo><spatRepInfo><VectSpatRep><geometObjs Name="PuntoMuestreoFauna"><geoObjTyp><GeoObjTypCd value="004" Sync="TRUE"></GeoObjTypCd></geoObjTyp><geoObjCnt Sync="TRUE">0</geoObjCnt></geometObjs><topLvl><TopoLevCd value="001" Sync="TRUE"></TopoLevCd></topLvl></VectSpatRep></spatRepInfo><spdoinfo><ptvctinf><esriterm Name="PuntoMuestreoFauna"><efeatyp Sync="TRUE">Simple</efeatyp><efeageom code="1" Sync="TRUE"></efeageom><esritopo Sync="TRUE">FALSE</esritopo><efeacnt Sync="TRUE">0</efeacnt><spindex Sync="TRUE">FALSE</spindex><linrefer Sync="TRUE">FALSE</linrefer></esriterm></ptvctinf></spdoinfo><eainfo><detailed Name="PuntoMuestreoFauna"><enttyp><enttypl Sync="TRUE">PuntoMuestreoFauna</enttypl><enttypt Sync="TRUE">Feature Class</enttypt><enttypc Sync="TRUE">0</enttypc></enttyp><attr><attrlabl Sync="TRUE">FID</attrlabl><attalias Sync="TRUE">FID</attalias><attrtype Sync="TRUE">OID</attrtype><attwidth Sync="TRUE">4</attwidth><atprecis Sync="TRUE">0</atprecis><attscale Sync="TRUE">0</attscale><attrdef Sync="TRUE">Internal feature number.</attrdef><attrdefs Sync="TRUE">Esri</attrdefs><attrdomv><udom Sync="TRUE">Sequential unique whole numbers that are automatically generated.</udom></attrdomv></attr><attr><attrlabl Sync="TRUE">SHAPE</attrlabl><attalias Sync="TRUE">Shape</attalias><attrtype Sync="TRUE">Geometry</attrtype><attwidth Sync="TRUE">0</attwidth><atprecis Sync="TRUE">0</atprecis><attscale Sync="TRUE">0</attscale><attrdef Sync="TRUE">Feature geometry.</attrdef><attrdefs Sync="TRUE">Esri</attrdefs><attrdomv><udom Sync="TRUE">Coordinates defining the features.</udom></attrdomv></attr><attr><attrlabl Sync="TRUE">EXPEDIENTE</attrlabl><attalias Sync="TRUE">EXPEDIENTE</attalias><attrtype Sync="TRUE">String</attrtype><attwidth Sync="TRUE">20</attwidth><atprecis Sync="TRUE">0</atprecis><attscale Sync="TRUE">0</attscale></attr><attr><attrlabl Sync="TRUE">OPERADOR</attrlabl><attalias Sync="TRUE">OPERADOR</attalias><attrtype Sync="TRUE">String</attrtype><attwidth Sync="TRUE">100</attwidth><atprecis Sync="TRUE">0</atprecis><attscale Sync="TRUE">0</attscale></attr><attr><attrlabl Sync="TRUE">PROYECTO</attrlabl><attalias Sync="TRUE">PROYECTO</attalias><attrtype Sync="TRUE">String</attrtype><attwidth Sync="TRUE">200</attwidth><atprecis Sync="TRUE">0</atprecis><attscale Sync="TRUE">0</attscale></attr><attr><attrlabl Sync="TRUE">NUM_ACT_AD</attrlabl><attalias Sync="TRUE">NUM_ACT_AD</attalias><attrtype Sync="TRUE">String</attrtype><attwidth Sync="TRUE">20</attwidth><atprecis Sync="TRUE">0</atprecis><attscale Sync="TRUE">0</attscale></attr><attr><attrlabl Sync="TRUE">FEC_ACT_AD</attrlabl><attalias Sync="TRUE">FEC_ACT_AD</attalias><attrtype Sync="TRUE">Date</attrtype><attwidth Sync="TRUE">8</attwidth><atprecis Sync="TRUE">0</atprecis><attscale Sync="TRUE">0</attscale></attr><attr><attrlabl Sync="TRUE">ART_ACT_AD</attrlabl><attalias Sync="TRUE">ART_ACT_AD</attalias><attrtype Sync="TRUE">String</attrtype><attwidth Sync="TRUE">50</attwidth><atprecis Sync="TRUE">0</atprecis><attscale Sync="TRUE">0</attscale></attr><attr><attrlabl Sync="TRUE">VEREDA</attrlabl><attalias Sync="TRUE">VEREDA</attalias><attrtype Sync="TRUE">String</attrtype><attwidth Sync="TRUE">100</attwidth><atprecis Sync="TRUE">0</atprecis><attscale Sync="TRUE">0</attscale></attr><attr><attrlabl Sync="TRUE">MUNICIPIO</attrlabl><attalias Sync="TRUE">MUNICIPIO</attalias><attrtype Sync="TRUE">String</attrtype><attwidth Sync="TRUE">5</attwidth><atprecis Sync="TRUE">0</atprecis><attscale Sync="TRUE">0</attscale></attr><attr><attrlabl Sync="TRUE">DEPTO</attrlabl><attalias Sync="TRUE">DEPTO</attalias><attrtype Sync="TRUE">String</attrtype><attwidth Sync="TRUE">2</attwidth><atprecis Sync="TRUE">0</atprecis><attscale Sync="TRUE">0</attscale></attr><attr><attrlabl Sync="TRUE">NOMBRE</attrlabl><attalias Sync="TRUE">NOMBRE</attalias><attrtype Sync="TRUE">String</attrtype><attwidth Sync="TRUE">100</attwidth><atprecis Sync="TRUE">0</atprecis><attscale Sync="TRUE">0</attscale></attr><attr><attrlabl Sync="TRUE">ID_MUES_PT</attrlabl><attalias Sync="TRUE">ID_MUES_PT</attalias><attrtype Sync="TRUE">String</attrtype><attwidth Sync="TRUE">20</attwidth><atprecis Sync="TRUE">0</atprecis><attscale Sync="TRUE">0</attscale></attr><attr><attrlabl Sync="TRUE">N_COBERT</attrlabl><attalias Sync="TRUE">N_COBERT</attalias><attrtype Sync="TRUE">String</attrtype><attwidth Sync="TRUE">100</attwidth><atprecis Sync="TRUE">0</atprecis><attscale Sync="TRUE">0</attscale></attr><attr><attrlabl Sync="TRUE">NOMENCLAT</attrlabl><attalias Sync="TRUE">NOMENCLAT</attalias><attrtype Sync="TRUE">Integer</attrtype><attwidth Sync="TRUE">10</attwidth><atprecis Sync="TRUE">10</atprecis><attscale Sync="TRUE">0</attscale></attr><attr><attrlabl Sync="TRUE">DESCRIP</attrlabl><attalias Sync="TRUE">DESCRIP</attalias><attrtype Sync="TRUE">String</attrtype><attwidth Sync="TRUE">254</attwidth><atprecis Sync="TRUE">0</atprecis><attscale Sync="TRUE">0</attscale></attr><attr><attrlabl Sync="TRUE">HABITAT</attrlabl><attalias Sync="TRUE">HABITAT</attalias><attrtype Sync="TRUE">String</attrtype><attwidth Sync="TRUE">254</attwidth><atprecis Sync="TRUE">0</atprecis><attscale Sync="TRUE">0</attscale></attr><attr><attrlabl Sync="TRUE">FEC_MUEST</attrlabl><attalias Sync="TRUE">FEC_MUEST</attalias><attrtype Sync="TRUE">Date</attrtype><attwidth Sync="TRUE">8</attwidth><atprecis Sync="TRUE">0</atprecis><attscale Sync="TRUE">0</attscale></attr><attr><attrlabl Sync="TRUE">ESTACIONAL</attrlabl><attalias Sync="TRUE">ESTACIONAL</attalias><attrtype Sync="TRUE">Double</attrtype><attwidth Sync="TRUE">19</attwidth><atprecis Sync="TRUE">0</atprecis><attscale Sync="TRUE">0</attscale></attr><attr><attrlabl Sync="TRUE">CUERPO_AGU</attrlabl><attalias Sync="TRUE">CUERPO_AGU</attalias><attrtype Sync="TRUE">String</attrtype><attwidth Sync="TRUE">100</attwidth><atprecis Sync="TRUE">0</atprecis><attscale Sync="TRUE">0</attscale></attr><attr><attrlabl Sync="TRUE">T_MUEST</attrlabl><attalias Sync="TRUE">T_MUEST</attalias><attrtype Sync="TRUE">Double</attrtype><attwidth Sync="TRUE">19</attwidth><atprecis Sync="TRUE">0</atprecis><attscale Sync="TRUE">0</attscale></attr><attr><attrlabl Sync="TRUE">COTA</attrlabl><attalias Sync="TRUE">COTA</attalias><attrtype Sync="TRUE">Double</attrtype><attwidth Sync="TRUE">19</attwidth><atprecis Sync="TRUE">0</atprecis><attscale Sync="TRUE">0</attscale></attr><attr><attrlabl Sync="TRUE">COOR_ESTE</attrlabl><attalias Sync="TRUE">COOR_ESTE</attalias><attrtype Sync="TRUE">Double</attrtype><attwidth Sync="TRUE">19</attwidth><atprecis Sync="TRUE">0</atprecis><attscale Sync="TRUE">0</attscale></attr><attr><attrlabl Sync="TRUE">COOR_NORTE</attrlabl><attalias Sync="TRUE">COOR_NORTE</attalias><attrtype Sync="TRUE">Double</attrtype><attwidth Sync="TRUE">19</attwidth><atprecis Sync="TRUE">0</atprecis><attscale Sync="TRUE">0</attscale></attr></detailed></eainfo><mdDateSt Sync="TRUE">20181129</mdDateSt></metadata>
