<metadata xml:lang="es"><Esri><CreaDate>20150618</CreaDate><CreaTime>14431700</CreaTime><ArcGISFormat>1.0</ArcGISFormat><SyncOnce>FALSE</SyncOnce><DataProperties><lineage><Process ToolSource="c:\program files (x86)\arcgis\desktop10.3\ArcToolbox\Toolboxes\Data Management Tools.tbx\CalculateField" Date="20150613" Time="124545">CalculateField D:\ayesa\implantacion\20150608\carga_geo\web.sde\GEODB.GEO.CaptacionAguaSubter EXPEDIENTE x( !Expediente! ) PYTHON_9.3 "def x(valor):\n    if valor=="NDA0976":\n        return "LAM1749"\n    elif valor=="LAV0090-13":\n        return "LAM1837"\n    elif valor=="LAV0070-13":\n        return "LAM1749"\n    elif valor=="NDA0803":\n        return "LAM2581"\n    elif valor=="LAM5023":\n        return "LAM4090"\n    elif valor=="LAM0647":\n        return "LAV0070-14"\n    elif valor=="LAM0666":\n        return "LAV0095-00-2014"\n    else:\n        return valor"</Process><Process ToolSource="c:\program files (x86)\arcgis\desktop10.3\ArcToolbox\Toolboxes\Data Management Tools.tbx\CalculateField" Date="20150616" Time="083636">CalculateField CaptacionAguaSubter AUTORIZADO 1 VB #</Process><Process ToolSource="c:\program files (x86)\arcgis\desktop10.3\ArcToolbox\Toolboxes\Data Management Tools.tbx\DeleteField" Date="20150827" Time="120450">DeleteField D:\MIGRACION_FINAL\GDB_ANLA_ACT\GDB_ANLA.gdb\CaptacionAguaSubter ID_INFORME</Process><Process ToolSource="c:\program files (x86)\arcgis\desktop10.3\ArcToolbox\Toolboxes\Data Management Tools.tbx\DeleteField" Date="20150827" Time="121057">DeleteField D:\MIGRACION_FINAL\GDB_ANLA_ACT\GDB_ANLA.gdb\CaptacionAguaSubter TIPO_ESTUD</Process><Process ToolSource="c:\program files (x86)\arcgis\desktop10.3\ArcToolbox\Toolboxes\Data Management Tools.tbx\DeleteField" Date="20150827" Time="121409">DeleteField D:\MIGRACION_FINAL\GDB_ANLA_ACT\GDB_ANLA.gdb\CaptacionAguaSubter FECHA</Process><Process ToolSource="c:\program files (x86)\arcgis\desktop10.3\ArcToolbox\Toolboxes\Data Management Tools.tbx\DeleteField" Date="20150827" Time="121629">DeleteField D:\MIGRACION_FINAL\GDB_ANLA_ACT\GDB_ANLA.gdb\CaptacionAguaSubter SEGUIMIENT</Process><Process ToolSource="c:\program files (x86)\arcgis\desktop10.3\ArcToolbox\Toolboxes\Data Management Tools.tbx\DeleteField" Date="20150827" Time="121942">DeleteField D:\MIGRACION_FINAL\GDB_ANLA_ACT\GDB_ANLA.gdb\CaptacionAguaSubter AUTORIZADO</Process><Process ToolSource="c:\program files (x86)\arcgis\desktop10.3\ArcToolbox\Toolboxes\Data Management Tools.tbx\DeleteField" Date="20151007" Time="170722">DeleteField D:\MIGRACION_FINAL\GDB_ANLA.gdb\CaptacionAguaSubter CODIGO</Process><Process ToolSource="c:\program files (x86)\arcgis\desktop10.3\ArcToolbox\Toolboxes\Conversion Tools.tbx\FeatureClassToFeatureClass" Date="20151022" Time="155502">FeatureClassToFeatureClass D:\MIGRACION_FINAL\GDB_ANLA.gdb\T_16_HIDROGEOLOGIA\CaptacionAguaSubter D:\MIGRACION_FINAL\GDB_ANLA.gdb\T_16_HIDROGEOLOGIA CaptacionAguaSubter0 # "EXPEDIENTE "EXPEDIENTE" true true false 20 Text 0 0 ,First,#,D:\MIGRACION_FINAL\GDB_ANLA.gdb\T_16_HIDROGEOLOGIA\CaptacionAguaSubter,EXPEDIENTE,-1,-1;OPERADOR "OPERADOR" true true false 100 Text 0 0 ,First,#,D:\MIGRACION_FINAL\GDB_ANLA.gdb\T_16_HIDROGEOLOGIA\CaptacionAguaSubter,OPERADOR,-1,-1;PROYECTO "PROYECTO" true true false 200 Text 0 0 ,First,#,D:\MIGRACION_FINAL\GDB_ANLA.gdb\T_16_HIDROGEOLOGIA\CaptacionAguaSubter,PROYECTO,-1,-1;NUM_ACT_AD "NUM_ACT_AD" true true false 20 Text 0 0 ,First,#,D:\MIGRACION_FINAL\GDB_ANLA.gdb\T_16_HIDROGEOLOGIA\CaptacionAguaSubter,NUM_ACT_AD,-1,-1;FEC_ACT_AD "FEC_ACT_AD" true true false 8 Date 0 0 ,First,#,D:\MIGRACION_FINAL\GDB_ANLA.gdb\T_16_HIDROGEOLOGIA\CaptacionAguaSubter,FEC_ACT_AD,-1,-1;ART_ACT_AD "ART_ACT_AD" true true false 50 Text 0 0 ,First,#,D:\MIGRACION_FINAL\GDB_ANLA.gdb\T_16_HIDROGEOLOGIA\CaptacionAguaSubter,ART_ACT_AD,-1,-1;VEREDA "VEREDA" true true false 100 Text 0 0 ,First,#,D:\MIGRACION_FINAL\GDB_ANLA.gdb\T_16_HIDROGEOLOGIA\CaptacionAguaSubter,VEREDA,-1,-1;MUNICIPIO "MUNICIPIO" true true false 5 Text 0 0 ,First,#,D:\MIGRACION_FINAL\GDB_ANLA.gdb\T_16_HIDROGEOLOGIA\CaptacionAguaSubter,MUNICIPIO,-1,-1;DEPTO "DEPTO" true true false 2 Text 0 0 ,First,#,D:\MIGRACION_FINAL\GDB_ANLA.gdb\T_16_HIDROGEOLOGIA\CaptacionAguaSubter,DEPTO,-1,-1;CAR "CAR" true true false 8 Double 0 0 ,First,#,D:\MIGRACION_FINAL\GDB_ANLA.gdb\T_16_HIDROGEOLOGIA\CaptacionAguaSubter,CAR,-1,-1;NOM_PREDIO "NOM_PREDIO" true true false 100 Text 0 0 ,First,#,D:\MIGRACION_FINAL\GDB_ANLA.gdb\T_16_HIDROGEOLOGIA\CaptacionAguaSubter,NOM_PREDIO,-1,-1;ID_PREDI "ID_PREDIO" true true false 30 Text 0 0 ,First,#,D:\MIGRACION_FINAL\GDB_ANLA.gdb\T_16_HIDROGEOLOGIA\CaptacionAguaSubter,ID_PREDI,-1,-1;NOM_PROPIE "NOM_PROPIE" true true false 100 Text 0 0 ,First,#,D:\MIGRACION_FINAL\GDB_ANLA.gdb\T_16_HIDROGEOLOGIA\CaptacionAguaSubter,NOM_PROPIE,-1,-1;SITIO "SITIO" true true false 100 Text 0 0 ,First,#,D:\MIGRACION_FINAL\GDB_ANLA.gdb\T_16_HIDROGEOLOGIA\CaptacionAguaSubter,SITIO,-1,-1;NOMBRE "NOMBRE" true true false 100 Text 0 0 ,First,#,D:\MIGRACION_FINAL\GDB_ANLA.gdb\T_16_HIDROGEOLOGIA\CaptacionAguaSubter,NOMBRE,-1,-1;ID_CAPT_PT "ID_CAPT_PT" true true false 20 Text 0 0 ,First,#,D:\MIGRACION_FINAL\GDB_ANLA.gdb\T_16_HIDROGEOLOGIA\CaptacionAguaSubter,ID_CAPT_PT,-1,-1;TIPO_PUNTO "TIPO_PUNTO" true true false 8 Double 0 0 ,First,#,D:\MIGRACION_FINAL\GDB_ANLA.gdb\T_16_HIDROGEOLOGIA\CaptacionAguaSubter,TIPO_PUNTO,-1,-1;UNI_HIDROG "NOM_ACUIF" true true false 255 Text 0 0 ,First,#,D:\MIGRACION_FINAL\GDB_ANLA.gdb\T_16_HIDROGEOLOGIA\CaptacionAguaSubter,UNI_HIDROG,-1,-1;NIV_ESTAT "NIVEL ESTATICO" true true false 8 Double 0 0 ,First,#,D:\MIGRACION_FINAL\GDB_ANLA.gdb\T_16_HIDROGEOLOGIA\CaptacionAguaSubter,NIV_ESTAT,-1,-1;NIV_DINAM "NIVEL DINAMICO" true true false 8 Double 0 0 ,First,#,D:\MIGRACION_FINAL\GDB_ANLA.gdb\T_16_HIDROGEOLOGIA\CaptacionAguaSubter,NIV_DINAM,-1,-1;MET_EXPLOT "MET_EXPLOT" true true false 8 Double 0 0 ,First,#,D:\MIGRACION_FINAL\GDB_ANLA.gdb\T_16_HIDROGEOLOGIA\CaptacionAguaSubter,MET_EXPLOT,-1,-1;CAP_BOMB "CAP_BOMB" true true false 8 Double 0 0 ,First,#,D:\MIGRACION_FINAL\GDB_ANLA.gdb\T_16_HIDROGEOLOGIA\CaptacionAguaSubter,CAP_BOMB,-1,-1;SIST_ABAST "SIST_ABAST" true true false 255 Text 0 0 ,First,#,D:\MIGRACION_FINAL\GDB_ANLA.gdb\T_16_HIDROGEOLOGIA\CaptacionAguaSubter,SIST_ABAST,-1,-1;DIAMETR_IN "DIAMETRO_in" true true false 8 Double 0 0 ,First,#,D:\MIGRACION_FINAL\GDB_ANLA.gdb\T_16_HIDROGEOLOGIA\CaptacionAguaSubter,DIAMETR_IN,-1,-1;ANCHO_M "ANCHO_m" true true false 8 Double 0 0 ,First,#,D:\MIGRACION_FINAL\GDB_ANLA.gdb\T_16_HIDROGEOLOGIA\CaptacionAguaSubter,ANCHO_M,-1,-1;PROFUND_M "PROFUND_m" true true false 8 Double 0 0 ,First,#,D:\MIGRACION_FINAL\GDB_ANLA.gdb\T_16_HIDROGEOLOGIA\CaptacionAguaSubter,PROFUND_M,-1,-1;HORAS_DIA "HORAS_DIA" true true false 8 Double 0 0 ,First,#,D:\MIGRACION_FINAL\GDB_ANLA.gdb\T_16_HIDROGEOLOGIA\CaptacionAguaSubter,HORAS_DIA,-1,-1;DIAS_MES "DIAS_MES" true true false 8 Double 0 0 ,First,#,D:\MIGRACION_FINAL\GDB_ANLA.gdb\T_16_HIDROGEOLOGIA\CaptacionAguaSubter,DIAS_MES,-1,-1;MES_ANO "MES_AÑO" true true false 8 Double 0 0 ,First,#,D:\MIGRACION_FINAL\GDB_ANLA.gdb\T_16_HIDROGEOLOGIA\CaptacionAguaSubter,MES_ANO,-1,-1;U_APROV_1 "U_APROV_1" true true false 8 Double 0 0 ,First,#,D:\MIGRACION_FINAL\GDB_ANLA.gdb\T_16_HIDROGEOLOGIA\CaptacionAguaSubter,U_APROV_1,-1,-1;U_APROV_2 "U_APROV_2" true true false 8 Double 0 0 ,First,#,D:\MIGRACION_FINAL\GDB_ANLA.gdb\T_16_HIDROGEOLOGIA\CaptacionAguaSubter,U_APROV_2,-1,-1;U_APROV_3 "U_APROV_3" true true false 8 Double 0 0 ,First,#,D:\MIGRACION_FINAL\GDB_ANLA.gdb\T_16_HIDROGEOLOGIA\CaptacionAguaSubter,U_APROV_3,-1,-1;U_APROV_4 "U_APROV_4" true true false 8 Double 0 0 ,First,#,D:\MIGRACION_FINAL\GDB_ANLA.gdb\T_16_HIDROGEOLOGIA\CaptacionAguaSubter,U_APROV_4,-1,-1;D_U_APR_1 "D_U_APR_1" true true false 8 Double 0 0 ,First,#,D:\MIGRACION_FINAL\GDB_ANLA.gdb\T_16_HIDROGEOLOGIA\CaptacionAguaSubter,D_U_APR_1,-1,-1;D_U_APR_2 "D_U_APR_2" true true false 8 Double 0 0 ,First,#,D:\MIGRACION_FINAL\GDB_ANLA.gdb\T_16_HIDROGEOLOGIA\CaptacionAguaSubter,D_U_APR_2,-1,-1;D_U_APR_3 "D_U_APR_3" true true false 8 Double 0 0 ,First,#,D:\MIGRACION_FINAL\GDB_ANLA.gdb\T_16_HIDROGEOLOGIA\CaptacionAguaSubter,D_U_APR_3,-1,-1;D_U_APR_4 "D_U_APR_4" true true false 8 Double 0 0 ,First,#,D:\MIGRACION_FINAL\GDB_ANLA.gdb\T_16_HIDROGEOLOGIA\CaptacionAguaSubter,D_U_APR_4,-1,-1;D_USO_TOT "D_USO_TOT" true true false 8 Double 0 0 ,First,#,D:\MIGRACION_FINAL\GDB_ANLA.gdb\T_16_HIDROGEOLOGIA\CaptacionAguaSubter,D_USO_TOT,-1,-1;OBSERV "OBSERV" true true false 255 Text 0 0 ,First,#,D:\MIGRACION_FINAL\GDB_ANLA.gdb\T_16_HIDROGEOLOGIA\CaptacionAguaSubter,OBSERV,-1,-1;COTA "COTA" true true false 8 Double 0 0 ,First,#,D:\MIGRACION_FINAL\GDB_ANLA.gdb\T_16_HIDROGEOLOGIA\CaptacionAguaSubter,COTA,-1,-1;COOR_ESTE "COOR_ESTE" true true false 8 Double 0 0 ,First,#,D:\MIGRACION_FINAL\GDB_ANLA.gdb\T_16_HIDROGEOLOGIA\CaptacionAguaSubter,COOR_ESTE,-1,-1;COOR_NORTE "COOR_NORTE" true true false 8 Double 0 0 ,First,#,D:\MIGRACION_FINAL\GDB_ANLA.gdb\T_16_HIDROGEOLOGIA\CaptacionAguaSubter,COOR_NORTE,-1,-1" #</Process><Process ToolSource="c:\program files (x86)\arcgis\desktop10.3\ArcToolbox\Toolboxes\Data Management Tools.tbx\Rename" Date="20151022" Time="155503">Rename D:\MIGRACION_FINAL\GDB_ANLA.gdb\T_16_HIDROGEOLOGIA\CaptacionAguaSubter0 D:\MIGRACION_FINAL\GDB_ANLA.gdb\T_16_HIDROGEOLOGIA\CaptacionAguaSubter FeatureClass</Process><Process ToolSource="c:\program files (x86)\arcgis\desktop10.2\ArcToolbox\Toolboxes\Conversion Tools.tbx\FeatureClassToFeatureClass" Date="20160721" Time="232954">FeatureClassToFeatureClass "E:\PARA ENTREGA FINAL\GDB_ANLA_MCB.gdb\T_16_HIDROGEOLOGIA\CaptacionAguaSubter" "E:\PARA ENTREGA FINAL\GDB_ANLA_MCB.gdb\T_16_HIDROGEOLOGIA" CaptacionAguaSubter0 # "EXPEDIENTE "EXPEDIENTE" true true false 20 Text 0 0 ,First,#,E:\PARA ENTREGA FINAL\GDB_ANLA_MCB.gdb\T_16_HIDROGEOLOGIA\CaptacionAguaSubter,EXPEDIENTE,-1,-1;OPERADOR "OPERADOR" true true false 100 Text 0 0 ,First,#,E:\PARA ENTREGA FINAL\GDB_ANLA_MCB.gdb\T_16_HIDROGEOLOGIA\CaptacionAguaSubter,OPERADOR,-1,-1;PROYECTO "PROYECTO" true true false 200 Text 0 0 ,First,#,E:\PARA ENTREGA FINAL\GDB_ANLA_MCB.gdb\T_16_HIDROGEOLOGIA\CaptacionAguaSubter,PROYECTO,-1,-1;NUM_ACT_AD "NUM_ACT_AD" true true false 20 Text 0 0 ,First,#,E:\PARA ENTREGA FINAL\GDB_ANLA_MCB.gdb\T_16_HIDROGEOLOGIA\CaptacionAguaSubter,NUM_ACT_AD,-1,-1;FEC_ACT_AD "FEC_ACT_AD" true true false 8 Date 0 0 ,First,#,E:\PARA ENTREGA FINAL\GDB_ANLA_MCB.gdb\T_16_HIDROGEOLOGIA\CaptacionAguaSubter,FEC_ACT_AD,-1,-1;ART_ACT_AD "ART_ACT_AD" true true false 50 Text 0 0 ,First,#,E:\PARA ENTREGA FINAL\GDB_ANLA_MCB.gdb\T_16_HIDROGEOLOGIA\CaptacionAguaSubter,ART_ACT_AD,-1,-1;VEREDA "VEREDA" true true false 100 Text 0 0 ,First,#,E:\PARA ENTREGA FINAL\GDB_ANLA_MCB.gdb\T_16_HIDROGEOLOGIA\CaptacionAguaSubter,VEREDA,-1,-1;MUNICIPIO "MUNICIPIO" true true false 5 Text 0 0 ,First,#,E:\PARA ENTREGA FINAL\GDB_ANLA_MCB.gdb\T_16_HIDROGEOLOGIA\CaptacionAguaSubter,MUNICIPIO,-1,-1;DEPTO "DEPTO" true true false 2 Text 0 0 ,First,#,E:\PARA ENTREGA FINAL\GDB_ANLA_MCB.gdb\T_16_HIDROGEOLOGIA\CaptacionAguaSubter,DEPTO,-1,-1;CAR "CAR" true true false 8 Double 0 0 ,First,#,E:\PARA ENTREGA FINAL\GDB_ANLA_MCB.gdb\T_16_HIDROGEOLOGIA\CaptacionAguaSubter,CAR,-1,-1;NOM_PREDIO "NOM_PREDIO" true true false 100 Text 0 0 ,First,#,E:\PARA ENTREGA FINAL\GDB_ANLA_MCB.gdb\T_16_HIDROGEOLOGIA\CaptacionAguaSubter,NOM_PREDIO,-1,-1;ID_PREDIO "ID_PREDIO" true true false 30 Text 0 0 ,First,#,E:\PARA ENTREGA FINAL\GDB_ANLA_MCB.gdb\T_16_HIDROGEOLOGIA\CaptacionAguaSubter,ID_PREDIO,-1,-1;MAT_INMOB "MAT_INMOB" true true false 30 Text 0 0 ,First,#,E:\PARA ENTREGA FINAL\GDB_ANLA_MCB.gdb\T_16_HIDROGEOLOGIA\CaptacionAguaSubter,MAT_INMOB,-1,-1;NOM_PROPIE "NOM_PROPIE" true true false 100 Text 0 0 ,First,#,E:\PARA ENTREGA FINAL\GDB_ANLA_MCB.gdb\T_16_HIDROGEOLOGIA\CaptacionAguaSubter,NOM_PROPIE,-1,-1;SITIO "SITIO" true true false 100 Text 0 0 ,First,#,E:\PARA ENTREGA FINAL\GDB_ANLA_MCB.gdb\T_16_HIDROGEOLOGIA\CaptacionAguaSubter,SITIO,-1,-1;NOMBRE "NOMBRE" true true false 100 Text 0 0 ,First,#,E:\PARA ENTREGA FINAL\GDB_ANLA_MCB.gdb\T_16_HIDROGEOLOGIA\CaptacionAguaSubter,NOMBRE,-1,-1;ID_CAPT_SB "ID_CAPT_SB" true true false 20 Text 0 0 ,First,#,E:\PARA ENTREGA FINAL\GDB_ANLA_MCB.gdb\T_16_HIDROGEOLOGIA\CaptacionAguaSubter,ID_CAPT_SB,-1,-1;TIPO_PUNTO "TIPO_PUNTO" true true false 8 Double 0 0 ,First,#,E:\PARA ENTREGA FINAL\GDB_ANLA_MCB.gdb\T_16_HIDROGEOLOGIA\CaptacionAguaSubter,TIPO_PUNTO,-1,-1;PROV_HIDRO "PROV_HIDRO" true true false 2 Short 0 0 ,First,#,E:\PARA ENTREGA FINAL\GDB_ANLA_MCB.gdb\T_16_HIDROGEOLOGIA\CaptacionAguaSubter,PROV_HIDRO,-1,-1;UNI_GEOLO "UNI_GEOLO" true true false 255 Text 0 0 ,First,#,E:\PARA ENTREGA FINAL\GDB_ANLA_MCB.gdb\T_16_HIDROGEOLOGIA\CaptacionAguaSubter,UNI_GEOLO,-1,-1;NIV_ESTAT "NIVEL ESTATICO" true true false 8 Double 0 0 ,First,#,E:\PARA ENTREGA FINAL\GDB_ANLA_MCB.gdb\T_16_HIDROGEOLOGIA\CaptacionAguaSubter,NIV_ESTAT,-1,-1;NIV_DINAM "NIVEL DINAMICO" true true false 8 Double 0 0 ,First,#,E:\PARA ENTREGA FINAL\GDB_ANLA_MCB.gdb\T_16_HIDROGEOLOGIA\CaptacionAguaSubter,NIV_DINAM,-1,-1;MET_EXPLOT "MET_EXPLOT" true true false 8 Double 0 0 ,First,#,E:\PARA ENTREGA FINAL\GDB_ANLA_MCB.gdb\T_16_HIDROGEOLOGIA\CaptacionAguaSubter,MET_EXPLOT,-1,-1;CAP_BOMB "CAP_BOMB" true true false 8 Double 0 0 ,First,#,E:\PARA ENTREGA FINAL\GDB_ANLA_MCB.gdb\T_16_HIDROGEOLOGIA\CaptacionAguaSubter,CAP_BOMB,-1,-1;MEDICION "MEDICION" true true false 50 Text 0 0 ,First,#,E:\PARA ENTREGA FINAL\GDB_ANLA_MCB.gdb\T_16_HIDROGEOLOGIA\CaptacionAguaSubter,MEDICION,-1,-1;SIST_ABAST "SIST_ABAST" true true false 255 Text 0 0 ,First,#,E:\PARA ENTREGA FINAL\GDB_ANLA_MCB.gdb\T_16_HIDROGEOLOGIA\CaptacionAguaSubter,SIST_ABAST,-1,-1;DIAM_PERF "DIAM_PERF" true true false 4 Float 0 0 ,First,#,E:\PARA ENTREGA FINAL\GDB_ANLA_MCB.gdb\T_16_HIDROGEOLOGIA\CaptacionAguaSubter,DIAM_PERF,-1,-1;PROFUND_M "PROFUND_m" true true false 8 Double 0 0 ,First,#,E:\PARA ENTREGA FINAL\GDB_ANLA_MCB.gdb\T_16_HIDROGEOLOGIA\CaptacionAguaSubter,PROFUND_M,-1,-1;HORAS_DIA "HORAS_DIA" true true false 8 Double 0 0 ,First,#,E:\PARA ENTREGA FINAL\GDB_ANLA_MCB.gdb\T_16_HIDROGEOLOGIA\CaptacionAguaSubter,HORAS_DIA,-1,-1;DIAS_MES "DIAS_MES" true true false 8 Double 0 0 ,First,#,E:\PARA ENTREGA FINAL\GDB_ANLA_MCB.gdb\T_16_HIDROGEOLOGIA\CaptacionAguaSubter,DIAS_MES,-1,-1;MES_ANO "MES_AÑO" true true false 8 Double 0 0 ,First,#,E:\PARA ENTREGA FINAL\GDB_ANLA_MCB.gdb\T_16_HIDROGEOLOGIA\CaptacionAguaSubter,MES_ANO,-1,-1;U_APROV_1 "U_APROV_1" true true false 8 Double 0 0 ,First,#,E:\PARA ENTREGA FINAL\GDB_ANLA_MCB.gdb\T_16_HIDROGEOLOGIA\CaptacionAguaSubter,U_APROV_1,-1,-1;U_APROV_2 "U_APROV_2" true true false 8 Double 0 0 ,First,#,E:\PARA ENTREGA FINAL\GDB_ANLA_MCB.gdb\T_16_HIDROGEOLOGIA\CaptacionAguaSubter,U_APROV_2,-1,-1;U_APROV_3 "U_APROV_3" true true false 8 Double 0 0 ,First,#,E:\PARA ENTREGA FINAL\GDB_ANLA_MCB.gdb\T_16_HIDROGEOLOGIA\CaptacionAguaSubter,U_APROV_3,-1,-1;U_APROV_4 "U_APROV_4" true true false 8 Double 0 0 ,First,#,E:\PARA ENTREGA FINAL\GDB_ANLA_MCB.gdb\T_16_HIDROGEOLOGIA\CaptacionAguaSubter,U_APROV_4,-1,-1;D_U_APR_1 "D_U_APR_1" true true false 8 Double 0 0 ,First,#,E:\PARA ENTREGA FINAL\GDB_ANLA_MCB.gdb\T_16_HIDROGEOLOGIA\CaptacionAguaSubter,D_U_APR_1,-1,-1;D_U_APR_2 "D_U_APR_2" true true false 8 Double 0 0 ,First,#,E:\PARA ENTREGA FINAL\GDB_ANLA_MCB.gdb\T_16_HIDROGEOLOGIA\CaptacionAguaSubter,D_U_APR_2,-1,-1;D_U_APR_3 "D_U_APR_3" true true false 8 Double 0 0 ,First,#,E:\PARA ENTREGA FINAL\GDB_ANLA_MCB.gdb\T_16_HIDROGEOLOGIA\CaptacionAguaSubter,D_U_APR_3,-1,-1;D_U_APR_4 "D_U_APR_4" true true false 8 Double 0 0 ,First,#,E:\PARA ENTREGA FINAL\GDB_ANLA_MCB.gdb\T_16_HIDROGEOLOGIA\CaptacionAguaSubter,D_U_APR_4,-1,-1;D_USO_TOT "D_USO_TOT" true true false 8 Double 0 0 ,First,#,E:\PARA ENTREGA FINAL\GDB_ANLA_MCB.gdb\T_16_HIDROGEOLOGIA\CaptacionAguaSubter,D_USO_TOT,-1,-1;OBSERV "OBSERV" true true false 255 Text 0 0 ,First,#,E:\PARA ENTREGA FINAL\GDB_ANLA_MCB.gdb\T_16_HIDROGEOLOGIA\CaptacionAguaSubter,OBSERV,-1,-1;COTA "COTA" true true false 8 Double 0 0 ,First,#,E:\PARA ENTREGA FINAL\GDB_ANLA_MCB.gdb\T_16_HIDROGEOLOGIA\CaptacionAguaSubter,COTA,-1,-1;COOR_ESTE "COOR_ESTE" true true false 8 Double 0 0 ,First,#,E:\PARA ENTREGA FINAL\GDB_ANLA_MCB.gdb\T_16_HIDROGEOLOGIA\CaptacionAguaSubter,COOR_ESTE,-1,-1;COOR_NORTE "COOR_NORTE" true true false 8 Double 0 0 ,First,#,E:\PARA ENTREGA FINAL\GDB_ANLA_MCB.gdb\T_16_HIDROGEOLOGIA\CaptacionAguaSubter,COOR_NORTE,-1,-1" #</Process><Process ToolSource="c:\program files (x86)\arcgis\desktop10.2\ArcToolbox\Toolboxes\Data Management Tools.tbx\Rename" Date="20160721" Time="232959">Rename "E:\PARA ENTREGA FINAL\GDB_ANLA_MCB.gdb\T_16_HIDROGEOLOGIA\CaptacionAguaSubter0" "E:\PARA ENTREGA FINAL\GDB_ANLA_MCB.gdb\T_16_HIDROGEOLOGIA\CaptacionAguaSubter" FeatureClass</Process><Process ToolSource="c:\program files (x86)\arcgis\desktop10.5\ArcToolbox\Toolboxes\Data Management Tools.tbx\AlterField" Date="20181129" Time="181210">AlterField D:\fpena\Desktop\TMP\MAGNA_Origen_Oeste\GDB\BD_ANLA_3115.gdb\CaptacionAguaSubter NIV_ESTAT # # DOUBLE 8 NULLABLE true</Process><Process ToolSource="c:\program files (x86)\arcgis\desktop10.5\ArcToolbox\Toolboxes\Data Management Tools.tbx\AlterField" Date="20181129" Time="181213">AlterField D:\fpena\Desktop\TMP\MAGNA_Origen_Oeste\GDB\BD_ANLA_3115.gdb\CaptacionAguaSubter NIV_DINAM # # DOUBLE 8 NULLABLE true</Process><Process ToolSource="c:\program files (x86)\arcgis\desktop10.5\ArcToolbox\Toolboxes\Data Management Tools.tbx\AlterField" Date="20181129" Time="181216">AlterField D:\fpena\Desktop\TMP\MAGNA_Origen_Oeste\GDB\BD_ANLA_3115.gdb\CaptacionAguaSubter PROFUND_M # # DOUBLE 8 NULLABLE true</Process><Process ToolSource="c:\program files (x86)\arcgis\desktop10.5\ArcToolbox\Toolboxes\Data Management Tools.tbx\AlterField" Date="20181129" Time="181219">AlterField D:\fpena\Desktop\TMP\MAGNA_Origen_Oeste\GDB\BD_ANLA_3115.gdb\CaptacionAguaSubter MES_ANO # # DOUBLE 8 NULLABLE true</Process><Process ToolSource="c:\program files (x86)\arcgis\desktop10.5\ArcToolbox\Toolboxes\Data Management Tools.tbx\CopyFeatures" Date="20181129" Time="200808">CopyFeatures D:\fpena\Desktop\TMP\BD_ANLA_3115.gdb\CaptacionAguaSubter D:\fpena\Desktop\TMP\BD_ANLA_3115\T_16_HIDROGEOLOGIA\CaptacionAguaSubter.shp # 0 0 0</Process></lineage><itemProps><itemLocation><linkage Sync="TRUE">file://\\FPENA\D$\fpena\Desktop\TMP\BD_ANLA_3115\T_16_HIDROGEOLOGIA\CaptacionAguaSubter.shp</linkage><protocol Sync="TRUE">Local Area Network</protocol></itemLocation><itemName Sync="TRUE">CaptacionAguaSubter</itemName><imsContentType Sync="TRUE">002</imsContentType><itemSize Sync="TRUE">0.000</itemSize></itemProps><coordRef><type Sync="TRUE">Projected</type><geogcsn Sync="TRUE">GCS_MAGNA</geogcsn><csUnits Sync="TRUE">Linear Unit: Meter (1.000000)</csUnits><projcsn Sync="TRUE">MAGNA_Colombia_Oeste</projcsn><peXml Sync="TRUE">&lt;ProjectedCoordinateSystem xsi:type='typens:ProjectedCoordinateSystem' xmlns:xsi='http://www.w3.org/2001/XMLSchema-instance' xmlns:xs='http://www.w3.org/2001/XMLSchema' xmlns:typens='http://www.esri.com/schemas/ArcGIS/10.5'&gt;&lt;WKT&gt;PROJCS[&amp;quot;MAGNA_Colombia_Oeste&amp;quot;,GEOGCS[&amp;quot;GCS_MAGNA&amp;quot;,DATUM[&amp;quot;D_MAGNA&amp;quot;,SPHEROID[&amp;quot;GRS_1980&amp;quot;,6378137.0,298.257222101]],PRIMEM[&amp;quot;Greenwich&amp;quot;,0.0],UNIT[&amp;quot;Degree&amp;quot;,0.0174532925199433]],PROJECTION[&amp;quot;Transverse_Mercator&amp;quot;],PARAMETER[&amp;quot;False_Easting&amp;quot;,1000000.0],PARAMETER[&amp;quot;False_Northing&amp;quot;,1000000.0],PARAMETER[&amp;quot;Central_Meridian&amp;quot;,-77.07750791666666],PARAMETER[&amp;quot;Scale_Factor&amp;quot;,1.0],PARAMETER[&amp;quot;Latitude_Of_Origin&amp;quot;,4.596200416666666],UNIT[&amp;quot;Meter&amp;quot;,1.0]],VERTCS[&amp;quot;WGS_1984&amp;quot;,DATUM[&amp;quot;D_WGS_1984&amp;quot;,SPHEROID[&amp;quot;WGS_1984&amp;quot;,6378137.0,298.257223563]],PARAMETER[&amp;quot;Vertical_Shift&amp;quot;,0.0],PARAMETER[&amp;quot;Direction&amp;quot;,1.0],UNIT[&amp;quot;Meter&amp;quot;,1.0]]&lt;/WKT&gt;&lt;XOrigin&gt;-4623200&lt;/XOrigin&gt;&lt;YOrigin&gt;-9510300&lt;/YOrigin&gt;&lt;XYScale&gt;450265407.00157917&lt;/XYScale&gt;&lt;ZOrigin&gt;-100000&lt;/ZOrigin&gt;&lt;ZScale&gt;10000&lt;/ZScale&gt;&lt;MOrigin&gt;-100000&lt;/MOrigin&gt;&lt;MScale&gt;10000&lt;/MScale&gt;&lt;XYTolerance&gt;0.001&lt;/XYTolerance&gt;&lt;ZTolerance&gt;0.001&lt;/ZTolerance&gt;&lt;MTolerance&gt;0.001&lt;/MTolerance&gt;&lt;HighPrecision&gt;true&lt;/HighPrecision&gt;&lt;WKID&gt;3115&lt;/WKID&gt;&lt;LatestWKID&gt;3115&lt;/LatestWKID&gt;&lt;VCSWKID&gt;115700&lt;/VCSWKID&gt;&lt;LatestVCSWKID&gt;115700&lt;/LatestVCSWKID&gt;&lt;/ProjectedCoordinateSystem&gt;</peXml></coordRef></DataProperties><SyncDate>20181129</SyncDate><SyncTime>20080800</SyncTime><ModDate>20181129</ModDate><ModTime>20080800</ModTime></Esri><dataIdInfo><envirDesc Sync="TRUE"> Version 6.2 (Build 9200) ; Esri ArcGIS 10.5.1.7333</envirDesc><dataLang><languageCode value="spa" Sync="TRUE"></languageCode><countryCode value="COL" Sync="TRUE"></countryCode></dataLang><idCitation><resTitle Sync="TRUE">CaptacionAguaSubter</resTitle><presForm><PresFormCd value="005" Sync="TRUE"></PresFormCd></presForm></idCitation><spatRpType><SpatRepTypCd value="001" Sync="TRUE"></SpatRepTypCd></spatRpType></dataIdInfo><mdLang><languageCode value="spa" Sync="TRUE"></languageCode><countryCode value="COL" Sync="TRUE"></countryCode></mdLang><distInfo><distFormat><formatName Sync="TRUE">Shapefile</formatName></distFormat><distTranOps><transSize Sync="TRUE">0.000</transSize></distTranOps></distInfo><mdHrLv><ScopeCd value="005" Sync="TRUE"></ScopeCd></mdHrLv><mdHrLvName Sync="TRUE">dataset</mdHrLvName><refSysInfo><RefSystem><refSysID><identCode code="3115" Sync="TRUE"></identCode><idCodeSpace Sync="TRUE">EPSG</idCodeSpace><idVersion Sync="TRUE">8.6(9.2.0)</idVersion></refSysID></RefSystem></refSysInfo><spatRepInfo><VectSpatRep><geometObjs Name="CaptacionAguaSubter"><geoObjTyp><GeoObjTypCd value="004" Sync="TRUE"></GeoObjTypCd></geoObjTyp><geoObjCnt Sync="TRUE">0</geoObjCnt></geometObjs><topLvl><TopoLevCd value="001" Sync="TRUE"></TopoLevCd></topLvl></VectSpatRep></spatRepInfo><spdoinfo><ptvctinf><esriterm Name="CaptacionAguaSubter"><efeatyp Sync="TRUE">Simple</efeatyp><efeageom code="1" Sync="TRUE"></efeageom><esritopo Sync="TRUE">FALSE</esritopo><efeacnt Sync="TRUE">0</efeacnt><spindex Sync="TRUE">FALSE</spindex><linrefer Sync="TRUE">FALSE</linrefer></esriterm></ptvctinf></spdoinfo><eainfo><detailed Name="CaptacionAguaSubter"><enttyp><enttypl Sync="TRUE">CaptacionAguaSubter</enttypl><enttypt Sync="TRUE">Feature Class</enttypt><enttypc Sync="TRUE">0</enttypc></enttyp><attr><attrlabl Sync="TRUE">FID</attrlabl><attalias Sync="TRUE">FID</attalias><attrtype Sync="TRUE">OID</attrtype><attwidth Sync="TRUE">4</attwidth><atprecis Sync="TRUE">0</atprecis><attscale Sync="TRUE">0</attscale><attrdef Sync="TRUE">Internal feature number.</attrdef><attrdefs Sync="TRUE">Esri</attrdefs><attrdomv><udom Sync="TRUE">Sequential unique whole numbers that are automatically generated.</udom></attrdomv></attr><attr><attrlabl Sync="TRUE">Shape</attrlabl><attalias Sync="TRUE">Shape</attalias><attrtype Sync="TRUE">Geometry</attrtype><attwidth Sync="TRUE">0</attwidth><atprecis Sync="TRUE">0</atprecis><attscale Sync="TRUE">0</attscale><attrdef Sync="TRUE">Feature geometry.</attrdef><attrdefs Sync="TRUE">Esri</attrdefs><attrdomv><udom Sync="TRUE">Coordinates defining the features.</udom></attrdomv></attr><attr><attrlabl Sync="TRUE">EXPEDIENTE</attrlabl><attalias Sync="TRUE">EXPEDIENTE</attalias><attrtype Sync="TRUE">String</attrtype><attwidth Sync="TRUE">20</attwidth><atprecis Sync="TRUE">0</atprecis><attscale Sync="TRUE">0</attscale></attr><attr><attrlabl Sync="TRUE">OPERADOR</attrlabl><attalias Sync="TRUE">OPERADOR</attalias><attrtype Sync="TRUE">String</attrtype><attwidth Sync="TRUE">100</attwidth><atprecis Sync="TRUE">0</atprecis><attscale Sync="TRUE">0</attscale></attr><attr><attrlabl Sync="TRUE">PROYECTO</attrlabl><attalias Sync="TRUE">PROYECTO</attalias><attrtype Sync="TRUE">String</attrtype><attwidth Sync="TRUE">200</attwidth><atprecis Sync="TRUE">0</atprecis><attscale Sync="TRUE">0</attscale></attr><attr><attrlabl Sync="TRUE">NUM_ACT_AD</attrlabl><attalias Sync="TRUE">NUM_ACT_AD</attalias><attrtype Sync="TRUE">String</attrtype><attwidth Sync="TRUE">20</attwidth><atprecis Sync="TRUE">0</atprecis><attscale Sync="TRUE">0</attscale></attr><attr><attrlabl Sync="TRUE">FEC_ACT_AD</attrlabl><attalias Sync="TRUE">FEC_ACT_AD</attalias><attrtype Sync="TRUE">Date</attrtype><attwidth Sync="TRUE">8</attwidth><atprecis Sync="TRUE">0</atprecis><attscale Sync="TRUE">0</attscale></attr><attr><attrlabl Sync="TRUE">ART_ACT_AD</attrlabl><attalias Sync="TRUE">ART_ACT_AD</attalias><attrtype Sync="TRUE">String</attrtype><attwidth Sync="TRUE">50</attwidth><atprecis Sync="TRUE">0</atprecis><attscale Sync="TRUE">0</attscale></attr><attr><attrlabl Sync="TRUE">VEREDA</attrlabl><attalias Sync="TRUE">VEREDA</attalias><attrtype Sync="TRUE">String</attrtype><attwidth Sync="TRUE">100</attwidth><atprecis Sync="TRUE">0</atprecis><attscale Sync="TRUE">0</attscale></attr><attr><attrlabl Sync="TRUE">MUNICIPIO</attrlabl><attalias Sync="TRUE">MUNICIPIO</attalias><attrtype Sync="TRUE">String</attrtype><attwidth Sync="TRUE">5</attwidth><atprecis Sync="TRUE">0</atprecis><attscale Sync="TRUE">0</attscale></attr><attr><attrlabl Sync="TRUE">DEPTO</attrlabl><attalias Sync="TRUE">DEPTO</attalias><attrtype Sync="TRUE">String</attrtype><attwidth Sync="TRUE">2</attwidth><atprecis Sync="TRUE">0</atprecis><attscale Sync="TRUE">0</attscale></attr><attr><attrlabl Sync="TRUE">CAR</attrlabl><attalias Sync="TRUE">CAR</attalias><attrtype Sync="TRUE">Double</attrtype><attwidth Sync="TRUE">19</attwidth><atprecis Sync="TRUE">0</atprecis><attscale Sync="TRUE">0</attscale></attr><attr><attrlabl Sync="TRUE">NOM_PREDIO</attrlabl><attalias Sync="TRUE">NOM_PREDIO</attalias><attrtype Sync="TRUE">String</attrtype><attwidth Sync="TRUE">100</attwidth><atprecis Sync="TRUE">0</atprecis><attscale Sync="TRUE">0</attscale></attr><attr><attrlabl Sync="TRUE">ID_PREDIO</attrlabl><attalias Sync="TRUE">ID_PREDIO</attalias><attrtype Sync="TRUE">String</attrtype><attwidth Sync="TRUE">30</attwidth><atprecis Sync="TRUE">0</atprecis><attscale Sync="TRUE">0</attscale></attr><attr><attrlabl Sync="TRUE">MAT_INMOB</attrlabl><attalias Sync="TRUE">MAT_INMOB</attalias><attrtype Sync="TRUE">String</attrtype><attwidth Sync="TRUE">30</attwidth><atprecis Sync="TRUE">0</atprecis><attscale Sync="TRUE">0</attscale></attr><attr><attrlabl Sync="TRUE">NOM_PROPIE</attrlabl><attalias Sync="TRUE">NOM_PROPIE</attalias><attrtype Sync="TRUE">String</attrtype><attwidth Sync="TRUE">100</attwidth><atprecis Sync="TRUE">0</atprecis><attscale Sync="TRUE">0</attscale></attr><attr><attrlabl Sync="TRUE">SITIO</attrlabl><attalias Sync="TRUE">SITIO</attalias><attrtype Sync="TRUE">String</attrtype><attwidth Sync="TRUE">100</attwidth><atprecis Sync="TRUE">0</atprecis><attscale Sync="TRUE">0</attscale></attr><attr><attrlabl Sync="TRUE">NOMBRE</attrlabl><attalias Sync="TRUE">NOMBRE</attalias><attrtype Sync="TRUE">String</attrtype><attwidth Sync="TRUE">100</attwidth><atprecis Sync="TRUE">0</atprecis><attscale Sync="TRUE">0</attscale></attr><attr><attrlabl Sync="TRUE">ID_CAPT_SB</attrlabl><attalias Sync="TRUE">ID_CAPT_SB</attalias><attrtype Sync="TRUE">String</attrtype><attwidth Sync="TRUE">20</attwidth><atprecis Sync="TRUE">0</atprecis><attscale Sync="TRUE">0</attscale></attr><attr><attrlabl Sync="TRUE">TIPO_PUNTO</attrlabl><attalias Sync="TRUE">TIPO_PUNTO</attalias><attrtype Sync="TRUE">Double</attrtype><attwidth Sync="TRUE">19</attwidth><atprecis Sync="TRUE">0</atprecis><attscale Sync="TRUE">0</attscale></attr><attr><attrlabl Sync="TRUE">PROV_HIDRO</attrlabl><attalias Sync="TRUE">PROV_HIDRO</attalias><attrtype Sync="TRUE">Integer</attrtype><attwidth Sync="TRUE">5</attwidth><atprecis Sync="TRUE">5</atprecis><attscale Sync="TRUE">0</attscale></attr><attr><attrlabl Sync="TRUE">UNI_GEOLO</attrlabl><attalias Sync="TRUE">UNI_GEOLO</attalias><attrtype Sync="TRUE">String</attrtype><attwidth Sync="TRUE">254</attwidth><atprecis Sync="TRUE">0</atprecis><attscale Sync="TRUE">0</attscale></attr><attr><attrlabl Sync="TRUE">NIV_ESTAT</attrlabl><attalias Sync="TRUE">NIV_ESTAT</attalias><attrtype Sync="TRUE">Double</attrtype><attwidth Sync="TRUE">19</attwidth><atprecis Sync="TRUE">0</atprecis><attscale Sync="TRUE">0</attscale></attr><attr><attrlabl Sync="TRUE">NIV_DINAM</attrlabl><attalias Sync="TRUE">NIV_DINAM</attalias><attrtype Sync="TRUE">Double</attrtype><attwidth Sync="TRUE">19</attwidth><atprecis Sync="TRUE">0</atprecis><attscale Sync="TRUE">0</attscale></attr><attr><attrlabl Sync="TRUE">MET_EXPLOT</attrlabl><attalias Sync="TRUE">MET_EXPLOT</attalias><attrtype Sync="TRUE">Double</attrtype><attwidth Sync="TRUE">19</attwidth><atprecis Sync="TRUE">0</atprecis><attscale Sync="TRUE">0</attscale></attr><attr><attrlabl Sync="TRUE">CAP_BOMB</attrlabl><attalias Sync="TRUE">CAP_BOMB</attalias><attrtype Sync="TRUE">Double</attrtype><attwidth Sync="TRUE">19</attwidth><atprecis Sync="TRUE">0</atprecis><attscale Sync="TRUE">0</attscale></attr><attr><attrlabl Sync="TRUE">MEDICION</attrlabl><attalias Sync="TRUE">MEDICION</attalias><attrtype Sync="TRUE">String</attrtype><attwidth Sync="TRUE">50</attwidth><atprecis Sync="TRUE">0</atprecis><attscale Sync="TRUE">0</attscale></attr><attr><attrlabl Sync="TRUE">SIST_ABAST</attrlabl><attalias Sync="TRUE">SIST_ABAST</attalias><attrtype Sync="TRUE">String</attrtype><attwidth Sync="TRUE">254</attwidth><atprecis Sync="TRUE">0</atprecis><attscale Sync="TRUE">0</attscale></attr><attr><attrlabl Sync="TRUE">DIAM_PERF</attrlabl><attalias Sync="TRUE">DIAM_PERF</attalias><attrtype Sync="TRUE">Single</attrtype><attwidth Sync="TRUE">13</attwidth><atprecis Sync="TRUE">0</atprecis><attscale Sync="TRUE">0</attscale></attr><attr><attrlabl Sync="TRUE">PROFUND_M</attrlabl><attalias Sync="TRUE">PROFUND_M</attalias><attrtype Sync="TRUE">Double</attrtype><attwidth Sync="TRUE">19</attwidth><atprecis Sync="TRUE">0</atprecis><attscale Sync="TRUE">0</attscale></attr><attr><attrlabl Sync="TRUE">HORAS_DIA</attrlabl><attalias Sync="TRUE">HORAS_DIA</attalias><attrtype Sync="TRUE">Double</attrtype><attwidth Sync="TRUE">19</attwidth><atprecis Sync="TRUE">0</atprecis><attscale Sync="TRUE">0</attscale></attr><attr><attrlabl Sync="TRUE">DIAS_MES</attrlabl><attalias Sync="TRUE">DIAS_MES</attalias><attrtype Sync="TRUE">Double</attrtype><attwidth Sync="TRUE">19</attwidth><atprecis Sync="TRUE">0</atprecis><attscale Sync="TRUE">0</attscale></attr><attr><attrlabl Sync="TRUE">MES_ANO</attrlabl><attalias Sync="TRUE">MES_ANO</attalias><attrtype Sync="TRUE">Double</attrtype><attwidth Sync="TRUE">19</attwidth><atprecis Sync="TRUE">0</atprecis><attscale Sync="TRUE">0</attscale></attr><attr><attrlabl Sync="TRUE">U_APROV_1</attrlabl><attalias Sync="TRUE">U_APROV_1</attalias><attrtype Sync="TRUE">Double</attrtype><attwidth Sync="TRUE">19</attwidth><atprecis Sync="TRUE">0</atprecis><attscale Sync="TRUE">0</attscale></attr><attr><attrlabl Sync="TRUE">U_APROV_2</attrlabl><attalias Sync="TRUE">U_APROV_2</attalias><attrtype Sync="TRUE">Double</attrtype><attwidth Sync="TRUE">19</attwidth><atprecis Sync="TRUE">0</atprecis><attscale Sync="TRUE">0</attscale></attr><attr><attrlabl Sync="TRUE">U_APROV_3</attrlabl><attalias Sync="TRUE">U_APROV_3</attalias><attrtype Sync="TRUE">Double</attrtype><attwidth Sync="TRUE">19</attwidth><atprecis Sync="TRUE">0</atprecis><attscale Sync="TRUE">0</attscale></attr><attr><attrlabl Sync="TRUE">U_APROV_4</attrlabl><attalias Sync="TRUE">U_APROV_4</attalias><attrtype Sync="TRUE">Double</attrtype><attwidth Sync="TRUE">19</attwidth><atprecis Sync="TRUE">0</atprecis><attscale Sync="TRUE">0</attscale></attr><attr><attrlabl Sync="TRUE">D_U_APR_1</attrlabl><attalias Sync="TRUE">D_U_APR_1</attalias><attrtype Sync="TRUE">Double</attrtype><attwidth Sync="TRUE">19</attwidth><atprecis Sync="TRUE">0</atprecis><attscale Sync="TRUE">0</attscale></attr><attr><attrlabl Sync="TRUE">D_U_APR_2</attrlabl><attalias Sync="TRUE">D_U_APR_2</attalias><attrtype Sync="TRUE">Double</attrtype><attwidth Sync="TRUE">19</attwidth><atprecis Sync="TRUE">0</atprecis><attscale Sync="TRUE">0</attscale></attr><attr><attrlabl Sync="TRUE">D_U_APR_3</attrlabl><attalias Sync="TRUE">D_U_APR_3</attalias><attrtype Sync="TRUE">Double</attrtype><attwidth Sync="TRUE">19</attwidth><atprecis Sync="TRUE">0</atprecis><attscale Sync="TRUE">0</attscale></attr><attr><attrlabl Sync="TRUE">D_U_APR_4</attrlabl><attalias Sync="TRUE">D_U_APR_4</attalias><attrtype Sync="TRUE">Double</attrtype><attwidth Sync="TRUE">19</attwidth><atprecis Sync="TRUE">0</atprecis><attscale Sync="TRUE">0</attscale></attr><attr><attrlabl Sync="TRUE">D_USO_TOT</attrlabl><attalias Sync="TRUE">D_USO_TOT</attalias><attrtype Sync="TRUE">Double</attrtype><attwidth Sync="TRUE">19</attwidth><atprecis Sync="TRUE">0</atprecis><attscale Sync="TRUE">0</attscale></attr><attr><attrlabl Sync="TRUE">OBSERV</attrlabl><attalias Sync="TRUE">OBSERV</attalias><attrtype Sync="TRUE">String</attrtype><attwidth Sync="TRUE">254</attwidth><atprecis Sync="TRUE">0</atprecis><attscale Sync="TRUE">0</attscale></attr><attr><attrlabl Sync="TRUE">COTA</attrlabl><attalias Sync="TRUE">COTA</attalias><attrtype Sync="TRUE">Double</attrtype><attwidth Sync="TRUE">19</attwidth><atprecis Sync="TRUE">0</atprecis><attscale Sync="TRUE">0</attscale></attr><attr><attrlabl Sync="TRUE">COOR_ESTE</attrlabl><attalias Sync="TRUE">COOR_ESTE</attalias><attrtype Sync="TRUE">Double</attrtype><attwidth Sync="TRUE">19</attwidth><atprecis Sync="TRUE">0</atprecis><attscale Sync="TRUE">0</attscale></attr><attr><attrlabl Sync="TRUE">COOR_NORTE</attrlabl><attalias Sync="TRUE">COOR_NORTE</attalias><attrtype Sync="TRUE">Double</attrtype><attwidth Sync="TRUE">19</attwidth><atprecis Sync="TRUE">0</atprecis><attscale Sync="TRUE">0</attscale></attr></detailed></eainfo><mdDateSt Sync="TRUE">20181129</mdDateSt></metadata>
