<metadata xml:lang="es"><Esri><CreaDate>20150618</CreaDate><CreaTime>14432600</CreaTime><ArcGISFormat>1.0</ArcGISFormat><SyncOnce>FALSE</SyncOnce><DataProperties><lineage><Process ToolSource="c:\program files (x86)\arcgis\desktop10.3\ArcToolbox\Toolboxes\Data Management Tools.tbx\CalculateField" Date="20150613" Time="124634">CalculateField D:\ayesa\implantacion\20150608\carga_geo\web.sde\GEODB.GEO.MuestreoParamResistencia EXPEDIENTE x( !Expediente! ) PYTHON_9.3 "def x(valor):\n    if valor=="NDA0976":\n        return "LAM1749"\n    elif valor=="LAV0090-13":\n        return "LAM1837"\n    elif valor=="LAV0070-13":\n        return "LAM1749"\n    elif valor=="NDA0803":\n        return "LAM2581"\n    elif valor=="LAM5023":\n        return "LAM4090"\n    elif valor=="LAM0647":\n        return "LAV0070-14"\n    elif valor=="LAM0666":\n        return "LAV0095-00-2014"\n    else:\n        return valor"</Process><Process ToolSource="c:\program files (x86)\arcgis\desktop10.3\ArcToolbox\Toolboxes\Data Management Tools.tbx\DeleteField" Date="20150827" Time="120452">DeleteField D:\MIGRACION_FINAL\GDB_ANLA_ACT\GDB_ANLA.gdb\MuestreoParamResistencia ID_INFORME</Process><Process ToolSource="c:\program files (x86)\arcgis\desktop10.3\ArcToolbox\Toolboxes\Data Management Tools.tbx\DeleteField" Date="20150827" Time="121059">DeleteField D:\MIGRACION_FINAL\GDB_ANLA_ACT\GDB_ANLA.gdb\MuestreoParamResistencia TIPO_ESTUD</Process><Process ToolSource="c:\program files (x86)\arcgis\desktop10.3\ArcToolbox\Toolboxes\Data Management Tools.tbx\DeleteField" Date="20150827" Time="121410">DeleteField D:\MIGRACION_FINAL\GDB_ANLA_ACT\GDB_ANLA.gdb\MuestreoParamResistencia FECHA</Process><Process ToolSource="c:\program files (x86)\arcgis\desktop10.3\ArcToolbox\Toolboxes\Data Management Tools.tbx\DeleteField" Date="20150827" Time="121631">DeleteField D:\MIGRACION_FINAL\GDB_ANLA_ACT\GDB_ANLA.gdb\MuestreoParamResistencia SEGUIMIENT</Process><Process ToolSource="c:\program files (x86)\arcgis\desktop10.3\ArcToolbox\Toolboxes\Data Management Tools.tbx\DeleteField" Date="20150827" Time="121944">DeleteField D:\MIGRACION_FINAL\GDB_ANLA_ACT\GDB_ANLA.gdb\MuestreoParamResistencia AUTORIZADO</Process><Process ToolSource="c:\program files (x86)\arcgis\desktop10.3\ArcToolbox\Toolboxes\Data Management Tools.tbx\DeleteField" Date="20151007" Time="170723">DeleteField D:\MIGRACION_FINAL\GDB_ANLA.gdb\MuestreoParamResistencia CODIGO</Process><Process ToolSource="c:\program files (x86)\arcgis\desktop10.4\ArcToolbox\Toolboxes\Conversion Tools.tbx\FeatureClassToFeatureClass" Date="20160719" Time="113058">FeatureClassToFeatureClass "D:\ngonzalez\Desktop\Skydrive\SkyDrive Pro\MODELO DATOS\FINALES\GDB_ANLA_MCB.gdb\T_17_GEOTECNIA\MuestreoParamResistencia" "D:\ngonzalez\Desktop\Skydrive\SkyDrive Pro\MODELO DATOS\FINALES\GDB_ANLA_MCB.gdb\T_17_GEOTECNIA" MuestreoParamResistencia0 # "EXPEDIENTE "EXPEDIENTE" true true false 20 Text 0 0 ,First,#,D:\ngonzalez\Desktop\Skydrive\SkyDrive Pro\MODELO DATOS\FINALES\GDB_ANLA_MCB.gdb\T_17_GEOTECNIA\MuestreoParamResistencia,EXPEDIENTE,-1,-1;NOMBRE "NOMBRE" true true false 100 Text 0 0 ,First,#,D:\ngonzalez\Desktop\Skydrive\SkyDrive Pro\MODELO DATOS\FINALES\GDB_ANLA_MCB.gdb\T_17_GEOTECNIA\MuestreoParamResistencia,NOMBRE,-1,-1;ID_PAR_RES "ID_PAR_RES" true true false 20 Text 0 0 ,First,#,D:\ngonzalez\Desktop\Skydrive\SkyDrive Pro\MODELO DATOS\FINALES\GDB_ANLA_MCB.gdb\T_17_GEOTECNIA\MuestreoParamResistencia,ID_PAR_RES,-1,-1;T_MATER "T_MATER" true true false 8 Double 0 0 ,First,#,D:\ngonzalez\Desktop\Skydrive\SkyDrive Pro\MODELO DATOS\FINALES\GDB_ANLA_MCB.gdb\T_17_GEOTECNIA\MuestreoParamResistencia,T_MATER,-1,-1;CLASIF_MAT "CLASIF_MAT" true true false 255 Text 0 0 ,First,#,D:\ngonzalez\Desktop\Skydrive\SkyDrive Pro\MODELO DATOS\FINALES\GDB_ANLA_MCB.gdb\T_17_GEOTECNIA\MuestreoParamResistencia,CLASIF_MAT,-1,-1;GRANULOMET "GRANULOMET" true true false 50 Text 0 0 ,First,#,D:\ngonzalez\Desktop\Skydrive\SkyDrive Pro\MODELO DATOS\FINALES\GDB_ANLA_MCB.gdb\T_17_GEOTECNIA\MuestreoParamResistencia,GRANULOMET,-1,-1;ANG_FRIC "ANG_FRIC" true true false 2 Short 0 0 ,First,#,D:\ngonzalez\Desktop\Skydrive\SkyDrive Pro\MODELO DATOS\FINALES\GDB_ANLA_MCB.gdb\T_17_GEOTECNIA\MuestreoParamResistencia,ANG_FRIC,-1,-1;COMP_SIMP "COMP_SIMP" true true false 8 Double 0 0 ,First,#,D:\ngonzalez\Desktop\Skydrive\SkyDrive Pro\MODELO DATOS\FINALES\GDB_ANLA_MCB.gdb\T_17_GEOTECNIA\MuestreoParamResistencia,COMP_SIMP,-1,-1;LIM_CONTR "LIM_CONTR" true true false 8 Double 0 0 ,First,#,D:\ngonzalez\Desktop\Skydrive\SkyDrive Pro\MODELO DATOS\FINALES\GDB_ANLA_MCB.gdb\T_17_GEOTECNIA\MuestreoParamResistencia,LIM_CONTR,-1,-1;LIM_PLAST "LIM_PLAST" true true false 8 Double 0 0 ,First,#,D:\ngonzalez\Desktop\Skydrive\SkyDrive Pro\MODELO DATOS\FINALES\GDB_ANLA_MCB.gdb\T_17_GEOTECNIA\MuestreoParamResistencia,LIM_PLAST,-1,-1;LIMITE_LIQ "LIMITE_LIQ" true true false 8 Double 0 0 ,First,#,D:\ngonzalez\Desktop\Skydrive\SkyDrive Pro\MODELO DATOS\FINALES\GDB_ANLA_MCB.gdb\T_17_GEOTECNIA\MuestreoParamResistencia,LIMITE_LIQ,-1,-1;COHESION "COHESION" true true false 8 Double 0 0 ,First,#,D:\ngonzalez\Desktop\Skydrive\SkyDrive Pro\MODELO DATOS\FINALES\GDB_ANLA_MCB.gdb\T_17_GEOTECNIA\MuestreoParamResistencia,COHESION,-1,-1;RQD "RQD" true true false 8 Double 0 0 ,First,#,D:\ngonzalez\Desktop\Skydrive\SkyDrive Pro\MODELO DATOS\FINALES\GDB_ANLA_MCB.gdb\T_17_GEOTECNIA\MuestreoParamResistencia,RQD,-1,-1;GR_FRACT "GR_FRACT" true true false 255 Text 0 0 ,First,#,D:\ngonzalez\Desktop\Skydrive\SkyDrive Pro\MODELO DATOS\FINALES\GDB_ANLA_MCB.gdb\T_17_GEOTECNIA\MuestreoParamResistencia,GR_FRACT,-1,-1;ORIENTACI "ORIENTACI" true true false 255 Text 0 0 ,First,#,D:\ngonzalez\Desktop\Skydrive\SkyDrive Pro\MODELO DATOS\FINALES\GDB_ANLA_MCB.gdb\T_17_GEOTECNIA\MuestreoParamResistencia,ORIENTACI,-1,-1;ESPACIAM "ESPACIAM" true true false 8 Double 0 0 ,First,#,D:\ngonzalez\Desktop\Skydrive\SkyDrive Pro\MODELO DATOS\FINALES\GDB_ANLA_MCB.gdb\T_17_GEOTECNIA\MuestreoParamResistencia,ESPACIAM,-1,-1;EST_DISCO "EST_DISCO" true true false 255 Text 0 0 ,First,#,D:\ngonzalez\Desktop\Skydrive\SkyDrive Pro\MODELO DATOS\FINALES\GDB_ANLA_MCB.gdb\T_17_GEOTECNIA\MuestreoParamResistencia,EST_DISCO,-1,-1;PRES_AGUA "PRES_AGUA" true true false 255 Text 0 0 ,First,#,D:\ngonzalez\Desktop\Skydrive\SkyDrive Pro\MODELO DATOS\FINALES\GDB_ANLA_MCB.gdb\T_17_GEOTECNIA\MuestreoParamResistencia,PRES_AGUA,-1,-1;TAMA_BLOQ "TAMA_BLOQ" true true false 255 Text 0 0 ,First,#,D:\ngonzalez\Desktop\Skydrive\SkyDrive Pro\MODELO DATOS\FINALES\GDB_ANLA_MCB.gdb\T_17_GEOTECNIA\MuestreoParamResistencia,TAMA_BLOQ,-1,-1;RMR "RMR" true true false 2 Short 0 0 ,First,#,D:\ngonzalez\Desktop\Skydrive\SkyDrive Pro\MODELO DATOS\FINALES\GDB_ANLA_MCB.gdb\T_17_GEOTECNIA\MuestreoParamResistencia,RMR,-1,-1;COTA "COTA" true true false 8 Double 0 0 ,First,#,D:\ngonzalez\Desktop\Skydrive\SkyDrive Pro\MODELO DATOS\FINALES\GDB_ANLA_MCB.gdb\T_17_GEOTECNIA\MuestreoParamResistencia,COTA,-1,-1;COOR_ESTE "COOR_ESTE" true true false 8 Double 0 0 ,First,#,D:\ngonzalez\Desktop\Skydrive\SkyDrive Pro\MODELO DATOS\FINALES\GDB_ANLA_MCB.gdb\T_17_GEOTECNIA\MuestreoParamResistencia,COOR_ESTE,-1,-1;COOR_NORTE "COOR_NORTE" true true false 8 Double 0 0 ,First,#,D:\ngonzalez\Desktop\Skydrive\SkyDrive Pro\MODELO DATOS\FINALES\GDB_ANLA_MCB.gdb\T_17_GEOTECNIA\MuestreoParamResistencia,COOR_NORTE,-1,-1" #</Process><Process ToolSource="c:\program files (x86)\arcgis\desktop10.4\ArcToolbox\Toolboxes\Data Management Tools.tbx\Rename" Date="20160719" Time="113100">Rename "D:\ngonzalez\Desktop\Skydrive\SkyDrive Pro\MODELO DATOS\FINALES\GDB_ANLA_MCB.gdb\T_17_GEOTECNIA\MuestreoParamResistencia0" "D:\ngonzalez\Desktop\Skydrive\SkyDrive Pro\MODELO DATOS\FINALES\GDB_ANLA_MCB.gdb\T_17_GEOTECNIA\MuestreoParamResistencia" FeatureClass</Process><Process ToolSource="c:\program files (x86)\arcgis\desktop10.5\ArcToolbox\Toolboxes\Data Management Tools.tbx\CopyFeatures" Date="20181129" Time="204739">CopyFeatures D:\fpena\Desktop\TMP\BD_ANLA_3117.gdb\MuestreoParamResistencia D:\fpena\Desktop\TMP\BD_ANLA_3117\T_17_GEOTECNIA\MuestreoParamResistencia.shp # 0 0 0</Process></lineage><itemProps><itemLocation><linkage Sync="TRUE">file://\\FPENA\D$\fpena\Desktop\TMP\BD_ANLA_3117\T_17_GEOTECNIA\MuestreoParamResistencia.shp</linkage><protocol Sync="TRUE">Local Area Network</protocol></itemLocation><itemName Sync="TRUE">MuestreoParamResistencia</itemName><imsContentType Sync="TRUE">002</imsContentType><itemSize Sync="TRUE">0.000</itemSize></itemProps><coordRef><type Sync="TRUE">Projected</type><geogcsn Sync="TRUE">GCS_MAGNA</geogcsn><csUnits Sync="TRUE">Linear Unit: Meter (1.000000)</csUnits><projcsn Sync="TRUE">MAGNA_Colombia_Este</projcsn><peXml Sync="TRUE">&lt;ProjectedCoordinateSystem xsi:type='typens:ProjectedCoordinateSystem' xmlns:xsi='http://www.w3.org/2001/XMLSchema-instance' xmlns:xs='http://www.w3.org/2001/XMLSchema' xmlns:typens='http://www.esri.com/schemas/ArcGIS/10.5'&gt;&lt;WKT&gt;PROJCS[&amp;quot;MAGNA_Colombia_Este&amp;quot;,GEOGCS[&amp;quot;GCS_MAGNA&amp;quot;,DATUM[&amp;quot;D_MAGNA&amp;quot;,SPHEROID[&amp;quot;GRS_1980&amp;quot;,6378137.0,298.257222101]],PRIMEM[&amp;quot;Greenwich&amp;quot;,0.0],UNIT[&amp;quot;Degree&amp;quot;,0.0174532925199433]],PROJECTION[&amp;quot;Transverse_Mercator&amp;quot;],PARAMETER[&amp;quot;False_Easting&amp;quot;,1000000.0],PARAMETER[&amp;quot;False_Northing&amp;quot;,1000000.0],PARAMETER[&amp;quot;Central_Meridian&amp;quot;,-71.07750791666666],PARAMETER[&amp;quot;Scale_Factor&amp;quot;,1.0],PARAMETER[&amp;quot;Latitude_Of_Origin&amp;quot;,4.596200416666666],UNIT[&amp;quot;Meter&amp;quot;,1.0]],VERTCS[&amp;quot;WGS_1984&amp;quot;,DATUM[&amp;quot;D_WGS_1984&amp;quot;,SPHEROID[&amp;quot;WGS_1984&amp;quot;,6378137.0,298.257223563]],PARAMETER[&amp;quot;Vertical_Shift&amp;quot;,0.0],PARAMETER[&amp;quot;Direction&amp;quot;,1.0],UNIT[&amp;quot;Meter&amp;quot;,1.0]]&lt;/WKT&gt;&lt;XOrigin&gt;-4623200&lt;/XOrigin&gt;&lt;YOrigin&gt;-9510300&lt;/YOrigin&gt;&lt;XYScale&gt;450265407.00157917&lt;/XYScale&gt;&lt;ZOrigin&gt;-100000&lt;/ZOrigin&gt;&lt;ZScale&gt;10000&lt;/ZScale&gt;&lt;MOrigin&gt;-100000&lt;/MOrigin&gt;&lt;MScale&gt;10000&lt;/MScale&gt;&lt;XYTolerance&gt;0.001&lt;/XYTolerance&gt;&lt;ZTolerance&gt;0.001&lt;/ZTolerance&gt;&lt;MTolerance&gt;0.001&lt;/MTolerance&gt;&lt;HighPrecision&gt;true&lt;/HighPrecision&gt;&lt;WKID&gt;3117&lt;/WKID&gt;&lt;LatestWKID&gt;3117&lt;/LatestWKID&gt;&lt;VCSWKID&gt;115700&lt;/VCSWKID&gt;&lt;LatestVCSWKID&gt;115700&lt;/LatestVCSWKID&gt;&lt;/ProjectedCoordinateSystem&gt;</peXml></coordRef></DataProperties><SyncDate>20181129</SyncDate><SyncTime>20473900</SyncTime><ModDate>20181129</ModDate><ModTime>20473900</ModTime></Esri><dataIdInfo><envirDesc Sync="TRUE"> Version 6.2 (Build 9200) ; Esri ArcGIS 10.5.1.7333</envirDesc><dataLang><languageCode value="spa" Sync="TRUE"></languageCode><countryCode value="COL" Sync="TRUE"></countryCode></dataLang><idCitation><resTitle Sync="TRUE">MuestreoParamResistencia</resTitle><presForm><PresFormCd value="005" Sync="TRUE"></PresFormCd></presForm></idCitation><spatRpType><SpatRepTypCd value="001" Sync="TRUE"></SpatRepTypCd></spatRpType></dataIdInfo><mdLang><languageCode value="spa" Sync="TRUE"></languageCode><countryCode value="COL" Sync="TRUE"></countryCode></mdLang><distInfo><distFormat><formatName Sync="TRUE">Shapefile</formatName></distFormat><distTranOps><transSize Sync="TRUE">0.000</transSize></distTranOps></distInfo><mdHrLv><ScopeCd value="005" Sync="TRUE"></ScopeCd></mdHrLv><mdHrLvName Sync="TRUE">dataset</mdHrLvName><refSysInfo><RefSystem><refSysID><identCode code="3117" Sync="TRUE"></identCode><idCodeSpace Sync="TRUE">EPSG</idCodeSpace><idVersion Sync="TRUE">8.6(9.2.0)</idVersion></refSysID></RefSystem></refSysInfo><spatRepInfo><VectSpatRep><geometObjs Name="MuestreoParamResistencia"><geoObjTyp><GeoObjTypCd value="004" Sync="TRUE"></GeoObjTypCd></geoObjTyp><geoObjCnt Sync="TRUE">0</geoObjCnt></geometObjs><topLvl><TopoLevCd value="001" Sync="TRUE"></TopoLevCd></topLvl></VectSpatRep></spatRepInfo><spdoinfo><ptvctinf><esriterm Name="MuestreoParamResistencia"><efeatyp Sync="TRUE">Simple</efeatyp><efeageom code="1" Sync="TRUE"></efeageom><esritopo Sync="TRUE">FALSE</esritopo><efeacnt Sync="TRUE">0</efeacnt><spindex Sync="TRUE">FALSE</spindex><linrefer Sync="TRUE">FALSE</linrefer></esriterm></ptvctinf></spdoinfo><eainfo><detailed Name="MuestreoParamResistencia"><enttyp><enttypl Sync="TRUE">MuestreoParamResistencia</enttypl><enttypt Sync="TRUE">Feature Class</enttypt><enttypc Sync="TRUE">0</enttypc></enttyp><attr><attrlabl Sync="TRUE">FID</attrlabl><attalias Sync="TRUE">FID</attalias><attrtype Sync="TRUE">OID</attrtype><attwidth Sync="TRUE">4</attwidth><atprecis Sync="TRUE">0</atprecis><attscale Sync="TRUE">0</attscale><attrdef Sync="TRUE">Internal feature number.</attrdef><attrdefs Sync="TRUE">Esri</attrdefs><attrdomv><udom Sync="TRUE">Sequential unique whole numbers that are automatically generated.</udom></attrdomv></attr><attr><attrlabl Sync="TRUE">SHAPE</attrlabl><attalias Sync="TRUE">Shape</attalias><attrtype Sync="TRUE">Geometry</attrtype><attwidth Sync="TRUE">0</attwidth><atprecis Sync="TRUE">0</atprecis><attscale Sync="TRUE">0</attscale><attrdef Sync="TRUE">Feature geometry.</attrdef><attrdefs Sync="TRUE">Esri</attrdefs><attrdomv><udom Sync="TRUE">Coordinates defining the features.</udom></attrdomv></attr><attr><attrlabl Sync="TRUE">EXPEDIENTE</attrlabl><attalias Sync="TRUE">EXPEDIENTE</attalias><attrtype Sync="TRUE">String</attrtype><attwidth Sync="TRUE">20</attwidth><atprecis Sync="TRUE">0</atprecis><attscale Sync="TRUE">0</attscale></attr><attr><attrlabl Sync="TRUE">NOMBRE</attrlabl><attalias Sync="TRUE">NOMBRE</attalias><attrtype Sync="TRUE">String</attrtype><attwidth Sync="TRUE">100</attwidth><atprecis Sync="TRUE">0</atprecis><attscale Sync="TRUE">0</attscale></attr><attr><attrlabl Sync="TRUE">ID_PAR_RES</attrlabl><attalias Sync="TRUE">ID_PAR_RES</attalias><attrtype Sync="TRUE">String</attrtype><attwidth Sync="TRUE">20</attwidth><atprecis Sync="TRUE">0</atprecis><attscale Sync="TRUE">0</attscale></attr><attr><attrlabl Sync="TRUE">T_MATER</attrlabl><attalias Sync="TRUE">T_MATER</attalias><attrtype Sync="TRUE">Double</attrtype><attwidth Sync="TRUE">19</attwidth><atprecis Sync="TRUE">0</atprecis><attscale Sync="TRUE">0</attscale></attr><attr><attrlabl Sync="TRUE">CLASIF_MAT</attrlabl><attalias Sync="TRUE">CLASIF_MAT</attalias><attrtype Sync="TRUE">String</attrtype><attwidth Sync="TRUE">254</attwidth><atprecis Sync="TRUE">0</atprecis><attscale Sync="TRUE">0</attscale></attr><attr><attrlabl Sync="TRUE">GRANULOMET</attrlabl><attalias Sync="TRUE">GRANULOMET</attalias><attrtype Sync="TRUE">String</attrtype><attwidth Sync="TRUE">50</attwidth><atprecis Sync="TRUE">0</atprecis><attscale Sync="TRUE">0</attscale></attr><attr><attrlabl Sync="TRUE">LIM_CONTR</attrlabl><attalias Sync="TRUE">LIM_CONTR</attalias><attrtype Sync="TRUE">Double</attrtype><attwidth Sync="TRUE">19</attwidth><atprecis Sync="TRUE">0</atprecis><attscale Sync="TRUE">0</attscale></attr><attr><attrlabl Sync="TRUE">LIM_PLAST</attrlabl><attalias Sync="TRUE">LIM_PLAST</attalias><attrtype Sync="TRUE">Double</attrtype><attwidth Sync="TRUE">19</attwidth><atprecis Sync="TRUE">0</atprecis><attscale Sync="TRUE">0</attscale></attr><attr><attrlabl Sync="TRUE">LIMITE_LIQ</attrlabl><attalias Sync="TRUE">LIMITE_LIQ</attalias><attrtype Sync="TRUE">Double</attrtype><attwidth Sync="TRUE">19</attwidth><atprecis Sync="TRUE">0</atprecis><attscale Sync="TRUE">0</attscale></attr><attr><attrlabl Sync="TRUE">COMP_SIMP</attrlabl><attalias Sync="TRUE">COMP_SIMP</attalias><attrtype Sync="TRUE">Double</attrtype><attwidth Sync="TRUE">19</attwidth><atprecis Sync="TRUE">0</atprecis><attscale Sync="TRUE">0</attscale></attr><attr><attrlabl Sync="TRUE">RQD</attrlabl><attalias Sync="TRUE">RQD</attalias><attrtype Sync="TRUE">Double</attrtype><attwidth Sync="TRUE">19</attwidth><atprecis Sync="TRUE">0</atprecis><attscale Sync="TRUE">0</attscale></attr><attr><attrlabl Sync="TRUE">COHESION</attrlabl><attalias Sync="TRUE">COHESION</attalias><attrtype Sync="TRUE">Double</attrtype><attwidth Sync="TRUE">19</attwidth><atprecis Sync="TRUE">0</atprecis><attscale Sync="TRUE">0</attscale></attr><attr><attrlabl Sync="TRUE">ANG_FRIC</attrlabl><attalias Sync="TRUE">ANG_FRIC</attalias><attrtype Sync="TRUE">Integer</attrtype><attwidth Sync="TRUE">5</attwidth><atprecis Sync="TRUE">5</atprecis><attscale Sync="TRUE">0</attscale></attr><attr><attrlabl Sync="TRUE">GR_FRACT</attrlabl><attalias Sync="TRUE">GR_FRACT</attalias><attrtype Sync="TRUE">String</attrtype><attwidth Sync="TRUE">254</attwidth><atprecis Sync="TRUE">0</atprecis><attscale Sync="TRUE">0</attscale></attr><attr><attrlabl Sync="TRUE">ORIENTACI</attrlabl><attalias Sync="TRUE">ORIENTACI</attalias><attrtype Sync="TRUE">String</attrtype><attwidth Sync="TRUE">254</attwidth><atprecis Sync="TRUE">0</atprecis><attscale Sync="TRUE">0</attscale></attr><attr><attrlabl Sync="TRUE">ESPACIAM</attrlabl><attalias Sync="TRUE">ESPACIAM</attalias><attrtype Sync="TRUE">Double</attrtype><attwidth Sync="TRUE">19</attwidth><atprecis Sync="TRUE">0</atprecis><attscale Sync="TRUE">0</attscale></attr><attr><attrlabl Sync="TRUE">EST_DISCO</attrlabl><attalias Sync="TRUE">EST_DISCO</attalias><attrtype Sync="TRUE">String</attrtype><attwidth Sync="TRUE">254</attwidth><atprecis Sync="TRUE">0</atprecis><attscale Sync="TRUE">0</attscale></attr><attr><attrlabl Sync="TRUE">PRES_AGUA</attrlabl><attalias Sync="TRUE">PRES_AGUA</attalias><attrtype Sync="TRUE">String</attrtype><attwidth Sync="TRUE">254</attwidth><atprecis Sync="TRUE">0</atprecis><attscale Sync="TRUE">0</attscale></attr><attr><attrlabl Sync="TRUE">TAMA_BLOQ</attrlabl><attalias Sync="TRUE">TAMA_BLOQ</attalias><attrtype Sync="TRUE">String</attrtype><attwidth Sync="TRUE">254</attwidth><atprecis Sync="TRUE">0</atprecis><attscale Sync="TRUE">0</attscale></attr><attr><attrlabl Sync="TRUE">RMR</attrlabl><attalias Sync="TRUE">RMR</attalias><attrtype Sync="TRUE">Integer</attrtype><attwidth Sync="TRUE">5</attwidth><atprecis Sync="TRUE">5</atprecis><attscale Sync="TRUE">0</attscale></attr><attr><attrlabl Sync="TRUE">COTA</attrlabl><attalias Sync="TRUE">COTA</attalias><attrtype Sync="TRUE">Double</attrtype><attwidth Sync="TRUE">19</attwidth><atprecis Sync="TRUE">0</atprecis><attscale Sync="TRUE">0</attscale></attr><attr><attrlabl Sync="TRUE">COOR_ESTE</attrlabl><attalias Sync="TRUE">COOR_ESTE</attalias><attrtype Sync="TRUE">Double</attrtype><attwidth Sync="TRUE">19</attwidth><atprecis Sync="TRUE">0</atprecis><attscale Sync="TRUE">0</attscale></attr><attr><attrlabl Sync="TRUE">COOR_NORTE</attrlabl><attalias Sync="TRUE">COOR_NORTE</attalias><attrtype Sync="TRUE">Double</attrtype><attwidth Sync="TRUE">19</attwidth><atprecis Sync="TRUE">0</atprecis><attscale Sync="TRUE">0</attscale></attr></detailed></eainfo><mdDateSt Sync="TRUE">20181129</mdDateSt></metadata>
