<metadata xml:lang="es"><Esri><CreaDate>20150618</CreaDate><CreaTime>14432800</CreaTime><ArcGISFormat>1.0</ArcGISFormat><SyncOnce>FALSE</SyncOnce><DataProperties><lineage><Process ToolSource="c:\program files (x86)\arcgis\desktop10.3\ArcToolbox\Toolboxes\Data Management Tools.tbx\CalculateField" Date="20150613" Time="124641">CalculateField D:\ayesa\implantacion\20150608\carga_geo\web.sde\GEODB.GEO.FuenteFijaOlores EXPEDIENTE x( !Expediente! ) PYTHON_9.3 "def x(valor):\n    if valor=="NDA0976":\n        return "LAM1749"\n    elif valor=="LAV0090-13":\n        return "LAM1837"\n    elif valor=="LAV0070-13":\n        return "LAM1749"\n    elif valor=="NDA0803":\n        return "LAM2581"\n    elif valor=="LAM5023":\n        return "LAM4090"\n    elif valor=="LAM0647":\n        return "LAV0070-14"\n    elif valor=="LAM0666":\n        return "LAV0095-00-2014"\n    else:\n        return valor"</Process><Process ToolSource="c:\program files (x86)\arcgis\desktop10.3\ArcToolbox\Toolboxes\Data Management Tools.tbx\DeleteField" Date="20150827" Time="120505">DeleteField D:\MIGRACION_FINAL\GDB_ANLA_ACT\GDB_ANLA.gdb\FuenteFijaOlores ID_INFORME</Process><Process ToolSource="c:\program files (x86)\arcgis\desktop10.3\ArcToolbox\Toolboxes\Data Management Tools.tbx\DeleteField" Date="20150827" Time="121111">DeleteField D:\MIGRACION_FINAL\GDB_ANLA_ACT\GDB_ANLA.gdb\FuenteFijaOlores TIPO_ESTUD</Process><Process ToolSource="c:\program files (x86)\arcgis\desktop10.3\ArcToolbox\Toolboxes\Data Management Tools.tbx\DeleteField" Date="20150827" Time="121423">DeleteField D:\MIGRACION_FINAL\GDB_ANLA_ACT\GDB_ANLA.gdb\FuenteFijaOlores FECHA</Process><Process ToolSource="c:\program files (x86)\arcgis\desktop10.3\ArcToolbox\Toolboxes\Data Management Tools.tbx\DeleteField" Date="20150827" Time="121644">DeleteField D:\MIGRACION_FINAL\GDB_ANLA_ACT\GDB_ANLA.gdb\FuenteFijaOlores SEGUIMIENT</Process><Process ToolSource="c:\program files (x86)\arcgis\desktop10.3\ArcToolbox\Toolboxes\Data Management Tools.tbx\DeleteField" Date="20150827" Time="121958">DeleteField D:\MIGRACION_FINAL\GDB_ANLA_ACT\GDB_ANLA.gdb\FuenteFijaOlores AUTORIZADO</Process><Process ToolSource="c:\program files (x86)\arcgis\desktop10.3\ArcToolbox\Toolboxes\Data Management Tools.tbx\DeleteField" Date="20151007" Time="170731">DeleteField D:\MIGRACION_FINAL\GDB_ANLA.gdb\FuenteFijaOlores CODIGO</Process><Process ToolSource="c:\program files (x86)\arcgis\desktop10.3\ArcToolbox\Toolboxes\Conversion Tools.tbx\FeatureClassToFeatureClass" Date="20151008" Time="101319">FeatureClassToFeatureClass D:\MIGRACION_FINAL\GDB_ANLA.gdb\T_18_ATMOSFERA\FuenteFijaOlores D:\MIGRACION_FINAL\GDB_ANLA.gdb\T_18_ATMOSFERA FuenteFijaOlores0 # "EXPEDIENTE "EXPEDIENTE" true true false 20 Text 0 0 ,First,#,D:\MIGRACION_FINAL\GDB_ANLA.gdb\T_18_ATMOSFERA\FuenteFijaOlores,EXPEDIENTE,-1,-1;OPERADOR "OPERADOR" true true false 100 Text 0 0 ,First,#,D:\MIGRACION_FINAL\GDB_ANLA.gdb\T_18_ATMOSFERA\FuenteFijaOlores,OPERADOR,-1,-1;PROYECTO "PROYECTO" true true false 200 Text 0 0 ,First,#,D:\MIGRACION_FINAL\GDB_ANLA.gdb\T_18_ATMOSFERA\FuenteFijaOlores,PROYECTO,-1,-1;NUM_ACT_AD "NUM_ACT_AD" true true false 20 Text 0 0 ,First,#,D:\MIGRACION_FINAL\GDB_ANLA.gdb\T_18_ATMOSFERA\FuenteFijaOlores,NUM_ACT_AD,-1,-1;FEC_ACT_AD "FEC_ACT_AD" true true false 8 Date 0 0 ,First,#,D:\MIGRACION_FINAL\GDB_ANLA.gdb\T_18_ATMOSFERA\FuenteFijaOlores,FEC_ACT_AD,-1,-1;ART_ACT_AD "ART_ACT_AD" true true false 50 Text 0 0 ,First,#,D:\MIGRACION_FINAL\GDB_ANLA.gdb\T_18_ATMOSFERA\FuenteFijaOlores,ART_ACT_AD,-1,-1;VEREDA "VEREDA" true true false 100 Text 0 0 ,First,#,D:\MIGRACION_FINAL\GDB_ANLA.gdb\T_18_ATMOSFERA\FuenteFijaOlores,VEREDA,-1,-1;MUNICIPIO "MUNICIPIO" true true false 5 Text 0 0 ,First,#,D:\MIGRACION_FINAL\GDB_ANLA.gdb\T_18_ATMOSFERA\FuenteFijaOlores,MUNICIPIO,-1,-1;DEPTO "DEPTO" true true false 2 Text 0 0 ,First,#,D:\MIGRACION_FINAL\GDB_ANLA.gdb\T_18_ATMOSFERA\FuenteFijaOlores,DEPTO,-1,-1;CAR "CAR" true true false 8 Double 0 0 ,First,#,D:\MIGRACION_FINAL\GDB_ANLA.gdb\T_18_ATMOSFERA\FuenteFijaOlores,CAR,-1,-1;NOMBRE "NOMBRE" true true false 100 Text 0 0 ,First,#,D:\MIGRACION_FINAL\GDB_ANLA.gdb\T_18_ATMOSFERA\FuenteFijaOlores,NOMBRE,-1,-1;NOMENCLAT "NOMENCLAT" true true false 20 Text 0 0 ,First,#,D:\MIGRACION_FINAL\GDB_ANLA.gdb\T_18_ATMOSFERA\FuenteFijaOlores,NOMENCLAT,-1,-1;DESCRIP "DESCRIP" true true false 200 Text 0 0 ,First,#,D:\MIGRACION_FINAL\GDB_ANLA.gdb\T_18_ATMOSFERA\FuenteFijaOlores,DESCRIP,-1,-1;TIP_EQUIPO "TIP_EQUIPO" true true false 100 Text 0 0 ,First,#,D:\MIGRACION_FINAL\GDB_ANLA.gdb\T_18_ATMOSFERA\FuenteFijaOlores,TIP_EQUIPO,-1,-1;CARACT_EQ "CARACT_EQ" true true false 200 Text 0 0 ,First,#,D:\MIGRACION_FINAL\GDB_ANLA.gdb\T_18_ATMOSFERA\FuenteFijaOlores,CARACT_EQ,-1,-1;DIAM_DESC "DIAM_DESC" true true false 8 Double 0 0 ,First,#,D:\MIGRACION_FINAL\GDB_ANLA.gdb\T_18_ATMOSFERA\FuenteFijaOlores,DIAM_DESC,-1,-1;ALT_DESC "ALT_DESC" true true false 8 Double 0 0 ,First,#,D:\MIGRACION_FINAL\GDB_ANLA.gdb\T_18_ATMOSFERA\FuenteFijaOlores,ALT_DESC,-1,-1;SULF_HIDR "SULF_HIDR" true true false 8 Double 0 0 ,First,#,D:\MIGRACION_FINAL\GDB_ANLA.gdb\T_18_ATMOSFERA\FuenteFijaOlores,SULF_HIDR,-1,-1;AZ_TOT_RED "AZ_TOT_RED" true true false 8 Double 0 0 ,First,#,D:\MIGRACION_FINAL\GDB_ANLA.gdb\T_18_ATMOSFERA\FuenteFijaOlores,AZ_TOT_RED,-1,-1;AMONIACO "AMONIACO" true true false 8 Double 0 0 ,First,#,D:\MIGRACION_FINAL\GDB_ANLA.gdb\T_18_ATMOSFERA\FuenteFijaOlores,AMONIACO,-1,-1;FECHA_MED "FECHA_EST
" true true false 8 Date 0 0 ,First,#,D:\MIGRACION_FINAL\GDB_ANLA.gdb\T_18_ATMOSFERA\FuenteFijaOlores,FECHA_MED,-1,-1;OBSERV "OBSERV" true true false 255 Text 0 0 ,First,#,D:\MIGRACION_FINAL\GDB_ANLA.gdb\T_18_ATMOSFERA\FuenteFijaOlores,OBSERV,-1,-1;COTA "COTA" true true false 8 Double 0 0 ,First,#,D:\MIGRACION_FINAL\GDB_ANLA.gdb\T_18_ATMOSFERA\FuenteFijaOlores,COTA,-1,-1;COOR_ESTE "COOR_ESTE" true true false 8 Double 0 0 ,First,#,D:\MIGRACION_FINAL\GDB_ANLA.gdb\T_18_ATMOSFERA\FuenteFijaOlores,COOR_ESTE,-1,-1;COOR_NORTE "COOR_NORTE" true true false 8 Double 0 0 ,First,#,D:\MIGRACION_FINAL\GDB_ANLA.gdb\T_18_ATMOSFERA\FuenteFijaOlores,COOR_NORTE,-1,-1" #</Process><Process ToolSource="c:\program files (x86)\arcgis\desktop10.3\ArcToolbox\Toolboxes\Data Management Tools.tbx\Rename" Date="20151008" Time="101320">Rename D:\MIGRACION_FINAL\GDB_ANLA.gdb\T_18_ATMOSFERA\FuenteFijaOlores0 D:\MIGRACION_FINAL\GDB_ANLA.gdb\T_18_ATMOSFERA\FuenteFijaOlores FeatureClass</Process><Process ToolSource="c:\program files (x86)\arcgis\desktop10.5\ArcToolbox\Toolboxes\Data Management Tools.tbx\AlterField" Date="20181129" Time="173301">AlterField D:\fpena\Desktop\TMP\MAGNA_Origen_Este\GDB\BD_ANLA_3117.gdb\FuenteFijaOlores FECHA_MED # # DATE 8 NULLABLE true</Process><Process ToolSource="c:\program files (x86)\arcgis\desktop10.5\ArcToolbox\Toolboxes\Data Management Tools.tbx\CopyFeatures" Date="20181129" Time="204826">CopyFeatures D:\fpena\Desktop\TMP\BD_ANLA_3117.gdb\FuenteFijaOlores D:\fpena\Desktop\TMP\BD_ANLA_3117\T_18_ATMOSFERA\FuenteFijaOlores.shp # 0 0 0</Process></lineage><itemProps><itemLocation><linkage Sync="TRUE">file://\\FPENA\D$\fpena\Desktop\TMP\BD_ANLA_3117\T_18_ATMOSFERA\FuenteFijaOlores.shp</linkage><protocol Sync="TRUE">Local Area Network</protocol></itemLocation><itemName Sync="TRUE">FuenteFijaOlores</itemName><imsContentType Sync="TRUE">002</imsContentType><itemSize Sync="TRUE">0.000</itemSize></itemProps><coordRef><type Sync="TRUE">Projected</type><geogcsn Sync="TRUE">GCS_MAGNA</geogcsn><csUnits Sync="TRUE">Linear Unit: Meter (1.000000)</csUnits><projcsn Sync="TRUE">MAGNA_Colombia_Este</projcsn><peXml Sync="TRUE">&lt;ProjectedCoordinateSystem xsi:type='typens:ProjectedCoordinateSystem' xmlns:xsi='http://www.w3.org/2001/XMLSchema-instance' xmlns:xs='http://www.w3.org/2001/XMLSchema' xmlns:typens='http://www.esri.com/schemas/ArcGIS/10.5'&gt;&lt;WKT&gt;PROJCS[&amp;quot;MAGNA_Colombia_Este&amp;quot;,GEOGCS[&amp;quot;GCS_MAGNA&amp;quot;,DATUM[&amp;quot;D_MAGNA&amp;quot;,SPHEROID[&amp;quot;GRS_1980&amp;quot;,6378137.0,298.257222101]],PRIMEM[&amp;quot;Greenwich&amp;quot;,0.0],UNIT[&amp;quot;Degree&amp;quot;,0.0174532925199433]],PROJECTION[&amp;quot;Transverse_Mercator&amp;quot;],PARAMETER[&amp;quot;False_Easting&amp;quot;,1000000.0],PARAMETER[&amp;quot;False_Northing&amp;quot;,1000000.0],PARAMETER[&amp;quot;Central_Meridian&amp;quot;,-71.07750791666666],PARAMETER[&amp;quot;Scale_Factor&amp;quot;,1.0],PARAMETER[&amp;quot;Latitude_Of_Origin&amp;quot;,4.596200416666666],UNIT[&amp;quot;Meter&amp;quot;,1.0]],VERTCS[&amp;quot;WGS_1984&amp;quot;,DATUM[&amp;quot;D_WGS_1984&amp;quot;,SPHEROID[&amp;quot;WGS_1984&amp;quot;,6378137.0,298.257223563]],PARAMETER[&amp;quot;Vertical_Shift&amp;quot;,0.0],PARAMETER[&amp;quot;Direction&amp;quot;,1.0],UNIT[&amp;quot;Meter&amp;quot;,1.0]]&lt;/WKT&gt;&lt;XOrigin&gt;-4623200&lt;/XOrigin&gt;&lt;YOrigin&gt;-9510300&lt;/YOrigin&gt;&lt;XYScale&gt;450265407.00157917&lt;/XYScale&gt;&lt;ZOrigin&gt;-100000&lt;/ZOrigin&gt;&lt;ZScale&gt;10000&lt;/ZScale&gt;&lt;MOrigin&gt;-100000&lt;/MOrigin&gt;&lt;MScale&gt;10000&lt;/MScale&gt;&lt;XYTolerance&gt;0.001&lt;/XYTolerance&gt;&lt;ZTolerance&gt;0.001&lt;/ZTolerance&gt;&lt;MTolerance&gt;0.001&lt;/MTolerance&gt;&lt;HighPrecision&gt;true&lt;/HighPrecision&gt;&lt;WKID&gt;3117&lt;/WKID&gt;&lt;LatestWKID&gt;3117&lt;/LatestWKID&gt;&lt;VCSWKID&gt;115700&lt;/VCSWKID&gt;&lt;LatestVCSWKID&gt;115700&lt;/LatestVCSWKID&gt;&lt;/ProjectedCoordinateSystem&gt;</peXml></coordRef></DataProperties><SyncDate>20181129</SyncDate><SyncTime>20482600</SyncTime><ModDate>20181129</ModDate><ModTime>20482600</ModTime></Esri><dataIdInfo><envirDesc Sync="TRUE"> Version 6.2 (Build 9200) ; Esri ArcGIS 10.5.1.7333</envirDesc><dataLang><languageCode value="spa" Sync="TRUE"></languageCode><countryCode value="COL" Sync="TRUE"></countryCode></dataLang><idCitation><resTitle Sync="TRUE">FuenteFijaOlores</resTitle><presForm><PresFormCd value="005" Sync="TRUE"></PresFormCd></presForm></idCitation><spatRpType><SpatRepTypCd value="001" Sync="TRUE"></SpatRepTypCd></spatRpType></dataIdInfo><mdLang><languageCode value="spa" Sync="TRUE"></languageCode><countryCode value="COL" Sync="TRUE"></countryCode></mdLang><distInfo><distFormat><formatName Sync="TRUE">Shapefile</formatName></distFormat><distTranOps><transSize Sync="TRUE">0.000</transSize></distTranOps></distInfo><mdHrLv><ScopeCd value="005" Sync="TRUE"></ScopeCd></mdHrLv><mdHrLvName Sync="TRUE">dataset</mdHrLvName><refSysInfo><RefSystem><refSysID><identCode code="3117" Sync="TRUE"></identCode><idCodeSpace Sync="TRUE">EPSG</idCodeSpace><idVersion Sync="TRUE">8.6(9.2.0)</idVersion></refSysID></RefSystem></refSysInfo><spatRepInfo><VectSpatRep><geometObjs Name="FuenteFijaOlores"><geoObjTyp><GeoObjTypCd value="004" Sync="TRUE"></GeoObjTypCd></geoObjTyp><geoObjCnt Sync="TRUE">0</geoObjCnt></geometObjs><topLvl><TopoLevCd value="001" Sync="TRUE"></TopoLevCd></topLvl></VectSpatRep></spatRepInfo><spdoinfo><ptvctinf><esriterm Name="FuenteFijaOlores"><efeatyp Sync="TRUE">Simple</efeatyp><efeageom code="1" Sync="TRUE"></efeageom><esritopo Sync="TRUE">FALSE</esritopo><efeacnt Sync="TRUE">0</efeacnt><spindex Sync="TRUE">FALSE</spindex><linrefer Sync="TRUE">FALSE</linrefer></esriterm></ptvctinf></spdoinfo><eainfo><detailed Name="FuenteFijaOlores"><enttyp><enttypl Sync="TRUE">FuenteFijaOlores</enttypl><enttypt Sync="TRUE">Feature Class</enttypt><enttypc Sync="TRUE">0</enttypc></enttyp><attr><attrlabl Sync="TRUE">FID</attrlabl><attalias Sync="TRUE">FID</attalias><attrtype Sync="TRUE">OID</attrtype><attwidth Sync="TRUE">4</attwidth><atprecis Sync="TRUE">0</atprecis><attscale Sync="TRUE">0</attscale><attrdef Sync="TRUE">Internal feature number.</attrdef><attrdefs Sync="TRUE">Esri</attrdefs><attrdomv><udom Sync="TRUE">Sequential unique whole numbers that are automatically generated.</udom></attrdomv></attr><attr><attrlabl Sync="TRUE">Shape</attrlabl><attalias Sync="TRUE">Shape</attalias><attrtype Sync="TRUE">Geometry</attrtype><attwidth Sync="TRUE">0</attwidth><atprecis Sync="TRUE">0</atprecis><attscale Sync="TRUE">0</attscale><attrdef Sync="TRUE">Feature geometry.</attrdef><attrdefs Sync="TRUE">Esri</attrdefs><attrdomv><udom Sync="TRUE">Coordinates defining the features.</udom></attrdomv></attr><attr><attrlabl Sync="TRUE">EXPEDIENTE</attrlabl><attalias Sync="TRUE">EXPEDIENTE</attalias><attrtype Sync="TRUE">String</attrtype><attwidth Sync="TRUE">20</attwidth><atprecis Sync="TRUE">0</atprecis><attscale Sync="TRUE">0</attscale></attr><attr><attrlabl Sync="TRUE">OPERADOR</attrlabl><attalias Sync="TRUE">OPERADOR</attalias><attrtype Sync="TRUE">String</attrtype><attwidth Sync="TRUE">100</attwidth><atprecis Sync="TRUE">0</atprecis><attscale Sync="TRUE">0</attscale></attr><attr><attrlabl Sync="TRUE">PROYECTO</attrlabl><attalias Sync="TRUE">PROYECTO</attalias><attrtype Sync="TRUE">String</attrtype><attwidth Sync="TRUE">200</attwidth><atprecis Sync="TRUE">0</atprecis><attscale Sync="TRUE">0</attscale></attr><attr><attrlabl Sync="TRUE">NUM_ACT_AD</attrlabl><attalias Sync="TRUE">NUM_ACT_AD</attalias><attrtype Sync="TRUE">String</attrtype><attwidth Sync="TRUE">20</attwidth><atprecis Sync="TRUE">0</atprecis><attscale Sync="TRUE">0</attscale></attr><attr><attrlabl Sync="TRUE">FEC_ACT_AD</attrlabl><attalias Sync="TRUE">FEC_ACT_AD</attalias><attrtype Sync="TRUE">Date</attrtype><attwidth Sync="TRUE">8</attwidth><atprecis Sync="TRUE">0</atprecis><attscale Sync="TRUE">0</attscale></attr><attr><attrlabl Sync="TRUE">ART_ACT_AD</attrlabl><attalias Sync="TRUE">ART_ACT_AD</attalias><attrtype Sync="TRUE">String</attrtype><attwidth Sync="TRUE">50</attwidth><atprecis Sync="TRUE">0</atprecis><attscale Sync="TRUE">0</attscale></attr><attr><attrlabl Sync="TRUE">VEREDA</attrlabl><attalias Sync="TRUE">VEREDA</attalias><attrtype Sync="TRUE">String</attrtype><attwidth Sync="TRUE">100</attwidth><atprecis Sync="TRUE">0</atprecis><attscale Sync="TRUE">0</attscale></attr><attr><attrlabl Sync="TRUE">MUNICIPIO</attrlabl><attalias Sync="TRUE">MUNICIPIO</attalias><attrtype Sync="TRUE">String</attrtype><attwidth Sync="TRUE">5</attwidth><atprecis Sync="TRUE">0</atprecis><attscale Sync="TRUE">0</attscale></attr><attr><attrlabl Sync="TRUE">DEPTO</attrlabl><attalias Sync="TRUE">DEPTO</attalias><attrtype Sync="TRUE">String</attrtype><attwidth Sync="TRUE">2</attwidth><atprecis Sync="TRUE">0</atprecis><attscale Sync="TRUE">0</attscale></attr><attr><attrlabl Sync="TRUE">CAR</attrlabl><attalias Sync="TRUE">CAR</attalias><attrtype Sync="TRUE">Double</attrtype><attwidth Sync="TRUE">19</attwidth><atprecis Sync="TRUE">0</atprecis><attscale Sync="TRUE">0</attscale></attr><attr><attrlabl Sync="TRUE">NOMBRE</attrlabl><attalias Sync="TRUE">NOMBRE</attalias><attrtype Sync="TRUE">String</attrtype><attwidth Sync="TRUE">100</attwidth><atprecis Sync="TRUE">0</atprecis><attscale Sync="TRUE">0</attscale></attr><attr><attrlabl Sync="TRUE">NOMENCLAT</attrlabl><attalias Sync="TRUE">NOMENCLAT</attalias><attrtype Sync="TRUE">String</attrtype><attwidth Sync="TRUE">20</attwidth><atprecis Sync="TRUE">0</atprecis><attscale Sync="TRUE">0</attscale></attr><attr><attrlabl Sync="TRUE">DESCRIP</attrlabl><attalias Sync="TRUE">DESCRIP</attalias><attrtype Sync="TRUE">String</attrtype><attwidth Sync="TRUE">200</attwidth><atprecis Sync="TRUE">0</atprecis><attscale Sync="TRUE">0</attscale></attr><attr><attrlabl Sync="TRUE">TIP_EQUIPO</attrlabl><attalias Sync="TRUE">TIP_EQUIPO</attalias><attrtype Sync="TRUE">String</attrtype><attwidth Sync="TRUE">100</attwidth><atprecis Sync="TRUE">0</atprecis><attscale Sync="TRUE">0</attscale></attr><attr><attrlabl Sync="TRUE">CARACT_EQ</attrlabl><attalias Sync="TRUE">CARACT_EQ</attalias><attrtype Sync="TRUE">String</attrtype><attwidth Sync="TRUE">200</attwidth><atprecis Sync="TRUE">0</atprecis><attscale Sync="TRUE">0</attscale></attr><attr><attrlabl Sync="TRUE">DIAM_DESC</attrlabl><attalias Sync="TRUE">DIAM_DESC</attalias><attrtype Sync="TRUE">Double</attrtype><attwidth Sync="TRUE">19</attwidth><atprecis Sync="TRUE">0</atprecis><attscale Sync="TRUE">0</attscale></attr><attr><attrlabl Sync="TRUE">ALT_DESC</attrlabl><attalias Sync="TRUE">ALT_DESC</attalias><attrtype Sync="TRUE">Double</attrtype><attwidth Sync="TRUE">19</attwidth><atprecis Sync="TRUE">0</atprecis><attscale Sync="TRUE">0</attscale></attr><attr><attrlabl Sync="TRUE">SULF_HIDR</attrlabl><attalias Sync="TRUE">SULF_HIDR</attalias><attrtype Sync="TRUE">Double</attrtype><attwidth Sync="TRUE">19</attwidth><atprecis Sync="TRUE">0</atprecis><attscale Sync="TRUE">0</attscale></attr><attr><attrlabl Sync="TRUE">AZ_TOT_RED</attrlabl><attalias Sync="TRUE">AZ_TOT_RED</attalias><attrtype Sync="TRUE">Double</attrtype><attwidth Sync="TRUE">19</attwidth><atprecis Sync="TRUE">0</atprecis><attscale Sync="TRUE">0</attscale></attr><attr><attrlabl Sync="TRUE">AMONIACO</attrlabl><attalias Sync="TRUE">AMONIACO</attalias><attrtype Sync="TRUE">Double</attrtype><attwidth Sync="TRUE">19</attwidth><atprecis Sync="TRUE">0</atprecis><attscale Sync="TRUE">0</attscale></attr><attr><attrlabl Sync="TRUE">FECHA_MED</attrlabl><attalias Sync="TRUE">FECHA_MED</attalias><attrtype Sync="TRUE">Date</attrtype><attwidth Sync="TRUE">8</attwidth><atprecis Sync="TRUE">0</atprecis><attscale Sync="TRUE">0</attscale></attr><attr><attrlabl Sync="TRUE">OBSERV</attrlabl><attalias Sync="TRUE">OBSERV</attalias><attrtype Sync="TRUE">String</attrtype><attwidth Sync="TRUE">254</attwidth><atprecis Sync="TRUE">0</atprecis><attscale Sync="TRUE">0</attscale></attr><attr><attrlabl Sync="TRUE">COTA</attrlabl><attalias Sync="TRUE">COTA</attalias><attrtype Sync="TRUE">Double</attrtype><attwidth Sync="TRUE">19</attwidth><atprecis Sync="TRUE">0</atprecis><attscale Sync="TRUE">0</attscale></attr><attr><attrlabl Sync="TRUE">COOR_ESTE</attrlabl><attalias Sync="TRUE">COOR_ESTE</attalias><attrtype Sync="TRUE">Double</attrtype><attwidth Sync="TRUE">19</attwidth><atprecis Sync="TRUE">0</atprecis><attscale Sync="TRUE">0</attscale></attr><attr><attrlabl Sync="TRUE">COOR_NORTE</attrlabl><attalias Sync="TRUE">COOR_NORTE</attalias><attrtype Sync="TRUE">Double</attrtype><attwidth Sync="TRUE">19</attwidth><atprecis Sync="TRUE">0</atprecis><attscale Sync="TRUE">0</attscale></attr></detailed></eainfo><mdDateSt Sync="TRUE">20181129</mdDateSt></metadata>
