<?xml version="1.0"?>
<!--<!DOCTYPE metadata SYSTEM "http://www.esri.com/metadata/esriprof80.dtd">-->
<metadata xml:lang="en"><Esri><MetaID>{2456EBB2-0E14-4F91-9C67-57F7DB2729CA}</MetaID><CreaDate>20090903</CreaDate><CreaTime>07322500</CreaTime><SyncOnce>TRUE</SyncOnce><DataProperties><lineage><Process ToolSource="C:\Program Files\ArcGIS\ArcToolbox\Toolboxes\Data Management Tools.tbx\DefineProjection" Date="20090903" Time="073225">DefineProjection evap PROJCS['NAD_1983_Albers',GEOGCS['GCS_North_American_1983',DATUM['D_North_American_1983',SPHEROID['GRS_1980',6378137.0,298.257222101]],PRIMEM['Greenwich',0.0],UNIT['Degree',0.0174532925199433]],PROJECTION['Albers'],PARAMETER['False_Easting',1000000.0],PARAMETER['False_Northing',1000000.0],PARAMETER['Central_Meridian',-100.0],PARAMETER['Standard_Parallel_1',27.41666666666667],PARAMETER['Standard_Parallel_2',34.91666666666666],PARAMETER['Latitude_Of_Origin',31.16666666666667],UNIT['Meter',1.0]] evap</Process></lineage></DataProperties></Esri></metadata>
