<?xml version="1.0"?>
<!--<!DOCTYPE metadata SYSTEM "http://www.esri.com/metadata/esriprof80.dtd">-->
<metadata xml:lang="en"><Esri><CreaDate>20100522</CreaDate><CreaTime>14292000</CreaTime><SyncOnce>FALSE</SyncOnce><SyncDate>20090114</SyncDate><SyncTime>12171700</SyncTime><ModDate>20090114</ModDate><ModTime>12171700</ModTime><DataProperties><lineage><Process Name="FeatureClassToFeatureClass_11" ToolSource="C:\Archivos de programa\ArcGIS\ArcToolbox\Toolboxes\Conversion Tools.tbx\FeatureClassToFeatureClass" Date="20090114" Time="121717">FeatureClassToFeatureClass C:\SIG_TOCANCIPA\SIG_TOCANCIPA.mdb\_2005_Acuerdo_Municipal_11\A11_2005_Acueducto_Urbano C:\SIG_TOCANCIPA\SIG_TOCANCIPA.mdb\_General Acueducto_Urbano # "FNODE_ FNODE_ true true true 4 Long 0 0 ,First,#,C:\SIG_TOCANCIPA\SIG_TOCANCIPA.mdb\_2005_Acuerdo_Municipal_11\A11_2005_Acueducto_Urbano,FNODE_,-1,-1;TNODE_ TNODE_ true true true 4 Long 0 0 ,First,#,C:\SIG_TOCANCIPA\SIG_TOCANCIPA.mdb\_2005_Acuerdo_Municipal_11\A11_2005_Acueducto_Urbano,TNODE_,-1,-1;LPOLY_ LPOLY_ true true true 4 Long 0 0 ,First,#,C:\SIG_TOCANCIPA\SIG_TOCANCIPA.mdb\_2005_Acuerdo_Municipal_11\A11_2005_Acueducto_Urbano,LPOLY_,-1,-1;RPOLY_ RPOLY_ true true true 4 Long 0 0 ,First,#,C:\SIG_TOCANCIPA\SIG_TOCANCIPA.mdb\_2005_Acuerdo_Municipal_11\A11_2005_Acueducto_Urbano,RPOLY_,-1,-1;LENGTH LENGTH true true true 8 Double 0 0 ,First,#,C:\SIG_TOCANCIPA\SIG_TOCANCIPA.mdb\_2005_Acuerdo_Municipal_11\A11_2005_Acueducto_Urbano,LENGTH,-1,-1;ACUEDUCTO3_ ACUEDUCTO3_ true true true 4 Long 0 0 ,First,#,C:\SIG_TOCANCIPA\SIG_TOCANCIPA.mdb\_2005_Acuerdo_Municipal_11\A11_2005_Acueducto_Urbano,ACUEDUCTO3_,-1,-1;ACUEDUCTO3_ID ACUEDUCTO3_ID true true true 4 Long 0 0 ,First,#,C:\SIG_TOCANCIPA\SIG_TOCANCIPA.mdb\_2005_Acuerdo_Municipal_11\A11_2005_Acueducto_Urbano,ACUEDUCTO3_ID,-1,-1;DEPTO_ID DEPTO_ID true true false 50 Text 0 0 ,First,#,C:\SIG_TOCANCIPA\SIG_TOCANCIPA.mdb\_2005_Acuerdo_Municipal_11\A11_2005_Acueducto_Urbano,DEPTO_ID,-1,-1;MPIO_ID MPIO_ID true true false 50 Text 0 0 ,First,#,C:\SIG_TOCANCIPA\SIG_TOCANCIPA.mdb\_2005_Acuerdo_Municipal_11\A11_2005_Acueducto_Urbano,MPIO_ID,-1,-1;ZURB_ID ZURB_ID true true false 20 Text 0 0 ,First,#,C:\SIG_TOCANCIPA\SIG_TOCANCIPA.mdb\_2005_Acuerdo_Municipal_11\A11_2005_Acueducto_Urbano,ZURB_ID,-1,-1;SEC_ID SEC_ID true true false 20 Text 0 0 ,First,#,C:\SIG_TOCANCIPA\SIG_TOCANCIPA.mdb\_2005_Acuerdo_Municipal_11\A11_2005_Acueducto_Urbano,SEC_ID,-1,-1;ACUE_ID ACUE_ID true true false 20 Text 0 0 ,First,#,C:\SIG_TOCANCIPA\SIG_TOCANCIPA.mdb\_2005_Acuerdo_Municipal_11\A11_2005_Acueducto_Urbano,ACUE_ID,-1,-1;ACUE_LONGITUD ACUE_LONGITUD true true false 8 Double 0 0 ,First,#,C:\SIG_TOCANCIPA\SIG_TOCANCIPA.mdb\_2005_Acuerdo_Municipal_11\A11_2005_Acueducto_Urbano,ACUE_LONGITUD,-1,-1;ACUE_DIAMETRO ACUE_DIAMETRO true true false 8 Double 0 0 ,First,#,C:\SIG_TOCANCIPA\SIG_TOCANCIPA.mdb\_2005_Acuerdo_Municipal_11\A11_2005_Acueducto_Urbano,ACUE_DIAMETRO,-1,-1;Shape_Length Shape_Length false true true 8 Double 0 0 ,First,#,C:\SIG_TOCANCIPA\SIG_TOCANCIPA.mdb\_2005_Acuerdo_Municipal_11\A11_2005_Acueducto_Urbano,Shape_Length,-1,-1" # C:\SIG_TOCANCIPA\SIG_TOCANCIPA.mdb\_General\Acueducto_Urbano</Process></lineage></DataProperties><MetaID>{033571D1-44A2-420C-AB6F-848F66829FC7}</MetaID></Esri><idinfo><citation><citeinfo><onlink Sync="TRUE"></onlink><origin>REQUIRED: The name of an organization or individual that developed the data set.</origin><pubdate>REQUIRED: The date when the data set is published or otherwise made available for release.</pubdate><title Sync="TRUE">Acueducto_Urbano</title><ftname Sync="TRUE">Acueducto_Urbano</ftname><geoform Sync="TRUE">vector digital data</geoform></citeinfo></citation><native Sync="TRUE">Microsoft Windows XP Version 5.1 (Build 2600) Service Pack 3; ESRI ArcCatalog 9.2.6.1500</native><descript><langdata Sync="TRUE">es</langdata><abstract>REQUIRED: A brief narrative summary of the data set.</abstract><purpose>REQUIRED: A summary of the intentions with which the data set was developed.</purpose></descript><timeperd><current>REQUIRED: The basis on which the time period of content information is determined.</current><timeinfo><sngdate><caldate>REQUIRED: The year (and optionally month, or month and day) for which the data set corresponds to the ground.</caldate></sngdate></timeinfo></timeperd><status><progress>REQUIRED: The state of the data set.</progress><update>REQUIRED: The frequency with which changes and additions are made to the data set after the initial data set is completed.</update></status><spdom><bounding><westbc Sync="TRUE">-73.922405</westbc><eastbc Sync="TRUE">-73.906349</eastbc><northbc Sync="TRUE">4.971391</northbc><southbc Sync="TRUE">4.961629</southbc></bounding><lboundng><leftbc Sync="TRUE">1017580.508117</leftbc><rightbc Sync="TRUE">1019361.038961</rightbc><bottombc Sync="TRUE">1040098.015282</bottombc><topbc Sync="TRUE">1041177.041915</topbc></lboundng></spdom><keywords><theme><themekt>REQUIRED: Reference to a formally registered thesaurus or a similar authoritative source of theme keywords.</themekt><themekey>REQUIRED: Common-use word or phrase used to describe the subject of the data set.</themekey></theme></keywords><accconst>REQUIRED: Restrictions and legal prerequisites for accessing the data set.</accconst><useconst>REQUIRED: Restrictions and legal prerequisites for using the data set after access is granted.</useconst><natvform Sync="TRUE">Personal GeoDatabase Feature Class</natvform></idinfo><distInfo><distributor><distorTran><onLineSrc><linkage Sync="TRUE">file://</linkage><protocol Sync="TRUE">Local Area Network</protocol><orDesc Sync="TRUE">002</orDesc></onLineSrc><transSize Sync="TRUE">0.137</transSize></distorTran><distorFormat><formatName Sync="TRUE">Personal GeoDatabase Feature Class</formatName></distorFormat></distributor></distInfo><dataqual><lineage><procstep><procdesc Sync="TRUE">Dataset copied.</procdesc><srcused Sync="TRUE">c:\_tocancipa\26julio\sentidos_viales\ejes_viales3</srcused><date Sync="TRUE">20030727</date><time Sync="TRUE">17524700</time></procstep><procstep><procdesc Sync="TRUE">Dataset copied.</procdesc><srcused Sync="TRUE">\\INARWSIABATO\D$\wsiabato\Tocancipa\InfoEnvi\GEODA_TOCAN_Vs3\TOCANCIPA.mdb</srcused><date Sync="TRUE">20030729</date><time Sync="TRUE">12513200</time></procstep><procstep><procdesc Sync="TRUE">Dataset copied.</procdesc><srcused Sync="TRUE">\\INARWSIABATO\D$\wsiabato\Tocancipa\Casa\GeoDB\pp.mdb</srcused><date Sync="TRUE">20030730</date><time Sync="TRUE">11123100</time></procstep><procstep><procdesc Sync="TRUE">Dataset copied.</procdesc><srcused Sync="TRUE">\\IGAC05\C$\tpa\SIGTocancipa.mdb</srcused><date Sync="TRUE">20060118</date><time Sync="TRUE">07590500</time></procstep><procstep><procdesc Sync="TRUE">Dataset copied.</procdesc><srcused Sync="TRUE">\\MASTER-PC\SIG_TOCANCIPA\SIG_TOCANCIPA.mdb</srcused><procdate Sync="TRUE">20100522</procdate><proctime Sync="TRUE">14292100</proctime></procstep></lineage></dataqual><dataIdInfo><envirDesc Sync="TRUE">Microsoft Windows XP Version 5.1 (Build 2600) Service Pack 3; ESRI ArcCatalog 9.2.6.1500</envirDesc><dataLang><languageCode Sync="TRUE" value="es"></languageCode></dataLang><idCitation><resTitle Sync="TRUE">Acueducto_Urbano</resTitle><presForm><PresFormCd Sync="TRUE" value="005"></PresFormCd></presForm></idCitation><spatRpType><SpatRepTypCd Sync="TRUE" value="001"></SpatRepTypCd></spatRpType><geoBox esriExtentType="decdegrees"><westBL Sync="TRUE">-73.922405</westBL><eastBL Sync="TRUE">-73.906349</eastBL><northBL Sync="TRUE">4.971391</northBL><southBL Sync="TRUE">4.961629</southBL><exTypeCode Sync="TRUE">1</exTypeCode></geoBox><dataExt><geoEle><GeoBndBox esriExtentType="native"><westBL Sync="TRUE">1017580.508117</westBL><eastBL Sync="TRUE">1019361.038961</eastBL><northBL Sync="TRUE">1041177.041915</northBL><southBL Sync="TRUE">1040098.015282</southBL><exTypeCode Sync="TRUE">1</exTypeCode></GeoBndBox></geoEle></dataExt></dataIdInfo><metainfo><langmeta Sync="TRUE">es</langmeta><metstdn Sync="TRUE">FGDC Content Standards for Digital Geospatial Metadata</metstdn><metstdv Sync="TRUE">FGDC-STD-001-1998</metstdv><mettc Sync="TRUE">local time</mettc><metc><cntinfo><cntorgp><cntper>REQUIRED: The person responsible for the metadata information.</cntper><cntorg>REQUIRED: The organization responsible for the metadata information.</cntorg></cntorgp><cntaddr><addrtype>REQUIRED: The mailing and/or physical address for the organization or individual.</addrtype><city>REQUIRED: The city of the address.</city><state>REQUIRED: The state or province of the address.</state><postal>REQUIRED: The ZIP or other postal code of the address.</postal></cntaddr><cntvoice>REQUIRED: The telephone number by which individuals can speak to the organization or individual.</cntvoice></cntinfo></metc><metd Sync="TRUE">20090114</metd><metextns><onlink Sync="TRUE">http://www.esri.com/metadata/esriprof80.html</onlink><metprof Sync="TRUE">ESRI Metadata Profile</metprof></metextns></metainfo><mdLang><languageCode Sync="TRUE" value="es"></languageCode></mdLang><mdStanName Sync="TRUE">ISO 19115 Geographic Information - Metadata</mdStanName><mdStanVer Sync="TRUE">DIS_ESRI1.0</mdStanVer><mdChar><CharSetCd Sync="TRUE" value="004"></CharSetCd></mdChar><mdHrLv><ScopeCd Sync="TRUE" value="005"></ScopeCd></mdHrLv><mdHrLvName Sync="TRUE">dataset</mdHrLvName><distinfo><resdesc Sync="TRUE">Downloadable Data</resdesc><stdorder><digform><digtinfo><transize Sync="TRUE">0.137</transize><dssize Sync="TRUE">0.137</dssize></digtinfo></digform></stdorder></distinfo><spdoinfo><direct Sync="TRUE">Vector</direct><ptvctinf><esriterm Name="Acueducto_Urbano"><efeatyp Sync="TRUE">Simple</efeatyp><efeageom Sync="TRUE">Polyline</efeageom><esritopo Sync="TRUE">FALSE</esritopo><efeacnt Sync="TRUE">0</efeacnt><spindex Sync="TRUE">TRUE</spindex><linrefer Sync="TRUE">FALSE</linrefer></esriterm><sdtsterm Name="Acueducto_Urbano"><sdtstype Sync="TRUE">String</sdtstype><ptvctcnt Sync="TRUE">0</ptvctcnt></sdtsterm><esriterm Name="tic"><efeatyp Sync="TRUE">Simple</efeatyp><efeageom Sync="TRUE">Tic</efeageom><esritopo Sync="TRUE">FALSE</esritopo><efeacnt Sync="TRUE">4</efeacnt><spindex Sync="TRUE">FALSE</spindex><linrefer Sync="TRUE">FALSE</linrefer></esriterm><sdtsterm Name="tic"><sdtstype Sync="TRUE">Point</sdtstype><ptvctcnt Sync="TRUE">4</ptvctcnt></sdtsterm></ptvctinf></spdoinfo><spref><horizsys><cordsysn><geogcsn Sync="TRUE">GCS_Bogota</geogcsn><projcsn Sync="TRUE">Bogota_Transverse_Mercator</projcsn></cordsysn><planar><planci><plance Sync="TRUE">coordinate pair</plance><plandu Sync="TRUE">meters</plandu><coordrep><absres Sync="TRUE">0.001000</absres><ordres Sync="TRUE">0.001000</ordres></coordrep></planci><mapproj><mapprojn Sync="TRUE">Transverse Mercator</mapprojn><transmer><sfctrmer Sync="TRUE">1.000000</sfctrmer><longcm Sync="TRUE">-74.080917</longcm><latprjo Sync="TRUE">4.599047</latprjo><feast Sync="TRUE">1000000.000000</feast><fnorth Sync="TRUE">1000000.000000</fnorth></transmer></mapproj></planar><geodetic><horizdn Sync="TRUE">D_Bogota</horizdn><ellips Sync="TRUE">International_1924</ellips><semiaxis Sync="TRUE">6378388.000000</semiaxis><denflat Sync="TRUE">297.000000</denflat></geodetic></horizsys><vertdef><altsys><altenc Sync="TRUE">Explicit elevation coordinate included with horizontal coordinates</altenc><altres Sync="TRUE">0.001000</altres></altsys></vertdef></spref><refSysInfo><RefSystem><refSysID><identCode Sync="TRUE">Bogota_Transverse_Mercator</identCode></refSysID></RefSystem></refSysInfo><spatRepInfo><VectSpatRep><topLvl><TopoLevCd Sync="TRUE" value="001"></TopoLevCd></topLvl><geometObjs Name="Acueducto_Urbano"><geoObjTyp><GeoObjTypCd Sync="TRUE" value="001"></GeoObjTypCd></geoObjTyp><geoObjCnt Sync="TRUE">0</geoObjCnt></geometObjs></VectSpatRep></spatRepInfo><eainfo><detailed Name="Acueducto_Urbano"><enttyp><enttypl Sync="TRUE">Acueducto_Urbano</enttypl><enttypt Sync="TRUE">Feature Class</enttypt><enttypc Sync="TRUE">0</enttypc></enttyp><attr><attrlabl Sync="TRUE">FNODE_</attrlabl><attalias Sync="TRUE">FNODE_</attalias><attrtype Sync="TRUE">Integer</attrtype><attwidth Sync="TRUE">4</attwidth><atprecis Sync="TRUE">0</atprecis><attscale Sync="TRUE">0</attscale></attr><attr><attrlabl Sync="TRUE">ZURB_ID</attrlabl><attwidth Sync="TRUE">20</attwidth><atoutwid Sync="TRUE">20</atoutwid><attrtype Sync="TRUE">Character</attrtype></attr><attr><attrlabl Sync="TRUE">Shape</attrlabl><attalias Sync="TRUE">Shape</attalias><attrtype Sync="TRUE">Geometry</attrtype><attwidth Sync="TRUE">0</attwidth><atprecis Sync="TRUE">0</atprecis><attscale Sync="TRUE">0</attscale><attrdef Sync="TRUE">Feature geometry.</attrdef><attrdefs Sync="TRUE">ESRI</attrdefs><attrdomv><udom Sync="TRUE">Coordinates defining the features.</udom></attrdomv></attr><attr><attrlabl Sync="TRUE">LENGTH</attrlabl><attwidth Sync="TRUE">8</attwidth><atoutwid Sync="TRUE">18</atoutwid><attrtype Sync="TRUE">Float</attrtype><atnumdec Sync="TRUE">5</atnumdec><attrdef Sync="TRUE">Length of feature in internal units.</attrdef><attrdefs Sync="TRUE">ESRI</attrdefs><attrdomv><udom Sync="TRUE">Positive real numbers that are automatically generated.</udom></attrdomv></attr><attr><attrlabl Sync="TRUE">MPIO_ID</attrlabl><attwidth Sync="TRUE">50</attwidth><atoutwid Sync="TRUE">50</atoutwid><attrtype Sync="TRUE">Character</attrtype></attr><attr><attrlabl Sync="TRUE">SEC_ID</attrlabl><attwidth Sync="TRUE">20</attwidth><atoutwid Sync="TRUE">20</atoutwid><attrtype Sync="TRUE">Character</attrtype></attr><attr><attrlabl Sync="TRUE">ACUE_LONGITUD</attrlabl><attwidth Sync="TRUE">8</attwidth><atoutwid Sync="TRUE">8</atoutwid><attrtype Sync="TRUE">Float</attrtype><atnumdec Sync="TRUE">0</atnumdec></attr><attr><attrlabl Sync="TRUE">OBJECTID</attrlabl><attalias Sync="TRUE">OBJECTID</attalias><attrtype Sync="TRUE">OID</attrtype><attwidth Sync="TRUE">4</attwidth><atprecis Sync="TRUE">0</atprecis><attscale Sync="TRUE">0</attscale><attrdef Sync="TRUE">Internal feature number.</attrdef><attrdefs Sync="TRUE">ESRI</attrdefs><attrdomv><udom Sync="TRUE">Sequential unique whole numbers that are automatically generated.</udom></attrdomv></attr><attr><attrlabl Sync="TRUE">DEPTO_ID</attrlabl><attwidth Sync="TRUE">50</attwidth><atoutwid Sync="TRUE">50</atoutwid><attrtype Sync="TRUE">Character</attrtype></attr><attr><attrlabl Sync="TRUE">TNODE_</attrlabl><attalias Sync="TRUE">TNODE_</attalias><attrtype Sync="TRUE">Integer</attrtype><attwidth Sync="TRUE">4</attwidth><atprecis Sync="TRUE">0</atprecis><attscale Sync="TRUE">0</attscale></attr><attr><attrlabl Sync="TRUE">ACUE_ID</attrlabl><attwidth Sync="TRUE">20</attwidth><atoutwid Sync="TRUE">20</atoutwid><attrtype Sync="TRUE">Character</attrtype></attr><attr><attrlabl Sync="TRUE">LPOLY_</attrlabl><attalias Sync="TRUE">LPOLY_</attalias><attrtype Sync="TRUE">Integer</attrtype><attwidth Sync="TRUE">4</attwidth><atprecis Sync="TRUE">0</atprecis><attscale Sync="TRUE">0</attscale></attr><attr><attrlabl Sync="TRUE">ACUE_DIAMETRO</attrlabl><attwidth Sync="TRUE">8</attwidth><atoutwid Sync="TRUE">8</atoutwid><attrtype Sync="TRUE">Float</attrtype><atnumdec Sync="TRUE">0</atnumdec></attr><attr><attrlabl Sync="TRUE">RPOLY_</attrlabl><attalias Sync="TRUE">RPOLY_</attalias><attrtype Sync="TRUE">Integer</attrtype><attwidth Sync="TRUE">4</attwidth><atprecis Sync="TRUE">0</atprecis><attscale Sync="TRUE">0</attscale></attr><attr><attrlabl Sync="TRUE">ACUEDUCTO3_</attrlabl><attalias Sync="TRUE">ACUEDUCTO3_</attalias><attrtype Sync="TRUE">Integer</attrtype><attwidth Sync="TRUE">4</attwidth><atprecis Sync="TRUE">0</atprecis><attscale Sync="TRUE">0</attscale></attr><attr><attrlabl Sync="TRUE">ACUEDUCTO3_ID</attrlabl><attalias Sync="TRUE">ACUEDUCTO3_ID</attalias><attrtype Sync="TRUE">Integer</attrtype><attwidth Sync="TRUE">4</attwidth><atprecis Sync="TRUE">0</atprecis><attscale Sync="TRUE">0</attscale></attr><attr><attrlabl Sync="TRUE">Shape_Length</attrlabl><attalias Sync="TRUE">Shape_Length</attalias><attrtype Sync="TRUE">Double</attrtype><attwidth Sync="TRUE">8</attwidth><atprecis Sync="TRUE">0</atprecis><attscale Sync="TRUE">0</attscale><attrdef Sync="TRUE">Length of feature in internal units.</attrdef><attrdefs Sync="TRUE">ESRI</attrdefs><attrdomv><udom Sync="TRUE">Positive real numbers that are automatically generated.</udom></attrdomv></attr></detailed></eainfo><mdDateSt Sync="TRUE">20090114</mdDateSt></metadata>
