<metadata xml:lang="es"><Esri><CreaDate>20200702</CreaDate><CreaTime>18402000</CreaTime><ArcGISFormat>1.0</ArcGISFormat><SyncOnce>FALSE</SyncOnce><DataProperties><lineage><Process ToolSource="c:\program files (x86)\arcgis\desktop10.3\ArcToolbox\Toolboxes\Data Management Tools.tbx\CalculateField" Date="20150613" Time="124527">CalculateField D:\ayesa\implantacion\20150608\carga_geo\web.sde\GEODB.GEO.CaptacionAguaSuperPT EXPEDIENTE x( !Expediente! ) PYTHON_9.3 "def x(valor):\n    if valor=="NDA0976":\n        return "LAM1749"\n    elif valor=="LAV0090-13":\n        return "LAM1837"\n    elif valor=="LAV0070-13":\n        return "LAM1749"\n    elif valor=="NDA0803":\n        return "LAM2581"\n    elif valor=="LAM5023":\n        return "LAM4090"\n    elif valor=="LAM0647":\n        return "LAV0070-14"\n    elif valor=="LAM0666":\n        return "LAV0095-00-2014"\n    else:\n        return valor"</Process><Process ToolSource="c:\program files (x86)\arcgis\desktop10.3\ArcToolbox\Toolboxes\Data Management Tools.tbx\CalculateField" Date="20150616" Time="083326">CalculateField CaptacionAguaSuperPT AUTORIZADO 1 VB #</Process><Process ToolSource="c:\program files (x86)\arcgis\desktop10.3\ArcToolbox\Toolboxes\Data Management Tools.tbx\DeleteField" Date="20150827" Time="120440">DeleteField D:\MIGRACION_FINAL\GDB_ANLA_ACT\GDB_ANLA.gdb\CaptacionAguaSuperPT ID_INFORME</Process><Process ToolSource="c:\program files (x86)\arcgis\desktop10.3\ArcToolbox\Toolboxes\Data Management Tools.tbx\DeleteField" Date="20150827" Time="121047">DeleteField D:\MIGRACION_FINAL\GDB_ANLA_ACT\GDB_ANLA.gdb\CaptacionAguaSuperPT TIPO_ESTUD</Process><Process ToolSource="c:\program files (x86)\arcgis\desktop10.3\ArcToolbox\Toolboxes\Data Management Tools.tbx\DeleteField" Date="20150827" Time="121359">DeleteField D:\MIGRACION_FINAL\GDB_ANLA_ACT\GDB_ANLA.gdb\CaptacionAguaSuperPT FECHA</Process><Process ToolSource="c:\program files (x86)\arcgis\desktop10.3\ArcToolbox\Toolboxes\Data Management Tools.tbx\DeleteField" Date="20150827" Time="121619">DeleteField D:\MIGRACION_FINAL\GDB_ANLA_ACT\GDB_ANLA.gdb\CaptacionAguaSuperPT SEGUIMIENT</Process><Process ToolSource="c:\program files (x86)\arcgis\desktop10.3\ArcToolbox\Toolboxes\Data Management Tools.tbx\DeleteField" Date="20150827" Time="121931">DeleteField D:\MIGRACION_FINAL\GDB_ANLA_ACT\GDB_ANLA.gdb\CaptacionAguaSuperPT AUTORIZADO</Process><Process ToolSource="c:\program files (x86)\arcgis\desktop10.3\ArcToolbox\Toolboxes\Data Management Tools.tbx\DeleteField" Date="20151007" Time="170716">DeleteField D:\MIGRACION_FINAL\GDB_ANLA.gdb\CaptacionAguaSuperPT CODIGO</Process><Process ToolSource="c:\program files (x86)\arcgis\desktop10.3\ArcToolbox\Toolboxes\Conversion Tools.tbx\FeatureClassToFeatureClass" Date="20151021" Time="103046">FeatureClassToFeatureClass D:\MIGRACION_FINAL\GDB_ANLA.gdb\T_15_HIDROLOGIA\CaptacionAguaSuperPT D:\MIGRACION_FINAL\GDB_ANLA.gdb\T_15_HIDROLOGIA CaptacionAguaSuperPT0 # "EXPEDIENTE "EXPEDIENTE" true true false 20 Text 0 0 ,First,#,D:\MIGRACION_FINAL\GDB_ANLA.gdb\T_15_HIDROLOGIA\CaptacionAguaSuperPT,EXPEDIENTE,-1,-1;OPERADOR "OPERADOR" true true false 100 Text 0 0 ,First,#,D:\MIGRACION_FINAL\GDB_ANLA.gdb\T_15_HIDROLOGIA\CaptacionAguaSuperPT,OPERADOR,-1,-1;PROYECTO "PROYECTO" true true false 200 Text 0 0 ,First,#,D:\MIGRACION_FINAL\GDB_ANLA.gdb\T_15_HIDROLOGIA\CaptacionAguaSuperPT,PROYECTO,-1,-1;NUM_ACT_AD "NUM_ACT_AD" true true false 20 Text 0 0 ,First,#,D:\MIGRACION_FINAL\GDB_ANLA.gdb\T_15_HIDROLOGIA\CaptacionAguaSuperPT,NUM_ACT_AD,-1,-1;FEC_ACT_AD "FEC_ACT_AD" true true false 8 Date 0 0 ,First,#,D:\MIGRACION_FINAL\GDB_ANLA.gdb\T_15_HIDROLOGIA\CaptacionAguaSuperPT,FEC_ACT_AD,-1,-1;ART_ACT_AD "ART_ACT_AD" true true false 50 Text 0 0 ,First,#,D:\MIGRACION_FINAL\GDB_ANLA.gdb\T_15_HIDROLOGIA\CaptacionAguaSuperPT,ART_ACT_AD,-1,-1;NOM_PREDIO "NOM_PREDIO" true true false 100 Text 0 0 ,First,#,D:\MIGRACION_FINAL\GDB_ANLA.gdb\T_15_HIDROLOGIA\CaptacionAguaSuperPT,NOM_PREDIO,-1,-1;ID_PREDIO "ID_PREDIO" true true false 30 Text 0 0 ,First,#,D:\MIGRACION_FINAL\GDB_ANLA.gdb\T_15_HIDROLOGIA\CaptacionAguaSuperPT,ID_PREDIO,-1,-1;NOM_PROPIE "NOM_PROPIE" true true false 100 Text 0 0 ,First,#,D:\MIGRACION_FINAL\GDB_ANLA.gdb\T_15_HIDROLOGIA\CaptacionAguaSuperPT,NOM_PROPIE,-1,-1;VEREDA "VEREDA" true true false 100 Text 0 0 ,First,#,D:\MIGRACION_FINAL\GDB_ANLA.gdb\T_15_HIDROLOGIA\CaptacionAguaSuperPT,VEREDA,-1,-1;MUNICIPIO "MUNICIPIO" true true false 5 Text 0 0 ,First,#,D:\MIGRACION_FINAL\GDB_ANLA.gdb\T_15_HIDROLOGIA\CaptacionAguaSuperPT,MUNICIPIO,-1,-1;DEPTO "DEPTO" true true false 2 Text 0 0 ,First,#,D:\MIGRACION_FINAL\GDB_ANLA.gdb\T_15_HIDROLOGIA\CaptacionAguaSuperPT,DEPTO,-1,-1;CAR "CAR" true true false 8 Double 0 0 ,First,#,D:\MIGRACION_FINAL\GDB_ANLA.gdb\T_15_HIDROLOGIA\CaptacionAguaSuperPT,CAR,-1,-1;NOMBRE "NOMBRE" true true false 100 Text 0 0 ,First,#,D:\MIGRACION_FINAL\GDB_ANLA.gdb\T_15_HIDROLOGIA\CaptacionAguaSuperPT,NOMBRE,-1,-1;ID_CAPT_PT "ID_CAPT_PT" true true false 10 Text 0 0 ,First,#,D:\MIGRACION_FINAL\GDB_ANLA.gdb\T_15_HIDROLOGIA\CaptacionAguaSuperPT,ID_CAPT_PT,-1,-1;TIP_FU_SUP "TIP_FU_SUP" true true false 8 Double 0 0 ,First,#,D:\MIGRACION_FINAL\GDB_ANLA.gdb\T_15_HIDROLOGIA\CaptacionAguaSuperPT,TIP_FU_SUP,-1,-1;NOM_C_AG "NOM_C_AG" true true false 100 Text 0 0 ,First,#,D:\MIGRACION_FINAL\GDB_ANLA.gdb\T_15_HIDROLOGIA\CaptacionAguaSuperPT,NOM_C_AG,-1,-1;T_CAUDAL "T_CAUDAL" true true false 8 Double 0 0 ,First,#,D:\MIGRACION_FINAL\GDB_ANLA.gdb\T_15_HIDROLOGIA\CaptacionAguaSuperPT,T_CAUDAL,-1,-1;OF_HID_TOT "OF_HID_TOT
" true true false 8 Double 0 0 ,First,#,D:\MIGRACION_FINAL\GDB_ANLA.gdb\T_15_HIDROLOGIA\CaptacionAguaSuperPT,OF_HID_TOT,-1,-1;OF_HID_DIS "OF_HID_DIS
" true true false 8 Double 0 0 ,First,#,D:\MIGRACION_FINAL\GDB_ANLA.gdb\T_15_HIDROLOGIA\CaptacionAguaSuperPT,OF_HID_DIS,-1,-1;SITIO "SITIO" true true false 100 Text 0 0 ,First,#,D:\MIGRACION_FINAL\GDB_ANLA.gdb\T_15_HIDROLOGIA\CaptacionAguaSuperPT,SITIO,-1,-1;MET_EXPLOT "MET_EXPLOT" true true false 8 Double 0 0 ,First,#,D:\MIGRACION_FINAL\GDB_ANLA.gdb\T_15_HIDROLOGIA\CaptacionAguaSuperPT,MET_EXPLOT,-1,-1;CAP_BOMB "CAP_BOMB" true true false 8 Double 0 0 ,First,#,D:\MIGRACION_FINAL\GDB_ANLA.gdb\T_15_HIDROLOGIA\CaptacionAguaSuperPT,CAP_BOMB,-1,-1;SIST_ABAST "SIST_ABAST" true true false 255 Text 0 0 ,First,#,D:\MIGRACION_FINAL\GDB_ANLA.gdb\T_15_HIDROLOGIA\CaptacionAguaSuperPT,SIST_ABAST,-1,-1;DIAMETR_IN "DIAMETRO_in" true true false 8 Double 0 0 ,First,#,D:\MIGRACION_FINAL\GDB_ANLA.gdb\T_15_HIDROLOGIA\CaptacionAguaSuperPT,DIAMETR_IN,-1,-1;ANCHO_M "ANCHO_m" true true false 8 Double 0 0 ,First,#,D:\MIGRACION_FINAL\GDB_ANLA.gdb\T_15_HIDROLOGIA\CaptacionAguaSuperPT,ANCHO_M,-1,-1;PROFUND_M "PROFUND_m" true true false 8 Double 0 0 ,First,#,D:\MIGRACION_FINAL\GDB_ANLA.gdb\T_15_HIDROLOGIA\CaptacionAguaSuperPT,PROFUND_M,-1,-1;HORAS_DIA "HORAS_DIA" true true false 8 Double 0 0 ,First,#,D:\MIGRACION_FINAL\GDB_ANLA.gdb\T_15_HIDROLOGIA\CaptacionAguaSuperPT,HORAS_DIA,-1,-1;DIAS_MES "DIAS_MES" true true false 8 Double 0 0 ,First,#,D:\MIGRACION_FINAL\GDB_ANLA.gdb\T_15_HIDROLOGIA\CaptacionAguaSuperPT,DIAS_MES,-1,-1;MES_ANO "MES_AÑO" true true false 8 Double 0 0 ,First,#,D:\MIGRACION_FINAL\GDB_ANLA.gdb\T_15_HIDROLOGIA\CaptacionAguaSuperPT,MES_ANO,-1,-1;U_APROV_1 "U_APROV_1" true true false 8 Double 0 0 ,First,#,D:\MIGRACION_FINAL\GDB_ANLA.gdb\T_15_HIDROLOGIA\CaptacionAguaSuperPT,U_APROV_1,-1,-1;U_APROV_2 "U_APROV_2" true true false 8 Double 0 0 ,First,#,D:\MIGRACION_FINAL\GDB_ANLA.gdb\T_15_HIDROLOGIA\CaptacionAguaSuperPT,U_APROV_2,-1,-1;U_APROV_3 "U_APROV_3" true true false 8 Double 0 0 ,First,#,D:\MIGRACION_FINAL\GDB_ANLA.gdb\T_15_HIDROLOGIA\CaptacionAguaSuperPT,U_APROV_3,-1,-1;U_APROV_4 "U_APROV_4" true true false 8 Double 0 0 ,First,#,D:\MIGRACION_FINAL\GDB_ANLA.gdb\T_15_HIDROLOGIA\CaptacionAguaSuperPT,U_APROV_4,-1,-1;D_U_APR_1 "D_U_APR_1" true true false 8 Double 0 0 ,First,#,D:\MIGRACION_FINAL\GDB_ANLA.gdb\T_15_HIDROLOGIA\CaptacionAguaSuperPT,D_U_APR_1,-1,-1;D_U_APR_2 "D_U_APR_2" true true false 8 Double 0 0 ,First,#,D:\MIGRACION_FINAL\GDB_ANLA.gdb\T_15_HIDROLOGIA\CaptacionAguaSuperPT,D_U_APR_2,-1,-1;D_U_APR_3 "D_U_APR_3" true true false 8 Double 0 0 ,First,#,D:\MIGRACION_FINAL\GDB_ANLA.gdb\T_15_HIDROLOGIA\CaptacionAguaSuperPT,D_U_APR_3,-1,-1;D_U_APR_4 "D_U_APR_4" true true false 8 Double 0 0 ,First,#,D:\MIGRACION_FINAL\GDB_ANLA.gdb\T_15_HIDROLOGIA\CaptacionAguaSuperPT,D_U_APR_4,-1,-1;D_USO_TOT "D_USO_TOT" true true false 8 Double 0 0 ,First,#,D:\MIGRACION_FINAL\GDB_ANLA.gdb\T_15_HIDROLOGIA\CaptacionAguaSuperPT,D_USO_TOT,-1,-1;AH "AH" true true false 1 Text 0 0 ,First,#,D:\MIGRACION_FINAL\GDB_ANLA.gdb\T_15_HIDROLOGIA\CaptacionAguaSuperPT,AH,-1,-1;ZH "ZH" true true false 2 Text 0 0 ,First,#,D:\MIGRACION_FINAL\GDB_ANLA.gdb\T_15_HIDROLOGIA\CaptacionAguaSuperPT,ZH,-1,-1;SZH "SZH" true true false 4 Text 0 0 ,First,#,D:\MIGRACION_FINAL\GDB_ANLA.gdb\T_15_HIDROLOGIA\CaptacionAguaSuperPT,SZH,-1,-1;N_NV_SUB "N_NV_SUB" true true false 100 Text 0 0 ,First,#,D:\MIGRACION_FINAL\GDB_ANLA.gdb\T_15_HIDROLOGIA\CaptacionAguaSuperPT,N_NV_SUB,-1,-1;C_NV_SUB "C_NV_SUB" true true false 7 Text 0 0 ,First,#,D:\MIGRACION_FINAL\GDB_ANLA.gdb\T_15_HIDROLOGIA\CaptacionAguaSuperPT,C_NV_SUB,-1,-1;N_MIC_CUE "N_MIC_CUE" true true false 100 Text 0 0 ,First,#,D:\MIGRACION_FINAL\GDB_ANLA.gdb\T_15_HIDROLOGIA\CaptacionAguaSuperPT,N_MIC_CUE,-1,-1;C_MIC_CUE "C_MIC_CUE" true true false 10 Text 0 0 ,First,#,D:\MIGRACION_FINAL\GDB_ANLA.gdb\T_15_HIDROLOGIA\CaptacionAguaSuperPT,C_MIC_CUE,-1,-1;OBSERV "OBSERV" true true false 255 Text 0 0 ,First,#,D:\MIGRACION_FINAL\GDB_ANLA.gdb\T_15_HIDROLOGIA\CaptacionAguaSuperPT,OBSERV,-1,-1;COTA "COTA" true true false 8 Double 0 0 ,First,#,D:\MIGRACION_FINAL\GDB_ANLA.gdb\T_15_HIDROLOGIA\CaptacionAguaSuperPT,COTA,-1,-1;COOR_ESTE "COOR_ESTE" true true false 8 Double 0 0 ,First,#,D:\MIGRACION_FINAL\GDB_ANLA.gdb\T_15_HIDROLOGIA\CaptacionAguaSuperPT,COOR_ESTE,-1,-1;COOR_NORTE "COOR_NORTE" true true false 8 Double 0 0 ,First,#,D:\MIGRACION_FINAL\GDB_ANLA.gdb\T_15_HIDROLOGIA\CaptacionAguaSuperPT,COOR_NORTE,-1,-1" #</Process><Process ToolSource="c:\program files (x86)\arcgis\desktop10.3\ArcToolbox\Toolboxes\Data Management Tools.tbx\Rename" Date="20151021" Time="103047">Rename D:\MIGRACION_FINAL\GDB_ANLA.gdb\T_15_HIDROLOGIA\CaptacionAguaSuperPT0 D:\MIGRACION_FINAL\GDB_ANLA.gdb\T_15_HIDROLOGIA\CaptacionAguaSuperPT FeatureClass</Process><Process ToolSource="c:\program files (x86)\arcgis\desktop10.4\ArcToolbox\Toolboxes\Conversion Tools.tbx\FeatureClassToFeatureClass" Date="20160721" Time="152425">FeatureClassToFeatureClass "D:\ngonzalez\Desktop\Skydrive\SkyDrive Pro\MODELO DATOS\FINALES\GDB_ANLA_MCB.gdb\T_15_HIDROLOGIA\CaptacionAguaSuperPT" "D:\ngonzalez\Desktop\Skydrive\SkyDrive Pro\MODELO DATOS\FINALES\GDB_ANLA_MCB.gdb\T_15_HIDROLOGIA" CaptacionAguaSuperPT0 # "EXPEDIENTE "EXPEDIENTE" true true false 20 Text 0 0 ,First,#,D:\ngonzalez\Desktop\Skydrive\SkyDrive Pro\MODELO DATOS\FINALES\GDB_ANLA_MCB.gdb\T_15_HIDROLOGIA\CaptacionAguaSuperPT,EXPEDIENTE,-1,-1;OPERADOR "OPERADOR" true true false 100 Text 0 0 ,First,#,D:\ngonzalez\Desktop\Skydrive\SkyDrive Pro\MODELO DATOS\FINALES\GDB_ANLA_MCB.gdb\T_15_HIDROLOGIA\CaptacionAguaSuperPT,OPERADOR,-1,-1;PROYECTO "PROYECTO" true true false 200 Text 0 0 ,First,#,D:\ngonzalez\Desktop\Skydrive\SkyDrive Pro\MODELO DATOS\FINALES\GDB_ANLA_MCB.gdb\T_15_HIDROLOGIA\CaptacionAguaSuperPT,PROYECTO,-1,-1;NUM_ACT_AD "NUM_ACT_AD" true true false 20 Text 0 0 ,First,#,D:\ngonzalez\Desktop\Skydrive\SkyDrive Pro\MODELO DATOS\FINALES\GDB_ANLA_MCB.gdb\T_15_HIDROLOGIA\CaptacionAguaSuperPT,NUM_ACT_AD,-1,-1;FEC_ACT_AD "FEC_ACT_AD" true true false 8 Date 0 0 ,First,#,D:\ngonzalez\Desktop\Skydrive\SkyDrive Pro\MODELO DATOS\FINALES\GDB_ANLA_MCB.gdb\T_15_HIDROLOGIA\CaptacionAguaSuperPT,FEC_ACT_AD,-1,-1;ART_ACT_AD "ART_ACT_AD" true true false 50 Text 0 0 ,First,#,D:\ngonzalez\Desktop\Skydrive\SkyDrive Pro\MODELO DATOS\FINALES\GDB_ANLA_MCB.gdb\T_15_HIDROLOGIA\CaptacionAguaSuperPT,ART_ACT_AD,-1,-1;NOM_PREDIO "NOM_PREDIO" true true false 100 Text 0 0 ,First,#,D:\ngonzalez\Desktop\Skydrive\SkyDrive Pro\MODELO DATOS\FINALES\GDB_ANLA_MCB.gdb\T_15_HIDROLOGIA\CaptacionAguaSuperPT,NOM_PREDIO,-1,-1;ID_PREDIO "ID_PREDIO" true true false 30 Text 0 0 ,First,#,D:\ngonzalez\Desktop\Skydrive\SkyDrive Pro\MODELO DATOS\FINALES\GDB_ANLA_MCB.gdb\T_15_HIDROLOGIA\CaptacionAguaSuperPT,ID_PREDIO,-1,-1;MAT_CATAST "MAT_CATAST" true true false 30 Text 0 0 ,First,#,D:\ngonzalez\Desktop\Skydrive\SkyDrive Pro\MODELO DATOS\FINALES\GDB_ANLA_MCB.gdb\T_15_HIDROLOGIA\CaptacionAguaSuperPT,MAT_CATAST,-1,-1;NOM_PROPIE "NOM_PROPIE" true true false 100 Text 0 0 ,First,#,D:\ngonzalez\Desktop\Skydrive\SkyDrive Pro\MODELO DATOS\FINALES\GDB_ANLA_MCB.gdb\T_15_HIDROLOGIA\CaptacionAguaSuperPT,NOM_PROPIE,-1,-1;VEREDA "VEREDA" true true false 100 Text 0 0 ,First,#,D:\ngonzalez\Desktop\Skydrive\SkyDrive Pro\MODELO DATOS\FINALES\GDB_ANLA_MCB.gdb\T_15_HIDROLOGIA\CaptacionAguaSuperPT,VEREDA,-1,-1;MUNICIPIO "MUNICIPIO" true true false 5 Text 0 0 ,First,#,D:\ngonzalez\Desktop\Skydrive\SkyDrive Pro\MODELO DATOS\FINALES\GDB_ANLA_MCB.gdb\T_15_HIDROLOGIA\CaptacionAguaSuperPT,MUNICIPIO,-1,-1;DEPTO "DEPTO" true true false 2 Text 0 0 ,First,#,D:\ngonzalez\Desktop\Skydrive\SkyDrive Pro\MODELO DATOS\FINALES\GDB_ANLA_MCB.gdb\T_15_HIDROLOGIA\CaptacionAguaSuperPT,DEPTO,-1,-1;CAR "CAR" true true false 8 Double 0 0 ,First,#,D:\ngonzalez\Desktop\Skydrive\SkyDrive Pro\MODELO DATOS\FINALES\GDB_ANLA_MCB.gdb\T_15_HIDROLOGIA\CaptacionAguaSuperPT,CAR,-1,-1;NOMBRE "NOMBRE" true true false 100 Text 0 0 ,First,#,D:\ngonzalez\Desktop\Skydrive\SkyDrive Pro\MODELO DATOS\FINALES\GDB_ANLA_MCB.gdb\T_15_HIDROLOGIA\CaptacionAguaSuperPT,NOMBRE,-1,-1;ID_CAPT_PT "ID_CAPT_PT" true true false 10 Text 0 0 ,First,#,D:\ngonzalez\Desktop\Skydrive\SkyDrive Pro\MODELO DATOS\FINALES\GDB_ANLA_MCB.gdb\T_15_HIDROLOGIA\CaptacionAguaSuperPT,ID_CAPT_PT,-1,-1;TIP_FU_SUP "TIP_FU_SUP" true true false 8 Double 0 0 ,First,#,D:\ngonzalez\Desktop\Skydrive\SkyDrive Pro\MODELO DATOS\FINALES\GDB_ANLA_MCB.gdb\T_15_HIDROLOGIA\CaptacionAguaSuperPT,TIP_FU_SUP,-1,-1;NOM_C_AG "NOM_C_AG" true true false 100 Text 0 0 ,First,#,D:\ngonzalez\Desktop\Skydrive\SkyDrive Pro\MODELO DATOS\FINALES\GDB_ANLA_MCB.gdb\T_15_HIDROLOGIA\CaptacionAguaSuperPT,NOM_C_AG,-1,-1;T_CAUDAL "T_CAUDAL" true true false 8 Double 0 0 ,First,#,D:\ngonzalez\Desktop\Skydrive\SkyDrive Pro\MODELO DATOS\FINALES\GDB_ANLA_MCB.gdb\T_15_HIDROLOGIA\CaptacionAguaSuperPT,T_CAUDAL,-1,-1;OF_HID_TOT "OF_HID_TOT
" true true false 8 Double 0 0 ,First,#,D:\ngonzalez\Desktop\Skydrive\SkyDrive Pro\MODELO DATOS\FINALES\GDB_ANLA_MCB.gdb\T_15_HIDROLOGIA\CaptacionAguaSuperPT,OF_HID_TOT,-1,-1;OF_HID_DIS "OF_HID_DIS
" true true false 8 Double 0 0 ,First,#,D:\ngonzalez\Desktop\Skydrive\SkyDrive Pro\MODELO DATOS\FINALES\GDB_ANLA_MCB.gdb\T_15_HIDROLOGIA\CaptacionAguaSuperPT,OF_HID_DIS,-1,-1;CAUD_AMB "CAUD_AMB" true true false 8 Double 0 0 ,First,#,D:\ngonzalez\Desktop\Skydrive\SkyDrive Pro\MODELO DATOS\FINALES\GDB_ANLA_MCB.gdb\T_15_HIDROLOGIA\CaptacionAguaSuperPT,CAUD_AMB,-1,-1;SITIO "SITIO" true true false 100 Text 0 0 ,First,#,D:\ngonzalez\Desktop\Skydrive\SkyDrive Pro\MODELO DATOS\FINALES\GDB_ANLA_MCB.gdb\T_15_HIDROLOGIA\CaptacionAguaSuperPT,SITIO,-1,-1;MET_EXPLOT "MET_EXPLOT" true true false 8 Double 0 0 ,First,#,D:\ngonzalez\Desktop\Skydrive\SkyDrive Pro\MODELO DATOS\FINALES\GDB_ANLA_MCB.gdb\T_15_HIDROLOGIA\CaptacionAguaSuperPT,MET_EXPLOT,-1,-1;CAP_BOMB "CAP_BOMB" true true false 8 Double 0 0 ,First,#,D:\ngonzalez\Desktop\Skydrive\SkyDrive Pro\MODELO DATOS\FINALES\GDB_ANLA_MCB.gdb\T_15_HIDROLOGIA\CaptacionAguaSuperPT,CAP_BOMB,-1,-1;SIST_ABAST "SIST_ABAST" true true false 255 Text 0 0 ,First,#,D:\ngonzalez\Desktop\Skydrive\SkyDrive Pro\MODELO DATOS\FINALES\GDB_ANLA_MCB.gdb\T_15_HIDROLOGIA\CaptacionAguaSuperPT,SIST_ABAST,-1,-1;MEDICION "MEDICION" true true false 50 Text 0 0 ,First,#,D:\ngonzalez\Desktop\Skydrive\SkyDrive Pro\MODELO DATOS\FINALES\GDB_ANLA_MCB.gdb\T_15_HIDROLOGIA\CaptacionAguaSuperPT,MEDICION,-1,-1;DIAMETR_IN "DIAMETRO_in" true true false 8 Double 0 0 ,First,#,D:\ngonzalez\Desktop\Skydrive\SkyDrive Pro\MODELO DATOS\FINALES\GDB_ANLA_MCB.gdb\T_15_HIDROLOGIA\CaptacionAguaSuperPT,DIAMETR_IN,-1,-1;ANCHO_M "ANCHO_m" true true false 8 Double 0 0 ,First,#,D:\ngonzalez\Desktop\Skydrive\SkyDrive Pro\MODELO DATOS\FINALES\GDB_ANLA_MCB.gdb\T_15_HIDROLOGIA\CaptacionAguaSuperPT,ANCHO_M,-1,-1;PROFUND_M "PROFUND_m" true true false 8 Double 0 0 ,First,#,D:\ngonzalez\Desktop\Skydrive\SkyDrive Pro\MODELO DATOS\FINALES\GDB_ANLA_MCB.gdb\T_15_HIDROLOGIA\CaptacionAguaSuperPT,PROFUND_M,-1,-1;HORAS_DIA "HORAS_DIA" true true false 8 Double 0 0 ,First,#,D:\ngonzalez\Desktop\Skydrive\SkyDrive Pro\MODELO DATOS\FINALES\GDB_ANLA_MCB.gdb\T_15_HIDROLOGIA\CaptacionAguaSuperPT,HORAS_DIA,-1,-1;DIAS_MES "DIAS_MES" true true false 8 Double 0 0 ,First,#,D:\ngonzalez\Desktop\Skydrive\SkyDrive Pro\MODELO DATOS\FINALES\GDB_ANLA_MCB.gdb\T_15_HIDROLOGIA\CaptacionAguaSuperPT,DIAS_MES,-1,-1;MES_ANO "MES_AÑO" true true false 8 Double 0 0 ,First,#,D:\ngonzalez\Desktop\Skydrive\SkyDrive Pro\MODELO DATOS\FINALES\GDB_ANLA_MCB.gdb\T_15_HIDROLOGIA\CaptacionAguaSuperPT,MES_ANO,-1,-1;U_APROV_1 "U_APROV_1" true true false 8 Double 0 0 ,First,#,D:\ngonzalez\Desktop\Skydrive\SkyDrive Pro\MODELO DATOS\FINALES\GDB_ANLA_MCB.gdb\T_15_HIDROLOGIA\CaptacionAguaSuperPT,U_APROV_1,-1,-1;U_APROV_2 "U_APROV_2" true true false 8 Double 0 0 ,First,#,D:\ngonzalez\Desktop\Skydrive\SkyDrive Pro\MODELO DATOS\FINALES\GDB_ANLA_MCB.gdb\T_15_HIDROLOGIA\CaptacionAguaSuperPT,U_APROV_2,-1,-1;U_APROV_3 "U_APROV_3" true true false 8 Double 0 0 ,First,#,D:\ngonzalez\Desktop\Skydrive\SkyDrive Pro\MODELO DATOS\FINALES\GDB_ANLA_MCB.gdb\T_15_HIDROLOGIA\CaptacionAguaSuperPT,U_APROV_3,-1,-1;U_APROV_4 "U_APROV_4" true true false 8 Double 0 0 ,First,#,D:\ngonzalez\Desktop\Skydrive\SkyDrive Pro\MODELO DATOS\FINALES\GDB_ANLA_MCB.gdb\T_15_HIDROLOGIA\CaptacionAguaSuperPT,U_APROV_4,-1,-1;D_U_APR_1 "D_U_APR_1" true true false 8 Double 0 0 ,First,#,D:\ngonzalez\Desktop\Skydrive\SkyDrive Pro\MODELO DATOS\FINALES\GDB_ANLA_MCB.gdb\T_15_HIDROLOGIA\CaptacionAguaSuperPT,D_U_APR_1,-1,-1;D_U_APR_2 "D_U_APR_2" true true false 8 Double 0 0 ,First,#,D:\ngonzalez\Desktop\Skydrive\SkyDrive Pro\MODELO DATOS\FINALES\GDB_ANLA_MCB.gdb\T_15_HIDROLOGIA\CaptacionAguaSuperPT,D_U_APR_2,-1,-1;D_U_APR_3 "D_U_APR_3" true true false 8 Double 0 0 ,First,#,D:\ngonzalez\Desktop\Skydrive\SkyDrive Pro\MODELO DATOS\FINALES\GDB_ANLA_MCB.gdb\T_15_HIDROLOGIA\CaptacionAguaSuperPT,D_U_APR_3,-1,-1;D_U_APR_4 "D_U_APR_4" true true false 8 Double 0 0 ,First,#,D:\ngonzalez\Desktop\Skydrive\SkyDrive Pro\MODELO DATOS\FINALES\GDB_ANLA_MCB.gdb\T_15_HIDROLOGIA\CaptacionAguaSuperPT,D_U_APR_4,-1,-1;D_USO_TOT "D_USO_TOT" true true false 8 Double 0 0 ,First,#,D:\ngonzalez\Desktop\Skydrive\SkyDrive Pro\MODELO DATOS\FINALES\GDB_ANLA_MCB.gdb\T_15_HIDROLOGIA\CaptacionAguaSuperPT,D_USO_TOT,-1,-1;AH "AH" true true false 1 Text 0 0 ,First,#,D:\ngonzalez\Desktop\Skydrive\SkyDrive Pro\MODELO DATOS\FINALES\GDB_ANLA_MCB.gdb\T_15_HIDROLOGIA\CaptacionAguaSuperPT,AH,-1,-1;ZH "ZH" true true false 2 Text 0 0 ,First,#,D:\ngonzalez\Desktop\Skydrive\SkyDrive Pro\MODELO DATOS\FINALES\GDB_ANLA_MCB.gdb\T_15_HIDROLOGIA\CaptacionAguaSuperPT,ZH,-1,-1;SZH "SZH" true true false 4 Text 0 0 ,First,#,D:\ngonzalez\Desktop\Skydrive\SkyDrive Pro\MODELO DATOS\FINALES\GDB_ANLA_MCB.gdb\T_15_HIDROLOGIA\CaptacionAguaSuperPT,SZH,-1,-1;N_NV_SUB "N_NV_SUB" true true false 100 Text 0 0 ,First,#,D:\ngonzalez\Desktop\Skydrive\SkyDrive Pro\MODELO DATOS\FINALES\GDB_ANLA_MCB.gdb\T_15_HIDROLOGIA\CaptacionAguaSuperPT,N_NV_SUB,-1,-1;C_NV_SUB "C_NV_SUB" true true false 7 Text 0 0 ,First,#,D:\ngonzalez\Desktop\Skydrive\SkyDrive Pro\MODELO DATOS\FINALES\GDB_ANLA_MCB.gdb\T_15_HIDROLOGIA\CaptacionAguaSuperPT,C_NV_SUB,-1,-1;N_MIC_CUE "N_MIC_CUE" true true false 100 Text 0 0 ,First,#,D:\ngonzalez\Desktop\Skydrive\SkyDrive Pro\MODELO DATOS\FINALES\GDB_ANLA_MCB.gdb\T_15_HIDROLOGIA\CaptacionAguaSuperPT,N_MIC_CUE,-1,-1;C_MIC_CUE "C_MIC_CUE" true true false 10 Text 0 0 ,First,#,D:\ngonzalez\Desktop\Skydrive\SkyDrive Pro\MODELO DATOS\FINALES\GDB_ANLA_MCB.gdb\T_15_HIDROLOGIA\CaptacionAguaSuperPT,C_MIC_CUE,-1,-1;OBSERV "OBSERV" true true false 255 Text 0 0 ,First,#,D:\ngonzalez\Desktop\Skydrive\SkyDrive Pro\MODELO DATOS\FINALES\GDB_ANLA_MCB.gdb\T_15_HIDROLOGIA\CaptacionAguaSuperPT,OBSERV,-1,-1;COTA "COTA" true true false 8 Double 0 0 ,First,#,D:\ngonzalez\Desktop\Skydrive\SkyDrive Pro\MODELO DATOS\FINALES\GDB_ANLA_MCB.gdb\T_15_HIDROLOGIA\CaptacionAguaSuperPT,COTA,-1,-1;COOR_ESTE "COOR_ESTE" true true false 8 Double 0 0 ,First,#,D:\ngonzalez\Desktop\Skydrive\SkyDrive Pro\MODELO DATOS\FINALES\GDB_ANLA_MCB.gdb\T_15_HIDROLOGIA\CaptacionAguaSuperPT,COOR_ESTE,-1,-1;COOR_NORTE "COOR_NORTE" true true false 8 Double 0 0 ,First,#,D:\ngonzalez\Desktop\Skydrive\SkyDrive Pro\MODELO DATOS\FINALES\GDB_ANLA_MCB.gdb\T_15_HIDROLOGIA\CaptacionAguaSuperPT,COOR_NORTE,-1,-1" #</Process><Process ToolSource="c:\program files (x86)\arcgis\desktop10.4\ArcToolbox\Toolboxes\Data Management Tools.tbx\Rename" Date="20160721" Time="152428">Rename "D:\ngonzalez\Desktop\Skydrive\SkyDrive Pro\MODELO DATOS\FINALES\GDB_ANLA_MCB.gdb\T_15_HIDROLOGIA\CaptacionAguaSuperPT0" "D:\ngonzalez\Desktop\Skydrive\SkyDrive Pro\MODELO DATOS\FINALES\GDB_ANLA_MCB.gdb\T_15_HIDROLOGIA\CaptacionAguaSuperPT" FeatureClass</Process><Process ToolSource="c:\program files (x86)\arcgis\desktop10.5\ArcToolbox\Toolboxes\Data Management Tools.tbx\AlterField" Date="20181129" Time="170115">AlterField D:\fpena\Desktop\TMP\MAGNA_Origen_Bogota\GDB\BD_ANLA_3116.gdb\CaptacionAguaSuperPT DIAMETR_IN # # DOUBLE 8 NULLABLE true</Process><Process ToolSource="c:\program files (x86)\arcgis\desktop10.5\ArcToolbox\Toolboxes\Data Management Tools.tbx\AlterField" Date="20181129" Time="170118">AlterField D:\fpena\Desktop\TMP\MAGNA_Origen_Bogota\GDB\BD_ANLA_3116.gdb\CaptacionAguaSuperPT ANCHO_M # # DOUBLE 8 NULLABLE true</Process><Process ToolSource="c:\program files (x86)\arcgis\desktop10.5\ArcToolbox\Toolboxes\Data Management Tools.tbx\AlterField" Date="20181129" Time="170121">AlterField D:\fpena\Desktop\TMP\MAGNA_Origen_Bogota\GDB\BD_ANLA_3116.gdb\CaptacionAguaSuperPT PROFUND_M # # DOUBLE 8 NULLABLE true</Process><Process ToolSource="c:\program files (x86)\arcgis\desktop10.5\ArcToolbox\Toolboxes\Data Management Tools.tbx\AlterField" Date="20181129" Time="170124">AlterField D:\fpena\Desktop\TMP\MAGNA_Origen_Bogota\GDB\BD_ANLA_3116.gdb\CaptacionAguaSuperPT MES_ANO # # DOUBLE 8 NULLABLE true</Process><Process ToolSource="c:\program files (x86)\arcgis\desktop10.8\ArcToolbox\Toolboxes\Data Management Tools.tbx\CopyFeatures" Date="20200702" Time="192617">CopyFeatures C:\Users\Faderico\Desktop\MAGNA_Unico\BD_ANLA_MAGNA_UNICO.gdb\CaptacionAguaSuperPT C:\Users\Faderico\Desktop\MAGNA_Unico\BD_ANLA_MAGNA_UNICO\T_15_HIDROLOGIA\CaptacionAguaSuperPT.shp # 0 0 0</Process></lineage><itemProps><itemName Sync="TRUE">CaptacionAguaSuperPT</itemName><imsContentType Sync="TRUE">002</imsContentType><nativeExtBox><westBL Sync="TRUE">1016724.486900</westBL><eastBL Sync="TRUE">1107741.335600</eastBL><southBL Sync="TRUE">823073.080600</southBL><northBL Sync="TRUE">955894.179600</northBL><exTypeCode Sync="TRUE">1</exTypeCode></nativeExtBox><relatedItems><item><itemName/></item><item><itemName/></item><item><itemName/></item></relatedItems><itemLocation><linkage Sync="TRUE">file://\\FADERICO-PC\C$\Users\Faderico\Desktop\MAGNA_Unico\BD_ANLA_MAGNA_UNICO\T_15_HIDROLOGIA\CaptacionAguaSuperPT.shp</linkage><protocol Sync="TRUE">Local Area Network</protocol></itemLocation><itemSize Sync="TRUE">0.000</itemSize></itemProps><coordRef><type Sync="TRUE">Projected</type><geogcsn Sync="TRUE">GCS_MAGNA</geogcsn><csUnits Sync="TRUE">Linear Unit: Meter (1.000000)</csUnits><projcsn Sync="TRUE">MAGNA_Colombia_CTM12</projcsn><peXml Sync="TRUE">&lt;ProjectedCoordinateSystem xsi:type='typens:ProjectedCoordinateSystem' xmlns:xsi='http://www.w3.org/2001/XMLSchema-instance' xmlns:xs='http://www.w3.org/2001/XMLSchema' xmlns:typens='http://www.esri.com/schemas/ArcGIS/10.7'&gt;&lt;WKT&gt;PROJCS[&amp;quot;MAGNA_Colombia_CTM12&amp;quot;,GEOGCS[&amp;quot;GCS_MAGNA&amp;quot;,DATUM[&amp;quot;D_MAGNA&amp;quot;,SPHEROID[&amp;quot;GRS_1980&amp;quot;,6378137.0,298.257222101]],PRIMEM[&amp;quot;Greenwich&amp;quot;,0.0],UNIT[&amp;quot;Degree&amp;quot;,0.0174532925199433]],PROJECTION[&amp;quot;Transverse_Mercator&amp;quot;],PARAMETER[&amp;quot;False_Easting&amp;quot;,5000000.0],PARAMETER[&amp;quot;False_Northing&amp;quot;,2000000.0],PARAMETER[&amp;quot;Central_Meridian&amp;quot;,-73.0],PARAMETER[&amp;quot;Scale_Factor&amp;quot;,0.9992],PARAMETER[&amp;quot;Latitude_Of_Origin&amp;quot;,4.0],UNIT[&amp;quot;Meter&amp;quot;,1.0]]&lt;/WKT&gt;&lt;XOrigin&gt;-618700&lt;/XOrigin&gt;&lt;YOrigin&gt;-8436100&lt;/YOrigin&gt;&lt;XYScale&gt;450623577.52990448&lt;/XYScale&gt;&lt;ZOrigin&gt;-100000&lt;/ZOrigin&gt;&lt;ZScale&gt;10000&lt;/ZScale&gt;&lt;MOrigin&gt;-100000&lt;/MOrigin&gt;&lt;MScale&gt;10000&lt;/MScale&gt;&lt;XYTolerance&gt;0.001&lt;/XYTolerance&gt;&lt;ZTolerance&gt;0.001&lt;/ZTolerance&gt;&lt;MTolerance&gt;0.001&lt;/MTolerance&gt;&lt;HighPrecision&gt;true&lt;/HighPrecision&gt;&lt;/ProjectedCoordinateSystem&gt;</peXml></coordRef></DataProperties><SyncDate>20200702</SyncDate><SyncTime>19261700</SyncTime><ModDate>20200702</ModDate><ModTime>19261700</ModTime></Esri><dataIdInfo><envirDesc Sync="TRUE"> Version 6.2 (Build 9200) ; Esri ArcGIS 10.8.0.12790</envirDesc><dataLang><languageCode value="spa" Sync="TRUE"/><countryCode value="COL" Sync="TRUE"/></dataLang><idCitation><resTitle Sync="TRUE">CaptacionAguaSuperPT</resTitle><presForm><PresFormCd value="005" Sync="TRUE"/></presForm></idCitation><spatRpType><SpatRepTypCd value="001" Sync="TRUE"/></spatRpType><dataExt><geoEle><GeoBndBox esriExtentType="search"><exTypeCode Sync="TRUE">1</exTypeCode><westBL Sync="TRUE">-73.927065</westBL><eastBL Sync="TRUE">-73.107112</eastBL><northBL Sync="TRUE">4.197330</northBL><southBL Sync="TRUE">2.995768</southBL></GeoBndBox></geoEle></dataExt></dataIdInfo><mdLang><languageCode value="spa" Sync="TRUE"/><countryCode value="COL" Sync="TRUE"/></mdLang><mdChar><CharSetCd value="004" Sync="TRUE"/></mdChar><distInfo><distFormat><formatName Sync="TRUE">Shapefile</formatName></distFormat><distTranOps><transSize Sync="TRUE">0.000</transSize></distTranOps></distInfo><mdHrLv><ScopeCd value="005" Sync="TRUE"/></mdHrLv><mdHrLvName Sync="TRUE">dataset</mdHrLvName><refSysInfo><RefSystem><refSysID><identCode code="0" Sync="TRUE"/><idCodeSpace Sync="TRUE">EPSG</idCodeSpace><idVersion Sync="TRUE">8.6(9.2.0)</idVersion></refSysID></RefSystem></refSysInfo><spatRepInfo><VectSpatRep><geometObjs Name="CaptacionAguaSuperPT"><geoObjTyp><GeoObjTypCd value="004" Sync="TRUE"></GeoObjTypCd></geoObjTyp><geoObjCnt Sync="TRUE">0</geoObjCnt></geometObjs><topLvl><TopoLevCd value="001" Sync="TRUE"></TopoLevCd></topLvl></VectSpatRep></spatRepInfo><spdoinfo><ptvctinf><esriterm Name="CaptacionAguaSuperPT"><efeatyp Sync="TRUE">Simple</efeatyp><efeageom code="1" Sync="TRUE"></efeageom><esritopo Sync="TRUE">FALSE</esritopo><efeacnt Sync="TRUE">0</efeacnt><spindex Sync="TRUE">FALSE</spindex><linrefer Sync="TRUE">FALSE</linrefer></esriterm></ptvctinf></spdoinfo><eainfo><detailed Name="CaptacionAguaSuperPT"><enttyp><enttypl Sync="TRUE">CaptacionAguaSuperPT</enttypl><enttypt Sync="TRUE">Feature Class</enttypt><enttypc Sync="TRUE">0</enttypc></enttyp><attr><attrlabl Sync="TRUE">FID</attrlabl><attalias Sync="TRUE">FID</attalias><attrtype Sync="TRUE">OID</attrtype><attwidth Sync="TRUE">4</attwidth><atprecis Sync="TRUE">0</atprecis><attscale Sync="TRUE">0</attscale><attrdef Sync="TRUE">Internal feature number.</attrdef><attrdefs Sync="TRUE">Esri</attrdefs><attrdomv><udom Sync="TRUE">Sequential unique whole numbers that are automatically generated.</udom></attrdomv></attr><attr><attrlabl Sync="TRUE">EXPEDIENTE</attrlabl><attalias Sync="TRUE">EXPEDIENTE</attalias><attrtype Sync="TRUE">String</attrtype><attwidth Sync="TRUE">20</attwidth><atprecis Sync="TRUE">0</atprecis><attscale Sync="TRUE">0</attscale></attr><attr><attrlabl Sync="TRUE">OPERADOR</attrlabl><attalias Sync="TRUE">OPERADOR</attalias><attrtype Sync="TRUE">String</attrtype><attwidth Sync="TRUE">100</attwidth><atprecis Sync="TRUE">0</atprecis><attscale Sync="TRUE">0</attscale></attr><attr><attrlabl Sync="TRUE">PROYECTO</attrlabl><attalias Sync="TRUE">PROYECTO</attalias><attrtype Sync="TRUE">String</attrtype><attwidth Sync="TRUE">200</attwidth><atprecis Sync="TRUE">0</atprecis><attscale Sync="TRUE">0</attscale></attr><attr><attrlabl Sync="TRUE">NUM_ACT_AD</attrlabl><attalias Sync="TRUE">NUM_ACT_AD</attalias><attrtype Sync="TRUE">String</attrtype><attwidth Sync="TRUE">20</attwidth><atprecis Sync="TRUE">0</atprecis><attscale Sync="TRUE">0</attscale></attr><attr><attrlabl Sync="TRUE">FEC_ACT_AD</attrlabl><attalias Sync="TRUE">FEC_ACT_AD</attalias><attrtype Sync="TRUE">Date</attrtype><attwidth Sync="TRUE">8</attwidth><atprecis Sync="TRUE">0</atprecis><attscale Sync="TRUE">0</attscale></attr><attr><attrlabl Sync="TRUE">ART_ACT_AD</attrlabl><attalias Sync="TRUE">ART_ACT_AD</attalias><attrtype Sync="TRUE">String</attrtype><attwidth Sync="TRUE">50</attwidth><atprecis Sync="TRUE">0</atprecis><attscale Sync="TRUE">0</attscale></attr><attr><attrlabl Sync="TRUE">NOM_PREDIO</attrlabl><attalias Sync="TRUE">NOM_PREDIO</attalias><attrtype Sync="TRUE">String</attrtype><attwidth Sync="TRUE">100</attwidth><atprecis Sync="TRUE">0</atprecis><attscale Sync="TRUE">0</attscale></attr><attr><attrlabl Sync="TRUE">ID_PREDIO</attrlabl><attalias Sync="TRUE">ID_PREDIO</attalias><attrtype Sync="TRUE">String</attrtype><attwidth Sync="TRUE">30</attwidth><atprecis Sync="TRUE">0</atprecis><attscale Sync="TRUE">0</attscale></attr><attr><attrlabl Sync="TRUE">NOM_PROPIE</attrlabl><attalias Sync="TRUE">NOM_PROPIE</attalias><attrtype Sync="TRUE">String</attrtype><attwidth Sync="TRUE">100</attwidth><atprecis Sync="TRUE">0</atprecis><attscale Sync="TRUE">0</attscale></attr><attr><attrlabl Sync="TRUE">MAT_INMOB</attrlabl><attalias Sync="TRUE">MAT_INMOB</attalias><attrtype Sync="TRUE">String</attrtype><attwidth Sync="TRUE">30</attwidth><atprecis Sync="TRUE">0</atprecis><attscale Sync="TRUE">0</attscale></attr><attr><attrlabl Sync="TRUE">VEREDA</attrlabl><attalias Sync="TRUE">VEREDA</attalias><attrtype Sync="TRUE">String</attrtype><attwidth Sync="TRUE">100</attwidth><atprecis Sync="TRUE">0</atprecis><attscale Sync="TRUE">0</attscale></attr><attr><attrlabl Sync="TRUE">MUNICIPIO</attrlabl><attalias Sync="TRUE">MUNICIPIO</attalias><attrtype Sync="TRUE">String</attrtype><attwidth Sync="TRUE">5</attwidth><atprecis Sync="TRUE">0</atprecis><attscale Sync="TRUE">0</attscale></attr><attr><attrlabl Sync="TRUE">DEPTO</attrlabl><attalias Sync="TRUE">DEPTO</attalias><attrtype Sync="TRUE">String</attrtype><attwidth Sync="TRUE">2</attwidth><atprecis Sync="TRUE">0</atprecis><attscale Sync="TRUE">0</attscale></attr><attr><attrlabl Sync="TRUE">CAR</attrlabl><attalias Sync="TRUE">CAR</attalias><attrtype Sync="TRUE">Double</attrtype><attwidth Sync="TRUE">19</attwidth><atprecis Sync="TRUE">0</atprecis><attscale Sync="TRUE">0</attscale></attr><attr><attrlabl Sync="TRUE">NOMBRE</attrlabl><attalias Sync="TRUE">NOMBRE</attalias><attrtype Sync="TRUE">String</attrtype><attwidth Sync="TRUE">100</attwidth><atprecis Sync="TRUE">0</atprecis><attscale Sync="TRUE">0</attscale></attr><attr><attrlabl Sync="TRUE">ID_CAPT_PT</attrlabl><attalias Sync="TRUE">ID_CAPT_PT</attalias><attrtype Sync="TRUE">String</attrtype><attwidth Sync="TRUE">10</attwidth><atprecis Sync="TRUE">0</atprecis><attscale Sync="TRUE">0</attscale></attr><attr><attrlabl Sync="TRUE">TIP_FU_SUP</attrlabl><attalias Sync="TRUE">TIP_FU_SUP</attalias><attrtype Sync="TRUE">Double</attrtype><attwidth Sync="TRUE">19</attwidth><atprecis Sync="TRUE">0</atprecis><attscale Sync="TRUE">0</attscale></attr><attr><attrlabl Sync="TRUE">NOM_C_AG</attrlabl><attalias Sync="TRUE">NOM_C_AG</attalias><attrtype Sync="TRUE">String</attrtype><attwidth Sync="TRUE">100</attwidth><atprecis Sync="TRUE">0</atprecis><attscale Sync="TRUE">0</attscale></attr><attr><attrlabl Sync="TRUE">T_CAUDAL</attrlabl><attalias Sync="TRUE">T_CAUDAL</attalias><attrtype Sync="TRUE">Double</attrtype><attwidth Sync="TRUE">19</attwidth><atprecis Sync="TRUE">0</atprecis><attscale Sync="TRUE">0</attscale></attr><attr><attrlabl Sync="TRUE">SITIO</attrlabl><attalias Sync="TRUE">SITIO</attalias><attrtype Sync="TRUE">String</attrtype><attwidth Sync="TRUE">100</attwidth><atprecis Sync="TRUE">0</atprecis><attscale Sync="TRUE">0</attscale></attr><attr><attrlabl Sync="TRUE">OF_H_T_CAP</attrlabl><attalias Sync="TRUE">OF_H_T_CAP</attalias><attrtype Sync="TRUE">Double</attrtype><attwidth Sync="TRUE">19</attwidth><atprecis Sync="TRUE">0</atprecis><attscale Sync="TRUE">0</attscale></attr><attr><attrlabl Sync="TRUE">OF_H_D_CAP</attrlabl><attalias Sync="TRUE">OF_H_D_CAP</attalias><attrtype Sync="TRUE">Double</attrtype><attwidth Sync="TRUE">19</attwidth><atprecis Sync="TRUE">0</atprecis><attscale Sync="TRUE">0</attscale></attr><attr><attrlabl Sync="TRUE">MET_EXPLOT</attrlabl><attalias Sync="TRUE">MET_EXPLOT</attalias><attrtype Sync="TRUE">Double</attrtype><attwidth Sync="TRUE">19</attwidth><atprecis Sync="TRUE">0</atprecis><attscale Sync="TRUE">0</attscale></attr><attr><attrlabl Sync="TRUE">CAP_BOMB</attrlabl><attalias Sync="TRUE">CAP_BOMB</attalias><attrtype Sync="TRUE">Double</attrtype><attwidth Sync="TRUE">19</attwidth><atprecis Sync="TRUE">0</atprecis><attscale Sync="TRUE">0</attscale></attr><attr><attrlabl Sync="TRUE">CAUD_AMB</attrlabl><attalias Sync="TRUE">CAUD_AMB</attalias><attrtype Sync="TRUE">Double</attrtype><attwidth Sync="TRUE">19</attwidth><atprecis Sync="TRUE">0</atprecis><attscale Sync="TRUE">0</attscale></attr><attr><attrlabl Sync="TRUE">SIST_ABAST</attrlabl><attalias Sync="TRUE">SIST_ABAST</attalias><attrtype Sync="TRUE">String</attrtype><attwidth Sync="TRUE">254</attwidth><atprecis Sync="TRUE">0</atprecis><attscale Sync="TRUE">0</attscale></attr><attr><attrlabl Sync="TRUE">ANCHO_M</attrlabl><attalias Sync="TRUE">ANCHO_M</attalias><attrtype Sync="TRUE">Double</attrtype><attwidth Sync="TRUE">19</attwidth><atprecis Sync="TRUE">0</atprecis><attscale Sync="TRUE">0</attscale></attr><attr><attrlabl Sync="TRUE">PROFUND_M</attrlabl><attalias Sync="TRUE">PROFUND_M</attalias><attrtype Sync="TRUE">Double</attrtype><attwidth Sync="TRUE">19</attwidth><atprecis Sync="TRUE">0</atprecis><attscale Sync="TRUE">0</attscale></attr><attr><attrlabl Sync="TRUE">HORAS_DIA</attrlabl><attalias Sync="TRUE">HORAS_DIA</attalias><attrtype Sync="TRUE">Double</attrtype><attwidth Sync="TRUE">19</attwidth><atprecis Sync="TRUE">0</atprecis><attscale Sync="TRUE">0</attscale></attr><attr><attrlabl Sync="TRUE">MEDICION</attrlabl><attalias Sync="TRUE">MEDICION</attalias><attrtype Sync="TRUE">String</attrtype><attwidth Sync="TRUE">50</attwidth><atprecis Sync="TRUE">0</atprecis><attscale Sync="TRUE">0</attscale></attr><attr><attrlabl Sync="TRUE">DIAMETR_IN</attrlabl><attalias Sync="TRUE">DIAMETR_IN</attalias><attrtype Sync="TRUE">Double</attrtype><attwidth Sync="TRUE">19</attwidth><atprecis Sync="TRUE">0</atprecis><attscale Sync="TRUE">0</attscale></attr><attr><attrlabl Sync="TRUE">DIAS_MES</attrlabl><attalias Sync="TRUE">DIAS_MES</attalias><attrtype Sync="TRUE">Double</attrtype><attwidth Sync="TRUE">19</attwidth><atprecis Sync="TRUE">0</atprecis><attscale Sync="TRUE">0</attscale></attr><attr><attrlabl Sync="TRUE">U_APROV_1</attrlabl><attalias Sync="TRUE">U_APROV_1</attalias><attrtype Sync="TRUE">Double</attrtype><attwidth Sync="TRUE">19</attwidth><atprecis Sync="TRUE">0</atprecis><attscale Sync="TRUE">0</attscale></attr><attr><attrlabl Sync="TRUE">U_APROV_2</attrlabl><attalias Sync="TRUE">U_APROV_2</attalias><attrtype Sync="TRUE">Double</attrtype><attwidth Sync="TRUE">19</attwidth><atprecis Sync="TRUE">0</atprecis><attscale Sync="TRUE">0</attscale></attr><attr><attrlabl Sync="TRUE">U_APROV_3</attrlabl><attalias Sync="TRUE">U_APROV_3</attalias><attrtype Sync="TRUE">Double</attrtype><attwidth Sync="TRUE">19</attwidth><atprecis Sync="TRUE">0</atprecis><attscale Sync="TRUE">0</attscale></attr><attr><attrlabl Sync="TRUE">MES_ANO</attrlabl><attalias Sync="TRUE">MES_ANO</attalias><attrtype Sync="TRUE">Double</attrtype><attwidth Sync="TRUE">19</attwidth><atprecis Sync="TRUE">0</atprecis><attscale Sync="TRUE">0</attscale></attr><attr><attrlabl Sync="TRUE">U_APROV_4</attrlabl><attalias Sync="TRUE">U_APROV_4</attalias><attrtype Sync="TRUE">Double</attrtype><attwidth Sync="TRUE">19</attwidth><atprecis Sync="TRUE">0</atprecis><attscale Sync="TRUE">0</attscale></attr><attr><attrlabl Sync="TRUE">D_U_APR_1</attrlabl><attalias Sync="TRUE">D_U_APR_1</attalias><attrtype Sync="TRUE">Double</attrtype><attwidth Sync="TRUE">19</attwidth><atprecis Sync="TRUE">0</atprecis><attscale Sync="TRUE">0</attscale></attr><attr><attrlabl Sync="TRUE">D_U_APR_2</attrlabl><attalias Sync="TRUE">D_U_APR_2</attalias><attrtype Sync="TRUE">Double</attrtype><attwidth Sync="TRUE">19</attwidth><atprecis Sync="TRUE">0</atprecis><attscale Sync="TRUE">0</attscale></attr><attr><attrlabl Sync="TRUE">D_U_APR_3</attrlabl><attalias Sync="TRUE">D_U_APR_3</attalias><attrtype Sync="TRUE">Double</attrtype><attwidth Sync="TRUE">19</attwidth><atprecis Sync="TRUE">0</atprecis><attscale Sync="TRUE">0</attscale></attr><attr><attrlabl Sync="TRUE">D_U_APR_4</attrlabl><attalias Sync="TRUE">D_U_APR_4</attalias><attrtype Sync="TRUE">Double</attrtype><attwidth Sync="TRUE">19</attwidth><atprecis Sync="TRUE">0</atprecis><attscale Sync="TRUE">0</attscale></attr><attr><attrlabl Sync="TRUE">D_USO_TOT</attrlabl><attalias Sync="TRUE">D_USO_TOT</attalias><attrtype Sync="TRUE">Double</attrtype><attwidth Sync="TRUE">19</attwidth><atprecis Sync="TRUE">0</atprecis><attscale Sync="TRUE">0</attscale></attr><attr><attrlabl Sync="TRUE">AH</attrlabl><attalias Sync="TRUE">AH</attalias><attrtype Sync="TRUE">String</attrtype><attwidth Sync="TRUE">1</attwidth><atprecis Sync="TRUE">0</atprecis><attscale Sync="TRUE">0</attscale></attr><attr><attrlabl Sync="TRUE">ZH</attrlabl><attalias Sync="TRUE">ZH</attalias><attrtype Sync="TRUE">String</attrtype><attwidth Sync="TRUE">2</attwidth><atprecis Sync="TRUE">0</atprecis><attscale Sync="TRUE">0</attscale></attr><attr><attrlabl Sync="TRUE">SZH</attrlabl><attalias Sync="TRUE">SZH</attalias><attrtype Sync="TRUE">String</attrtype><attwidth Sync="TRUE">4</attwidth><atprecis Sync="TRUE">0</atprecis><attscale Sync="TRUE">0</attscale></attr><attr><attrlabl Sync="TRUE">N_NV_SUB</attrlabl><attalias Sync="TRUE">N_NV_SUB</attalias><attrtype Sync="TRUE">String</attrtype><attwidth Sync="TRUE">100</attwidth><atprecis Sync="TRUE">0</atprecis><attscale Sync="TRUE">0</attscale></attr><attr><attrlabl Sync="TRUE">C_NV_SUB</attrlabl><attalias Sync="TRUE">C_NV_SUB</attalias><attrtype Sync="TRUE">String</attrtype><attwidth Sync="TRUE">7</attwidth><atprecis Sync="TRUE">0</atprecis><attscale Sync="TRUE">0</attscale></attr><attr><attrlabl Sync="TRUE">N_MIC_CUE</attrlabl><attalias Sync="TRUE">N_MIC_CUE</attalias><attrtype Sync="TRUE">String</attrtype><attwidth Sync="TRUE">100</attwidth><atprecis Sync="TRUE">0</atprecis><attscale Sync="TRUE">0</attscale></attr><attr><attrlabl Sync="TRUE">C_MIC_CUE</attrlabl><attalias Sync="TRUE">C_MIC_CUE</attalias><attrtype Sync="TRUE">String</attrtype><attwidth Sync="TRUE">10</attwidth><atprecis Sync="TRUE">0</atprecis><attscale Sync="TRUE">0</attscale></attr><attr><attrlabl Sync="TRUE">OBSERV</attrlabl><attalias Sync="TRUE">OBSERV</attalias><attrtype Sync="TRUE">String</attrtype><attwidth Sync="TRUE">254</attwidth><atprecis Sync="TRUE">0</atprecis><attscale Sync="TRUE">0</attscale></attr><attr><attrlabl Sync="TRUE">COTA</attrlabl><attalias Sync="TRUE">COTA</attalias><attrtype Sync="TRUE">Double</attrtype><attwidth Sync="TRUE">19</attwidth><atprecis Sync="TRUE">0</atprecis><attscale Sync="TRUE">0</attscale></attr><attr><attrlabl Sync="TRUE">COOR_ESTE</attrlabl><attalias Sync="TRUE">COOR_ESTE</attalias><attrtype Sync="TRUE">Double</attrtype><attwidth Sync="TRUE">19</attwidth><atprecis Sync="TRUE">0</atprecis><attscale Sync="TRUE">0</attscale></attr><attr><attrlabl Sync="TRUE">COOR_NORTE</attrlabl><attalias Sync="TRUE">COOR_NORTE</attalias><attrtype Sync="TRUE">Double</attrtype><attwidth Sync="TRUE">19</attwidth><atprecis Sync="TRUE">0</atprecis><attscale Sync="TRUE">0</attscale></attr><attr><attrlabl Sync="TRUE">SHAPE</attrlabl><attalias Sync="TRUE">Shape</attalias><attrtype Sync="TRUE">Geometry</attrtype><attwidth Sync="TRUE">0</attwidth><atprecis Sync="TRUE">0</atprecis><attscale Sync="TRUE">0</attscale><attrdef Sync="TRUE">Feature geometry.</attrdef><attrdefs Sync="TRUE">Esri</attrdefs><attrdomv><udom Sync="TRUE">Coordinates defining the features.</udom></attrdomv></attr></detailed></eainfo><mdDateSt Sync="TRUE">20200702</mdDateSt></metadata>
